sale_id,product_id,Price,Quantity,total_amount
1,1,257.31,12.0,3087.72
2,709,233.44,12.0,2801.28
3,815,233.44,12.0,2801.28
4,2,257.31,21.0,5403.51
5,3,257.31,NULL,NULL
6,4,233.44,NULL,NULL
7,175,262.82,NULL,NULL
8,5,226.77,NULL,NULL
9,910,233.44,NULL,NULL
10,6,60.42,27.0,1631.34
11,532,60.42,27.0,1631.34
12,7,225.18,NULL,NULL
13,651,262.82,NULL,NULL
14,8,393.26,NULL,NULL
15,797,393.26,NULL,NULL
16,9,225.18,NULL,NULL
17,777,262.82,NULL,NULL
18,936,262.82,NULL,NULL
19,10,257.31,NULL,NULL
20,954,262.82,NULL,NULL
21,11,233.44,NULL,NULL
22,292,262.82,NULL,NULL
23,12,134.93,NULL,NULL
24,15,134.93,NULL,NULL
25,406,134.93,NULL,NULL
26,13,262.82,81.0,21288.42
27,14,233.44,42.0,9804.48
28,12,233.44,NULL,NULL
29,15,233.44,NULL,NULL
30,406,226.77,NULL,NULL
31,16,225.18,NULL,NULL
32,846,226.77,NULL,NULL
33,17,226.77,4.0,907.08
34,351,225.18,4.0,900.72
35,18,262.82,NULL,NULL
36,413,225.18,NULL,NULL
37,19,225.18,NULL,NULL
38,20,420.46,66.0,27750.36
39,285,420.46,66.0,27750.36
40,21,257.31,NULL,NULL
41,912,257.31,NULL,NULL
42,22,225.18,23.0,5179.14
43,525,225.18,23.0,5179.14
44,23,233.44,75.0,17508.0
45,502,225.18,75.0,16888.5
46,24,262.82,NULL,NULL
47,966,257.31,NULL,NULL
48,992,233.44,NULL,NULL
49,25,257.31,NULL,NULL
50,26,262.82,91.0,23916.62
51,27,233.44,78.0,18208.32
52,106,257.31,78.0,20070.18
53,534,225.18,78.0,17564.04
54,28,226.77,NULL,NULL
55,882,262.82,NULL,NULL
56,29,397.63,63.0,25050.69
57,927,397.63,63.0,25050.69
58,30,233.44,92.0,21476.48
59,940,226.77,92.0,20862.84
60,31,257.31,NULL,NULL
61,32,201.25,NULL,NULL
62,33,262.82,26.0,6833.32
63,146,233.44,26.0,6069.44
64,307,226.77,26.0,5896.02
65,906,257.31,26.0,6690.06
66,920,257.31,26.0,6690.06
67,34,257.31,76.0,19555.56
68,900,233.44,76.0,17741.44
69,35,251.03,NULL,NULL
70,274,251.03,NULL,NULL
71,596,251.03,NULL,NULL
72,36,225.18,NULL,NULL
73,981,226.77,NULL,NULL
74,37,262.82,NULL,NULL
75,179,262.82,NULL,NULL
76,247,262.82,NULL,NULL
77,38,257.31,NULL,NULL
78,39,233.44,NULL,NULL
79,40,225.18,83.0,18689.94
80,726,233.44,83.0,19375.52
81,41,257.31,NULL,NULL
82,42,262.82,NULL,NULL
83,43,262.82,NULL,NULL
84,44,257.31,13.0,3345.03
85,206,262.82,13.0,3416.66
86,45,262.82,NULL,NULL
87,46,257.31,NULL,NULL
88,145,257.31,NULL,NULL
89,47,385.68,NULL,NULL
90,48,225.18,NULL,NULL
91,118,226.77,NULL,NULL
92,620,225.18,NULL,NULL
93,49,226.77,NULL,NULL
94,293,226.77,NULL,NULL
95,570,262.82,NULL,NULL
96,50,262.82,NULL,NULL
97,401,233.44,NULL,NULL
98,51,226.77,NULL,NULL
99,52,233.44,NULL,NULL
100,144,257.31,NULL,NULL
101,400,262.82,NULL,NULL
102,668,225.18,NULL,NULL
103,921,225.18,NULL,NULL
104,53,226.77,NULL,NULL
105,199,262.82,NULL,NULL
106,355,262.82,NULL,NULL
107,54,225.18,69.0,15537.42
108,829,233.44,69.0,16107.36
109,55,233.44,NULL,NULL
110,56,233.44,80.0,18675.2
111,101,257.31,80.0,20584.8
112,169,226.77,80.0,18141.6
113,57,233.44,NULL,NULL
114,252,233.44,NULL,NULL
115,523,262.82,NULL,NULL
116,58,225.18,50.0,11259.0
117,59,233.44,NULL,NULL
118,60,226.77,45.0,10204.65
119,61,226.77,48.0,10884.96
120,62,225.18,NULL,NULL
121,63,226.77,40.0,9070.8
122,64,233.44,NULL,NULL
123,897,225.18,NULL,NULL
124,65,428.48,88.0,37706.24
125,814,428.48,88.0,37706.24
126,986,428.48,88.0,37706.24
127,66,257.31,NULL,NULL
128,215,257.31,NULL,NULL
129,622,233.44,NULL,NULL
130,67,59.31,NULL,NULL
131,521,59.31,NULL,NULL
132,68,257.31,94.0,24187.14
133,211,226.77,94.0,21316.38
134,749,225.18,94.0,21166.92
135,69,226.77,69.0,15647.13
136,70,262.82,NULL,NULL
137,877,226.77,NULL,NULL
138,71,257.31,NULL,NULL
139,72,257.31,NULL,NULL
140,73,225.18,NULL,NULL
141,705,233.44,NULL,NULL
142,74,339.45,NULL,NULL
143,445,339.45,NULL,NULL
144,75,226.77,84.0,19048.68
145,349,262.82,84.0,22076.88
146,885,257.31,84.0,21614.04
147,76,225.18,NULL,NULL
148,916,226.77,NULL,NULL
149,77,296.43,31.0,9189.33
150,78,225.18,NULL,NULL
151,385,233.44,NULL,NULL
152,643,262.82,NULL,NULL
153,79,226.77,NULL,NULL
154,485,262.82,NULL,NULL
155,80,262.82,NULL,NULL
156,81,225.18,60.0,13510.8
157,316,262.82,60.0,15769.2
158,82,226.77,NULL,NULL
159,83,483.11,93.0,44929.23
160,84,225.18,2.0,450.36
161,449,225.18,2.0,450.36
162,612,262.82,2.0,525.64
163,85,226.77,NULL,NULL
164,86,233.44,NULL,NULL
165,87,262.82,89.0,23390.98
166,88,351.48,NULL,NULL
167,89,233.44,NULL,NULL
168,289,233.44,NULL,NULL
169,322,262.82,NULL,NULL
170,90,233.44,67.0,15640.48
171,91,233.44,NULL,NULL
172,160,257.31,NULL,NULL
173,994,226.77,NULL,NULL
174,92,188.09,NULL,NULL
175,98,188.09,NULL,NULL
176,676,188.09,NULL,NULL
177,93,120.48,10.0,1204.8
178,94,226.77,86.0,19502.22
179,95,225.18,47.0,10583.46
180,96,406.22,NULL,NULL
181,97,257.31,NULL,NULL
182,524,257.31,NULL,NULL
183,92,225.18,55.0,12384.9
184,98,226.77,55.0,12472.35
185,676,226.77,55.0,12472.35
186,99,233.44,NULL,NULL
187,100,225.18,16.0,3602.88
188,56,233.44,60.0,14006.4
189,101,257.31,60.0,15438.6
190,169,226.77,60.0,13606.2
191,102,226.77,NULL,NULL
192,103,233.44,50.0,11672.0
193,559,226.77,50.0,11338.5
194,104,296.01,72.0,21312.72
195,295,296.01,72.0,21312.72
196,105,225.18,NULL,NULL
197,193,226.77,NULL,NULL
198,290,262.82,NULL,NULL
199,473,257.31,NULL,NULL
200,27,233.44,NULL,NULL
201,106,257.31,NULL,NULL
202,534,225.18,NULL,NULL
203,107,233.44,NULL,NULL
204,108,262.82,NULL,NULL
205,901,233.44,NULL,NULL
206,109,233.44,NULL,NULL
207,762,226.77,NULL,NULL
208,110,388.34,83.0,32232.22
209,934,388.34,83.0,32232.22
210,111,262.82,12.0,3153.84
211,112,13.64,NULL,NULL
212,113,233.44,NULL,NULL
213,183,233.44,NULL,NULL
214,530,257.31,NULL,NULL
215,835,233.44,NULL,NULL
216,114,225.18,NULL,NULL
217,361,257.31,NULL,NULL
218,115,226.77,NULL,NULL
219,116,257.31,NULL,NULL
220,457,233.44,NULL,NULL
221,117,226.77,NULL,NULL
222,568,225.18,NULL,NULL
223,864,225.18,NULL,NULL
224,48,225.18,NULL,NULL
225,118,226.77,NULL,NULL
226,620,225.18,NULL,NULL
227,119,226.77,70.0,15873.9
228,120,262.82,NULL,NULL
229,121,262.82,NULL,NULL
230,433,233.44,NULL,NULL
231,601,226.77,NULL,NULL
232,122,257.31,26.0,6690.06
233,123,233.44,NULL,NULL
234,982,257.31,NULL,NULL
235,124,257.31,82.0,21099.42
236,125,262.82,NULL,NULL
237,799,257.31,NULL,NULL
238,917,257.31,NULL,NULL
239,126,225.18,NULL,NULL
240,127,182.6,NULL,NULL
241,974,182.6,NULL,NULL
242,128,226.77,NULL,NULL
243,372,226.77,NULL,NULL
244,129,160.0,NULL,NULL
245,644,160.0,NULL,NULL
246,130,225.18,NULL,NULL
247,871,226.77,NULL,NULL
248,131,257.31,90.0,23157.9
249,132,262.82,NULL,NULL
250,133,12.03,NULL,NULL
251,272,12.03,NULL,NULL
252,528,12.03,NULL,NULL
253,134,233.44,NULL,NULL
254,546,225.18,NULL,NULL
255,135,262.82,85.0,22339.7
256,902,257.31,85.0,21871.35
257,136,225.18,NULL,NULL
258,137,226.77,NULL,NULL
259,724,233.44,NULL,NULL
260,138,226.77,NULL,NULL
261,447,225.18,NULL,NULL
262,681,233.44,NULL,NULL
263,139,226.77,NULL,NULL
264,650,233.44,NULL,NULL
265,964,262.82,NULL,NULL
266,140,161.38,71.0,11457.98
267,301,161.38,71.0,11457.98
268,141,226.77,NULL,NULL
269,993,257.31,NULL,NULL
270,142,262.82,NULL,NULL
271,725,226.77,NULL,NULL
272,742,226.77,NULL,NULL
273,143,102.88,NULL,NULL
274,923,102.88,NULL,NULL
275,970,102.88,NULL,NULL
276,52,233.44,61.0,14239.84
277,144,257.31,61.0,15695.91
278,400,262.82,61.0,16032.02
279,668,225.18,61.0,13735.98
280,921,225.18,61.0,13735.98
281,46,439.88,0.0,0.0
282,145,439.88,0.0,0.0
283,33,124.16,NULL,NULL
284,146,124.16,NULL,NULL
285,307,124.16,NULL,NULL
286,906,124.16,NULL,NULL
287,920,124.16,NULL,NULL
288,147,408.46,76.0,31042.96
289,148,102.78,86.0,8839.08
290,149,225.18,52.0,11709.36
291,150,169.26,NULL,NULL
292,575,169.26,NULL,NULL
293,913,169.26,NULL,NULL
294,151,225.18,NULL,NULL
295,271,257.31,NULL,NULL
296,558,233.44,NULL,NULL
297,152,267.53,60.0,16051.8
298,153,226.77,NULL,NULL
299,154,233.44,NULL,NULL
300,352,262.82,NULL,NULL
301,155,421.24,NULL,NULL
302,744,421.24,NULL,NULL
303,156,225.18,60.0,13510.8
304,157,352.97,NULL,NULL
305,768,352.97,NULL,NULL
306,158,257.31,97.0,24959.07
307,204,257.31,97.0,24959.07
308,430,226.77,97.0,21996.69
309,718,225.18,97.0,21842.46
310,159,257.31,NULL,NULL
311,91,233.44,75.0,17508.0
312,160,257.31,75.0,19298.25
313,994,226.77,75.0,17007.75
314,161,226.77,NULL,NULL
315,162,464.08,NULL,NULL
316,357,464.08,NULL,NULL
317,434,464.08,NULL,NULL
318,163,225.18,76.0,17113.68
319,164,70.33,26.0,1828.58
320,165,233.44,97.0,22643.68
321,383,226.77,97.0,21996.69
322,166,233.44,NULL,NULL
323,167,262.82,NULL,NULL
324,168,226.77,NULL,NULL
325,240,225.18,NULL,NULL
326,56,233.44,51.0,11905.44
327,101,257.31,51.0,13122.81
328,169,226.77,51.0,11565.27
329,170,262.82,2.0,525.64
330,245,257.31,2.0,514.62
331,171,225.18,NULL,NULL
332,667,225.18,NULL,NULL
333,172,495.33,9.0,4457.97
334,787,495.33,9.0,4457.97
335,173,233.44,NULL,NULL
336,321,262.82,NULL,NULL
337,883,226.77,NULL,NULL
338,174,225.18,NULL,NULL
339,461,225.18,NULL,NULL
340,4,233.44,NULL,NULL
341,175,262.82,NULL,NULL
342,176,233.44,NULL,NULL
343,597,226.77,NULL,NULL
344,177,233.44,99.0,23110.56
345,812,233.44,99.0,23110.56
346,178,389.85,NULL,NULL
347,363,389.85,NULL,NULL
348,367,389.85,NULL,NULL
349,731,389.85,NULL,NULL
350,37,262.82,NULL,NULL
351,179,262.82,NULL,NULL
352,247,262.82,NULL,NULL
353,180,226.77,NULL,NULL
354,424,257.31,NULL,NULL
355,730,225.18,NULL,NULL
356,886,262.82,NULL,NULL
357,181,262.82,NULL,NULL
358,983,233.44,NULL,NULL
359,182,225.18,NULL,NULL
360,708,233.44,NULL,NULL
361,113,233.44,NULL,NULL
362,183,233.44,NULL,NULL
363,530,257.31,NULL,NULL
364,835,233.44,NULL,NULL
365,184,308.15,NULL,NULL
366,337,308.15,NULL,NULL
367,185,233.44,39.0,9104.16
368,410,257.31,39.0,10035.09
369,186,225.18,NULL,NULL
370,187,257.31,95.0,24444.45
371,291,262.82,95.0,24967.9
372,188,233.44,NULL,NULL
373,699,225.18,NULL,NULL
374,189,226.77,68.0,15420.36
375,190,225.18,NULL,NULL
376,501,225.18,NULL,NULL
377,191,257.31,NULL,NULL
378,686,262.82,NULL,NULL
379,192,257.31,NULL,NULL
380,872,233.44,NULL,NULL
381,944,225.18,NULL,NULL
382,105,225.18,75.0,16888.5
383,193,226.77,75.0,17007.75
384,290,262.82,75.0,19711.5
385,473,257.31,75.0,19298.25
386,194,262.82,48.0,12615.36
387,340,233.44,48.0,11205.12
388,195,262.82,95.0,24967.9
389,196,262.82,NULL,NULL
390,197,262.82,NULL,NULL
391,198,432.2,60.0,25932.0
392,53,226.77,NULL,NULL
393,199,262.82,NULL,NULL
394,355,262.82,NULL,NULL
395,200,107.57,73.0,7852.61
396,234,107.57,73.0,7852.61
397,201,257.31,97.0,24959.07
398,202,262.82,NULL,NULL
399,203,226.77,NULL,NULL
400,158,257.31,NULL,NULL
401,204,257.31,NULL,NULL
402,430,226.77,NULL,NULL
403,718,225.18,NULL,NULL
404,205,55.33,NULL,NULL
405,44,160.93,NULL,NULL
406,206,160.93,NULL,NULL
407,207,215.79,NULL,NULL
408,419,215.79,NULL,NULL
409,208,257.31,NULL,NULL
410,209,350.22,NULL,NULL
411,631,350.22,NULL,NULL
412,694,350.22,NULL,NULL
413,210,257.31,NULL,NULL
414,68,365.13,NULL,NULL
415,211,365.13,NULL,NULL
416,749,365.13,NULL,NULL
417,212,257.31,74.0,19040.94
418,990,262.82,74.0,19448.68
419,213,262.82,45.0,11826.9
420,214,226.77,NULL,NULL
421,875,257.31,NULL,NULL
422,66,257.31,NULL,NULL
423,215,257.31,NULL,NULL
424,622,233.44,NULL,NULL
425,216,118.45,NULL,NULL
426,646,118.45,NULL,NULL
427,766,118.45,NULL,NULL
428,217,262.82,NULL,NULL
429,218,233.44,NULL,NULL
430,237,257.31,NULL,NULL
431,436,262.82,NULL,NULL
432,219,226.77,NULL,NULL
433,220,292.14,NULL,NULL
434,221,233.44,NULL,NULL
435,697,225.18,NULL,NULL
436,222,262.82,NULL,NULL
437,223,233.44,NULL,NULL
438,224,225.18,68.0,15312.24
439,497,226.77,68.0,15420.36
440,786,262.82,68.0,17871.76
441,225,225.18,NULL,NULL
442,226,226.77,NULL,NULL
443,860,257.31,NULL,NULL
444,932,262.82,NULL,NULL
445,227,233.44,NULL,NULL
446,451,226.77,NULL,NULL
447,615,262.82,NULL,NULL
448,228,226.77,35.0,7936.95
449,229,262.82,NULL,NULL
450,388,262.82,NULL,NULL
451,230,125.04,30.0,3751.2
452,231,233.44,NULL,NULL
453,232,262.82,NULL,NULL
454,319,225.18,NULL,NULL
455,233,257.31,NULL,NULL
456,200,257.31,NULL,NULL
457,234,233.44,NULL,NULL
458,235,225.18,NULL,NULL
459,238,225.18,NULL,NULL
460,458,262.82,NULL,NULL
461,778,262.82,NULL,NULL
462,788,226.77,NULL,NULL
463,236,233.44,NULL,NULL
464,382,233.44,NULL,NULL
465,548,257.31,NULL,NULL
466,869,262.82,NULL,NULL
467,218,233.44,55.0,12839.2
468,237,257.31,55.0,14152.05
469,436,262.82,55.0,14455.1
470,235,225.18,NULL,NULL
471,238,225.18,NULL,NULL
472,458,262.82,NULL,NULL
473,778,262.82,NULL,NULL
474,788,226.77,NULL,NULL
475,239,257.31,91.0,23415.21
476,242,233.44,91.0,21243.04
477,168,226.77,46.0,10431.42
478,240,225.18,46.0,10358.28
479,241,226.77,20.0,4535.4
480,239,257.31,39.0,10035.09
481,242,233.44,39.0,9104.16
482,243,55.95,NULL,NULL
483,332,55.95,NULL,NULL
484,244,225.18,NULL,NULL
485,467,225.18,NULL,NULL
486,170,262.82,NULL,NULL
487,245,257.31,NULL,NULL
488,246,233.44,NULL,NULL
489,37,262.82,65.0,17083.3
490,179,262.82,65.0,17083.3
491,247,262.82,65.0,17083.3
492,248,262.82,80.0,21025.6
493,249,262.82,29.0,7621.78
494,336,226.77,29.0,6576.33
495,531,225.18,29.0,6530.22
496,873,225.18,29.0,6530.22
497,250,226.77,27.0,6122.79
498,341,226.77,27.0,6122.79
499,538,262.82,27.0,7096.14
500,251,226.77,59.0,13379.43
501,57,233.44,NULL,NULL
502,252,233.44,NULL,NULL
503,523,262.82,NULL,NULL
504,253,262.82,NULL,NULL
505,254,262.82,NULL,NULL
506,441,225.18,NULL,NULL
507,867,225.18,NULL,NULL
508,255,257.31,NULL,NULL
509,669,233.44,NULL,NULL
510,256,257.31,NULL,NULL
511,582,257.31,NULL,NULL
512,257,225.18,NULL,NULL
513,258,257.31,4.0,1029.24
514,294,262.82,4.0,1051.28
515,259,257.31,NULL,NULL
516,260,60.11,NULL,NULL
517,370,60.11,NULL,NULL
518,763,60.11,NULL,NULL
519,261,233.44,NULL,NULL
520,929,262.82,NULL,NULL
521,262,262.82,NULL,NULL
522,263,226.77,12.0,2721.24
523,264,257.31,51.0,13122.81
524,265,226.77,NULL,NULL
525,266,226.77,NULL,NULL
526,267,257.31,NULL,NULL
527,268,257.31,NULL,NULL
528,269,226.77,NULL,NULL
529,938,226.77,NULL,NULL
530,270,257.31,NULL,NULL
531,151,225.18,89.0,20041.02
532,271,257.31,89.0,22900.59
533,558,233.44,89.0,20776.16
534,133,233.44,85.0,19842.4
535,272,233.44,85.0,19842.4
536,528,225.18,85.0,19140.3
537,273,262.82,NULL,NULL
538,298,257.31,NULL,NULL
539,35,233.44,NULL,NULL
540,274,262.82,NULL,NULL
541,596,225.18,NULL,NULL
542,275,262.82,100.0,26282.0
543,522,233.44,100.0,23344.0
544,276,233.44,NULL,NULL
545,988,262.82,NULL,NULL
546,277,233.44,NULL,NULL
547,278,3.52,NULL,NULL
548,279,225.18,NULL,NULL
549,346,262.82,NULL,NULL
550,280,257.31,NULL,NULL
551,281,402.54,NULL,NULL
552,852,402.54,NULL,NULL
553,282,487.36,NULL,NULL
554,283,257.31,NULL,NULL
555,747,226.77,NULL,NULL
556,284,226.77,NULL,NULL
557,358,226.77,NULL,NULL
558,941,225.18,NULL,NULL
559,20,226.77,28.0,6349.56
560,285,257.31,28.0,7204.68
561,286,257.31,NULL,NULL
562,287,257.31,NULL,NULL
563,444,226.77,NULL,NULL
564,579,257.31,NULL,NULL
565,288,226.77,NULL,NULL
566,800,226.77,NULL,NULL
567,89,233.44,NULL,NULL
568,289,233.44,NULL,NULL
569,322,262.82,NULL,NULL
570,105,225.18,NULL,NULL
571,193,226.77,NULL,NULL
572,290,262.82,NULL,NULL
573,473,257.31,NULL,NULL
574,187,257.31,8.0,2058.48
575,291,262.82,8.0,2102.56
576,11,233.44,NULL,NULL
577,292,262.82,NULL,NULL
578,49,226.77,89.0,20182.53
579,293,226.77,89.0,20182.53
580,570,262.82,89.0,23390.98
581,258,257.31,54.0,13894.74
582,294,262.82,54.0,14192.28
583,104,226.77,5.0,1133.85
584,295,262.82,5.0,1314.1
585,296,233.44,1.0,233.44
586,297,233.44,48.0,11205.12
587,273,262.82,NULL,NULL
588,298,257.31,NULL,NULL
589,299,339.52,NULL,NULL
590,300,226.77,NULL,NULL
591,140,226.77,NULL,NULL
592,301,225.18,NULL,NULL
593,302,180.86,NULL,NULL
594,806,180.86,NULL,NULL
595,303,89.77,NULL,NULL
596,304,326.44,NULL,NULL
597,305,226.77,NULL,NULL
598,306,262.82,NULL,NULL
599,431,225.18,NULL,NULL
600,33,262.82,7.0,1839.74
601,146,233.44,7.0,1634.08
602,307,226.77,7.0,1587.39
603,906,257.31,7.0,1801.17
604,920,257.31,7.0,1801.17
605,308,365.03,38.0,13871.14
606,957,365.03,38.0,13871.14
607,309,262.82,61.0,16032.02
608,328,226.77,61.0,13832.97
609,985,225.18,61.0,13735.98
610,310,225.18,95.0,21392.1
611,311,320.02,34.0,10880.68
612,312,262.82,NULL,NULL
613,409,225.18,NULL,NULL
614,313,257.31,NULL,NULL
615,314,336.0,NULL,NULL
616,315,225.18,NULL,NULL
617,657,233.44,NULL,NULL
618,678,262.82,NULL,NULL
619,960,257.31,NULL,NULL
620,81,225.18,53.0,11934.54
621,316,262.82,53.0,13929.46
622,317,257.31,80.0,20584.8
623,318,225.18,NULL,NULL
624,232,461.99,88.0,40655.12
625,319,461.99,88.0,40655.12
626,320,262.82,NULL,NULL
627,366,262.82,NULL,NULL
628,909,226.77,NULL,NULL
629,173,233.44,NULL,NULL
630,321,262.82,NULL,NULL
631,883,226.77,NULL,NULL
632,89,233.44,NULL,NULL
633,289,233.44,NULL,NULL
634,322,262.82,NULL,NULL
635,323,225.18,82.0,18464.76
636,324,257.31,NULL,NULL
637,325,225.18,NULL,NULL
638,326,226.77,87.0,19728.99
639,327,262.82,NULL,NULL
640,309,262.82,NULL,NULL
641,328,226.77,NULL,NULL
642,985,225.18,NULL,NULL
643,329,225.18,76.0,17113.68
644,839,226.77,76.0,17234.52
645,330,257.31,NULL,NULL
646,480,233.44,NULL,NULL
647,557,233.44,NULL,NULL
648,640,257.31,NULL,NULL
649,331,257.31,NULL,NULL
650,243,257.31,NULL,NULL
651,332,262.82,NULL,NULL
652,333,233.44,15.0,3501.6
653,659,225.18,15.0,3377.7
654,334,225.18,NULL,NULL
655,743,225.18,NULL,NULL
656,335,233.44,33.0,7703.52
657,858,226.77,33.0,7483.41
658,249,262.82,NULL,NULL
659,336,226.77,NULL,NULL
660,531,225.18,NULL,NULL
661,873,225.18,NULL,NULL
662,184,257.31,70.0,18011.7
663,337,225.18,70.0,15762.6
664,338,233.44,61.0,14239.84
665,339,27.7,NULL,NULL
666,621,27.7,NULL,NULL
667,194,262.82,27.0,7096.14
668,340,233.44,27.0,6302.88
669,250,226.77,NULL,NULL
670,341,226.77,NULL,NULL
671,538,262.82,NULL,NULL
672,342,262.82,NULL,NULL
673,343,226.77,NULL,NULL
674,680,226.77,NULL,NULL
675,914,226.77,NULL,NULL
676,344,233.44,65.0,15173.6
677,374,262.82,65.0,17083.3
678,345,338.5,NULL,NULL
679,279,225.18,NULL,NULL
680,346,262.82,NULL,NULL
681,347,233.44,NULL,NULL
682,536,262.82,NULL,NULL
683,635,226.77,NULL,NULL
684,671,225.18,NULL,NULL
685,348,180.82,NULL,NULL
686,876,180.82,NULL,NULL
687,75,226.77,NULL,NULL
688,349,262.82,NULL,NULL
689,885,257.31,NULL,NULL
690,350,404.37,NULL,NULL
691,17,226.77,NULL,NULL
692,351,225.18,NULL,NULL
693,154,174.65,NULL,NULL
694,352,174.65,NULL,NULL
695,353,367.3,NULL,NULL
696,354,257.31,NULL,NULL
697,748,233.44,NULL,NULL
698,53,226.77,NULL,NULL
699,199,262.82,NULL,NULL
700,355,262.82,NULL,NULL
701,356,409.29,NULL,NULL
702,162,366.21,NULL,NULL
703,357,366.21,NULL,NULL
704,434,366.21,NULL,NULL
705,284,226.77,NULL,NULL
706,358,226.77,NULL,NULL
707,941,225.18,NULL,NULL
708,359,262.82,NULL,NULL
709,360,226.77,52.0,11792.04
710,114,225.18,NULL,NULL
711,361,257.31,NULL,NULL
712,362,263.32,30.0,7899.6
713,178,262.82,NULL,NULL
714,363,233.44,NULL,NULL
715,367,257.31,NULL,NULL
716,731,225.18,NULL,NULL
717,364,257.31,14.0,3602.34
718,617,262.82,14.0,3679.48
719,775,233.44,14.0,3268.16
720,365,257.31,95.0,24444.45
721,320,262.82,23.0,6044.86
722,366,262.82,23.0,6044.86
723,909,226.77,23.0,5215.71
724,178,262.82,31.0,8147.42
725,363,233.44,31.0,7236.64
726,367,257.31,31.0,7976.61
727,731,225.18,31.0,6980.58
728,368,262.82,28.0,7358.96
729,450,257.31,28.0,7204.68
730,848,233.44,28.0,6536.32
731,369,464.09,8.0,3712.72
732,677,464.09,8.0,3712.72
733,260,226.77,NULL,NULL
734,370,225.18,NULL,NULL
735,763,233.44,NULL,NULL
736,371,156.54,NULL,NULL
737,641,156.54,NULL,NULL
738,128,226.77,NULL,NULL
739,372,226.77,NULL,NULL
740,373,233.44,73.0,17041.12
741,344,233.44,69.0,16107.36
742,374,262.82,69.0,18134.58
743,375,262.82,66.0,17346.12
744,376,233.44,NULL,NULL
745,625,262.82,NULL,NULL
746,377,226.77,NULL,NULL
747,764,262.82,NULL,NULL
748,378,262.82,NULL,NULL
749,593,262.82,NULL,NULL
750,379,347.75,97.0,33731.75
751,712,347.75,97.0,33731.75
752,802,347.75,97.0,33731.75
753,380,262.82,NULL,NULL
754,381,262.82,NULL,NULL
755,572,257.31,NULL,NULL
756,236,233.44,NULL,NULL
757,382,233.44,NULL,NULL
758,548,257.31,NULL,NULL
759,869,262.82,NULL,NULL
760,165,83.97,NULL,NULL
761,383,83.97,NULL,NULL
762,384,226.77,31.0,7029.87
763,598,225.18,31.0,6980.58
764,604,225.18,31.0,6980.58
765,660,262.82,31.0,8147.42
766,78,225.18,NULL,NULL
767,385,233.44,NULL,NULL
768,643,262.82,NULL,NULL
769,386,226.77,54.0,12245.58
770,387,233.44,18.0,4201.92
771,229,388.46,NULL,NULL
772,388,388.46,NULL,NULL
773,389,257.31,NULL,NULL
774,390,257.31,NULL,NULL
775,391,225.18,NULL,NULL
776,392,225.18,NULL,NULL
777,943,233.44,NULL,NULL
778,393,328.69,NULL,NULL
779,394,78.58,50.0,3929.0
780,721,78.58,50.0,3929.0
781,395,257.31,NULL,NULL
782,642,233.44,NULL,NULL
783,396,225.18,NULL,NULL
784,438,225.18,NULL,NULL
785,397,102.7,NULL,NULL
786,606,102.7,NULL,NULL
787,398,257.31,100.0,25731.0
788,399,233.44,NULL,NULL
789,637,226.77,NULL,NULL
790,52,233.44,NULL,NULL
791,144,257.31,NULL,NULL
792,400,262.82,NULL,NULL
793,668,225.18,NULL,NULL
794,921,225.18,NULL,NULL
795,50,262.82,NULL,NULL
796,401,233.44,NULL,NULL
797,402,217.65,NULL,NULL
798,618,217.65,NULL,NULL
799,403,223.38,NULL,NULL
800,404,225.18,47.0,10583.46
801,498,262.82,47.0,12352.54
802,405,233.44,NULL,NULL
803,12,25.31,NULL,NULL
804,15,25.31,NULL,NULL
805,406,25.31,NULL,NULL
806,407,262.82,NULL,NULL
807,529,226.77,NULL,NULL
808,855,262.82,NULL,NULL
809,408,257.31,NULL,NULL
810,770,233.44,NULL,NULL
811,312,262.82,NULL,NULL
812,409,225.18,NULL,NULL
813,185,312.19,89.0,27784.91
814,410,312.19,89.0,27784.91
815,411,257.31,NULL,NULL
816,429,233.44,NULL,NULL
817,412,257.31,NULL,NULL
818,18,262.82,NULL,NULL
819,413,225.18,NULL,NULL
820,414,257.31,82.0,21099.42
821,415,331.69,73.0,24213.37
822,750,331.69,73.0,24213.37
823,416,233.44,43.0,10037.92
824,490,226.77,43.0,9751.11
825,896,233.44,43.0,10037.92
826,417,233.44,NULL,NULL
827,418,126.49,40.0,5059.6
828,696,126.49,40.0,5059.6
829,207,225.18,NULL,NULL
830,419,257.31,NULL,NULL
831,420,226.77,NULL,NULL
832,719,262.82,NULL,NULL
833,421,233.44,NULL,NULL
834,422,379.4,NULL,NULL
835,423,233.44,NULL,NULL
836,180,212.87,58.0,12346.46
837,424,212.87,58.0,12346.46
838,730,212.87,58.0,12346.46
839,886,212.87,58.0,12346.46
840,425,262.82,58.0,15243.56
841,469,233.44,58.0,13539.52
842,426,257.31,NULL,NULL
843,542,225.18,NULL,NULL
844,427,233.44,NULL,NULL
845,428,262.82,95.0,24967.9
846,411,257.31,69.0,17754.39
847,429,233.44,69.0,16107.36
848,158,257.31,NULL,NULL
849,204,257.31,NULL,NULL
850,430,226.77,NULL,NULL
851,718,225.18,NULL,NULL
852,306,262.82,NULL,NULL
853,431,225.18,NULL,NULL
854,432,100.56,NULL,NULL
855,533,100.56,NULL,NULL
856,121,262.82,5.0,1314.1
857,433,233.44,5.0,1167.2
858,601,226.77,5.0,1133.85
859,162,257.31,NULL,NULL
860,357,233.44,NULL,NULL
861,434,226.77,NULL,NULL
862,435,225.18,7.0,1576.26
863,218,233.44,78.0,18208.32
864,237,257.31,78.0,20070.18
865,436,262.82,78.0,20499.96
866,437,257.31,NULL,NULL
867,396,225.18,NULL,NULL
868,438,225.18,NULL,NULL
869,439,133.77,NULL,NULL
870,440,257.31,NULL,NULL
871,254,262.82,NULL,NULL
872,441,225.18,NULL,NULL
873,867,225.18,NULL,NULL
874,442,226.77,NULL,NULL
875,459,262.82,NULL,NULL
876,561,226.77,NULL,NULL
877,630,257.31,NULL,NULL
878,443,233.44,74.0,17274.56
879,287,257.31,59.0,15181.29
880,444,226.77,59.0,13379.43
881,579,257.31,59.0,15181.29
882,74,257.31,NULL,NULL
883,445,262.82,NULL,NULL
884,446,226.77,NULL,NULL
885,884,226.77,NULL,NULL
886,138,18.93,59.0,1116.87
887,447,18.93,59.0,1116.87
888,681,18.93,59.0,1116.87
889,448,257.31,NULL,NULL
890,771,233.44,NULL,NULL
891,84,47.9,NULL,NULL
892,449,47.9,NULL,NULL
893,612,47.9,NULL,NULL
894,368,262.82,NULL,NULL
895,450,257.31,NULL,NULL
896,848,233.44,NULL,NULL
897,227,19.84,NULL,NULL
898,451,19.84,NULL,NULL
899,615,19.84,NULL,NULL
900,452,225.18,NULL,NULL
901,453,233.44,NULL,NULL
902,454,257.31,NULL,NULL
903,455,410.9,NULL,NULL
904,456,257.31,56.0,14409.36
905,880,257.31,56.0,14409.36
906,887,226.77,56.0,12699.12
907,116,257.31,NULL,NULL
908,457,233.44,NULL,NULL
909,235,225.18,NULL,NULL
910,238,225.18,NULL,NULL
911,458,262.82,NULL,NULL
912,778,262.82,NULL,NULL
913,788,226.77,NULL,NULL
914,442,226.77,34.0,7710.18
915,459,262.82,34.0,8935.88
916,561,226.77,34.0,7710.18
917,630,257.31,34.0,8748.54
918,460,59.61,NULL,NULL
919,174,225.18,NULL,NULL
920,461,225.18,NULL,NULL
921,462,226.77,NULL,NULL
922,463,233.44,NULL,NULL
923,857,257.31,NULL,NULL
924,464,453.91,5.0,2269.55
925,470,453.91,5.0,2269.55
926,465,233.44,NULL,NULL
927,716,262.82,NULL,NULL
928,773,225.18,NULL,NULL
929,466,233.44,NULL,NULL
930,244,146.77,5.0,733.85
931,467,146.77,5.0,733.85
932,468,450.53,NULL,NULL
933,425,262.82,84.0,22076.88
934,469,233.44,84.0,19608.96
935,464,257.31,52.0,13380.12
936,470,225.18,52.0,11709.36
937,471,233.44,NULL,NULL
938,472,29.9,NULL,NULL
939,105,113.41,NULL,NULL
940,193,113.41,NULL,NULL
941,290,113.41,NULL,NULL
942,473,113.41,NULL,NULL
943,474,257.31,NULL,NULL
944,673,225.18,NULL,NULL
945,475,233.44,NULL,NULL
946,476,233.44,51.0,11905.44
947,477,262.82,NULL,NULL
948,478,461.19,NULL,NULL
949,479,262.82,NULL,NULL
950,658,257.31,NULL,NULL
951,330,257.31,NULL,NULL
952,480,233.44,NULL,NULL
953,557,233.44,NULL,NULL
954,640,257.31,NULL,NULL
955,481,233.44,NULL,NULL
956,633,225.18,NULL,NULL
957,688,233.44,NULL,NULL
958,482,225.18,NULL,NULL
959,562,233.44,NULL,NULL
960,483,226.77,NULL,NULL
961,808,262.82,NULL,NULL
962,484,233.44,NULL,NULL
963,79,226.77,NULL,NULL
964,485,262.82,NULL,NULL
965,486,262.82,NULL,NULL
966,602,257.31,NULL,NULL
967,487,31.64,NULL,NULL
968,503,31.64,NULL,NULL
969,600,31.64,NULL,NULL
970,488,233.44,72.0,16807.68
971,489,262.82,NULL,NULL
972,541,225.18,NULL,NULL
973,416,327.86,NULL,NULL
974,490,327.86,NULL,NULL
975,896,327.86,NULL,NULL
976,491,290.67,NULL,NULL
977,492,225.18,47.0,10583.46
978,629,257.31,47.0,12093.57
979,851,225.18,47.0,10583.46
980,493,262.82,19.0,4993.58
981,494,257.31,40.0,10292.4
982,891,233.44,40.0,9337.6
983,495,233.44,NULL,NULL
984,556,226.77,NULL,NULL
985,496,262.82,NULL,NULL
986,656,257.31,NULL,NULL
987,753,225.18,NULL,NULL
988,224,400.52,NULL,NULL
989,497,400.52,NULL,NULL
990,786,400.52,NULL,NULL
991,404,225.18,NULL,NULL
992,498,262.82,NULL,NULL
993,499,233.44,49.0,11438.56
994,500,226.77,NULL,NULL
995,190,225.18,NULL,NULL
996,501,225.18,NULL,NULL
997,23,233.44,85.0,19842.4
998,502,225.18,85.0,19140.3
999,487,225.18,90.0,20266.2
1000,503,257.31,90.0,23157.9
1001,600,225.18,90.0,20266.2
1002,504,262.82,NULL,NULL
1003,505,262.82,NULL,NULL
1004,506,450.71,94.0,42366.74
1005,507,225.18,NULL,NULL
1006,508,262.82,NULL,NULL
1007,571,233.44,NULL,NULL
1008,585,262.82,NULL,NULL
1009,509,225.18,NULL,NULL
1010,984,257.31,NULL,NULL
1011,510,257.31,39.0,10035.09
1012,511,226.77,NULL,NULL
1013,512,65.34,NULL,NULL
1014,809,65.34,NULL,NULL
1015,903,65.34,NULL,NULL
1016,513,257.31,NULL,NULL
1017,751,233.44,NULL,NULL
1018,514,226.77,NULL,NULL
1019,515,226.77,43.0,9751.11
1020,516,318.94,NULL,NULL
1021,785,318.94,NULL,NULL
1022,517,257.31,NULL,NULL
1023,720,262.82,NULL,NULL
1024,918,233.44,NULL,NULL
1025,956,225.18,NULL,NULL
1026,518,257.31,NULL,NULL
1027,519,226.77,NULL,NULL
1028,611,225.18,NULL,NULL
1029,520,262.82,14.0,3679.48
1030,590,226.77,14.0,3174.78
1031,734,233.44,14.0,3268.16
1032,834,225.18,14.0,3152.52
1033,978,257.31,14.0,3602.34
1034,67,233.44,NULL,NULL
1035,521,257.31,NULL,NULL
1036,275,262.82,NULL,NULL
1037,522,233.44,NULL,NULL
1038,57,233.44,NULL,NULL
1039,252,233.44,NULL,NULL
1040,523,262.82,NULL,NULL
1041,97,257.31,NULL,NULL
1042,524,257.31,NULL,NULL
1043,22,102.71,NULL,NULL
1044,525,102.71,NULL,NULL
1045,526,262.82,NULL,NULL
1046,527,494.8,70.0,34636.0
1047,933,494.8,70.0,34636.0
1048,133,323.3,94.0,30390.2
1049,272,323.3,94.0,30390.2
1050,528,323.3,94.0,30390.2
1051,407,262.82,55.0,14455.1
1052,529,226.77,55.0,12472.35
1053,855,262.82,55.0,14455.1
1054,113,195.97,67.0,13129.99
1055,183,195.97,67.0,13129.99
1056,530,195.97,67.0,13129.99
1057,835,195.97,67.0,13129.99
1058,249,262.82,40.0,10512.8
1059,336,226.77,40.0,9070.8
1060,531,225.18,40.0,9007.2
1061,873,225.18,40.0,9007.2
1062,6,226.77,NULL,NULL
1063,532,233.44,NULL,NULL
1064,432,225.18,NULL,NULL
1065,533,257.31,NULL,NULL
1066,27,233.44,NULL,NULL
1067,106,257.31,NULL,NULL
1068,534,225.18,NULL,NULL
1069,535,262.82,NULL,NULL
1070,347,233.44,87.0,20309.28
1071,536,262.82,87.0,22865.34
1072,635,226.77,87.0,19728.99
1073,671,225.18,87.0,19590.66
1074,537,226.77,NULL,NULL
1075,250,318.42,NULL,NULL
1076,341,318.42,NULL,NULL
1077,538,318.42,NULL,NULL
1078,539,226.77,NULL,NULL
1079,540,257.31,NULL,NULL
1080,489,262.82,21.0,5519.22
1081,541,225.18,21.0,4728.78
1082,426,352.87,NULL,NULL
1083,542,352.87,NULL,NULL
1084,543,226.77,98.0,22223.46
1085,937,225.18,98.0,22067.64
1086,544,226.77,NULL,NULL
1087,545,262.82,NULL,NULL
1088,134,233.44,0.0,0.0
1089,546,225.18,0.0,0.0
1090,547,225.18,34.0,7656.12
1091,661,225.18,34.0,7656.12
1092,236,233.44,NULL,NULL
1093,382,233.44,NULL,NULL
1094,548,257.31,NULL,NULL
1095,869,262.82,NULL,NULL
1096,549,225.18,65.0,14636.7
1097,550,126.34,51.0,6443.34
1098,583,126.34,51.0,6443.34
1099,551,316.64,NULL,NULL
1100,958,316.64,NULL,NULL
1101,552,257.31,NULL,NULL
1102,553,225.18,NULL,NULL
1103,554,233.44,NULL,NULL
1104,807,233.44,NULL,NULL
1105,555,226.77,9.0,2040.93
1106,495,233.44,NULL,NULL
1107,556,226.77,NULL,NULL
1108,330,257.31,NULL,NULL
1109,480,233.44,NULL,NULL
1110,557,233.44,NULL,NULL
1111,640,257.31,NULL,NULL
1112,151,109.51,100.0,10951.0
1113,271,109.51,100.0,10951.0
1114,558,109.51,100.0,10951.0
1115,103,233.44,NULL,NULL
1116,559,226.77,NULL,NULL
1117,560,194.07,NULL,NULL
1118,442,226.77,NULL,NULL
1119,459,262.82,NULL,NULL
1120,561,226.77,NULL,NULL
1121,630,257.31,NULL,NULL
1122,482,70.97,47.0,3335.59
1123,562,70.97,47.0,3335.59
1124,563,226.77,6.0,1360.62
1125,564,262.82,26.0,6833.32
1126,565,257.31,NULL,NULL
1127,566,77.02,NULL,NULL
1128,735,77.02,NULL,NULL
1129,567,262.82,NULL,NULL
1130,752,262.82,NULL,NULL
1131,117,258.42,NULL,NULL
1132,568,258.42,NULL,NULL
1133,864,258.42,NULL,NULL
1134,569,225.18,NULL,NULL
1135,49,226.77,NULL,NULL
1136,293,226.77,NULL,NULL
1137,570,262.82,NULL,NULL
1138,508,223.71,97.0,21699.87
1139,571,223.71,97.0,21699.87
1140,585,223.71,97.0,21699.87
1141,381,262.82,NULL,NULL
1142,572,257.31,NULL,NULL
1143,573,225.18,NULL,NULL
1144,856,233.44,NULL,NULL
1145,574,17.74,NULL,NULL
1146,150,282.25,NULL,NULL
1147,575,282.25,NULL,NULL
1148,913,282.25,NULL,NULL
1149,576,46.6,3.0,139.8
1150,922,46.6,3.0,139.8
1151,948,46.6,3.0,139.8
1152,577,225.18,NULL,NULL
1153,663,257.31,NULL,NULL
1154,767,225.18,NULL,NULL
1155,828,257.31,NULL,NULL
1156,578,233.44,NULL,NULL
1157,863,225.18,NULL,NULL
1158,287,257.31,NULL,NULL
1159,444,226.77,NULL,NULL
1160,579,257.31,NULL,NULL
1161,580,262.82,NULL,NULL
1162,728,257.31,NULL,NULL
1163,581,262.82,NULL,NULL
1164,733,226.77,NULL,NULL
1165,256,257.31,NULL,NULL
1166,582,257.31,NULL,NULL
1167,550,262.82,46.0,12089.72
1168,583,262.82,46.0,12089.72
1169,584,226.77,NULL,NULL
1170,508,262.82,23.0,6044.86
1171,571,233.44,23.0,5369.12
1172,585,262.82,23.0,6044.86
1173,586,262.82,NULL,NULL
1174,737,226.77,NULL,NULL
1175,587,215.75,NULL,NULL
1176,588,233.44,NULL,NULL
1177,589,257.31,30.0,7719.3
1178,870,262.82,30.0,7884.6
1179,520,262.82,12.0,3153.84
1180,590,226.77,12.0,2721.24
1181,734,233.44,12.0,2801.28
1182,834,225.18,12.0,2702.16
1183,978,257.31,12.0,3087.72
1184,591,319.83,NULL,NULL
1185,949,319.83,NULL,NULL
1186,592,286.73,65.0,18637.45
1187,895,286.73,65.0,18637.45
1188,378,480.05,NULL,NULL
1189,593,480.05,NULL,NULL
1190,594,226.77,NULL,NULL
1191,595,225.18,NULL,NULL
1192,35,233.44,NULL,NULL
1193,274,262.82,NULL,NULL
1194,596,225.18,NULL,NULL
1195,176,233.44,NULL,NULL
1196,597,226.77,NULL,NULL
1197,384,226.77,20.0,4535.4
1198,598,225.18,20.0,4503.6
1199,604,225.18,20.0,4503.6
1200,660,262.82,20.0,5256.4
1201,599,257.31,NULL,NULL
1202,999,257.31,NULL,NULL
1203,487,225.18,NULL,NULL
1204,503,257.31,NULL,NULL
1205,600,225.18,NULL,NULL
1206,121,318.93,NULL,NULL
1207,433,318.93,NULL,NULL
1208,601,318.93,NULL,NULL
1209,486,262.82,NULL,NULL
1210,602,257.31,NULL,NULL
1211,603,492.42,53.0,26098.26
1212,950,492.42,53.0,26098.26
1213,384,226.77,NULL,NULL
1214,598,225.18,NULL,NULL
1215,604,225.18,NULL,NULL
1216,660,262.82,NULL,NULL
1217,605,262.82,NULL,NULL
1218,397,437.54,NULL,NULL
1219,606,437.54,NULL,NULL
1220,607,7.07,NULL,NULL
1221,924,7.07,NULL,NULL
1222,608,233.44,NULL,NULL
1223,609,257.31,NULL,NULL
1224,868,257.31,NULL,NULL
1225,610,257.31,7.0,1801.17
1226,976,257.31,7.0,1801.17
1227,519,69.5,NULL,NULL
1228,611,69.5,NULL,NULL
1229,84,225.18,NULL,NULL
1230,449,225.18,NULL,NULL
1231,612,262.82,NULL,NULL
1232,613,262.82,NULL,NULL
1233,614,298.75,NULL,NULL
1234,227,233.44,47.0,10971.68
1235,451,226.77,47.0,10658.19
1236,615,262.82,47.0,12352.54
1237,616,225.18,64.0,14411.52
1238,672,257.31,64.0,16467.84
1239,769,233.44,64.0,14940.16
1240,364,257.31,91.0,23415.21
1241,617,262.82,91.0,23916.62
1242,775,233.44,91.0,21243.04
1243,402,262.82,22.0,5782.04
1244,618,233.44,22.0,5135.68
1245,619,34.21,52.0,1778.92
1246,874,34.21,52.0,1778.92
1247,48,366.83,NULL,NULL
1248,118,366.83,NULL,NULL
1249,620,366.83,NULL,NULL
1250,339,90.05,NULL,NULL
1251,621,90.05,NULL,NULL
1252,66,229.46,NULL,NULL
1253,215,229.46,NULL,NULL
1254,622,229.46,NULL,NULL
1255,623,262.82,92.0,24179.44
1256,624,257.31,51.0,13122.81
1257,376,233.44,NULL,NULL
1258,625,262.82,NULL,NULL
1259,626,233.44,NULL,NULL
1260,805,225.18,NULL,NULL
1261,627,225.18,NULL,NULL
1262,628,257.31,NULL,NULL
1263,492,225.18,NULL,NULL
1264,629,257.31,NULL,NULL
1265,851,225.18,NULL,NULL
1266,442,226.77,33.0,7483.41
1267,459,262.82,33.0,8673.06
1268,561,226.77,33.0,7483.41
1269,630,257.31,33.0,8491.23
1270,209,257.31,NULL,NULL
1271,631,225.18,NULL,NULL
1272,694,233.44,NULL,NULL
1273,632,444.38,97.0,43104.86
1274,481,220.41,50.0,11020.5
1275,633,220.41,50.0,11020.5
1276,688,220.41,50.0,11020.5
1277,634,233.44,NULL,NULL
1278,347,233.44,NULL,NULL
1279,536,262.82,NULL,NULL
1280,635,226.77,NULL,NULL
1281,671,225.18,NULL,NULL
1282,636,27.84,2.0,55.68
1283,399,309.53,65.0,20119.45
1284,637,309.53,65.0,20119.45
1285,638,233.44,NULL,NULL
1286,639,257.31,NULL,NULL
1287,330,408.17,NULL,NULL
1288,480,408.17,NULL,NULL
1289,557,408.17,NULL,NULL
1290,640,408.17,NULL,NULL
1291,371,233.44,NULL,NULL
1292,641,226.77,NULL,NULL
1293,395,257.31,NULL,NULL
1294,642,233.44,NULL,NULL
1295,78,113.27,NULL,NULL
1296,385,113.27,NULL,NULL
1297,643,113.27,NULL,NULL
1298,129,72.12,NULL,NULL
1299,644,72.12,NULL,NULL
1300,645,257.31,4.0,1029.24
1301,820,233.44,4.0,933.76
1302,216,15.65,NULL,NULL
1303,646,15.65,NULL,NULL
1304,766,15.65,NULL,NULL
1305,647,233.44,81.0,18908.64
1306,648,226.77,NULL,NULL
1307,649,262.82,90.0,23653.8
1308,139,226.77,NULL,NULL
1309,650,233.44,NULL,NULL
1310,964,262.82,NULL,NULL
1311,7,225.18,NULL,NULL
1312,651,262.82,NULL,NULL
1313,652,257.31,36.0,9263.16
1314,945,225.18,36.0,8106.48
1315,653,257.31,NULL,NULL
1316,790,225.18,NULL,NULL
1317,654,226.77,NULL,NULL
1318,784,225.18,NULL,NULL
1319,655,225.18,7.0,1576.26
1320,862,233.44,7.0,1634.08
1321,496,262.82,53.0,13929.46
1322,656,257.31,53.0,13637.43
1323,753,225.18,53.0,11934.54
1324,315,365.13,NULL,NULL
1325,657,365.13,NULL,NULL
1326,678,365.13,NULL,NULL
1327,960,365.13,NULL,NULL
1328,479,262.82,54.0,14192.28
1329,658,257.31,54.0,13894.74
1330,333,233.44,NULL,NULL
1331,659,225.18,NULL,NULL
1332,384,226.77,NULL,NULL
1333,598,225.18,NULL,NULL
1334,604,225.18,NULL,NULL
1335,660,262.82,NULL,NULL
1336,547,225.18,NULL,NULL
1337,661,225.18,NULL,NULL
1338,662,428.93,NULL,NULL
1339,729,428.93,NULL,NULL
1340,577,225.18,NULL,NULL
1341,663,257.31,NULL,NULL
1342,767,225.18,NULL,NULL
1343,828,257.31,NULL,NULL
1344,664,233.44,11.0,2567.84
1345,665,226.77,33.0,7483.41
1346,666,226.77,NULL,NULL
1347,755,226.77,NULL,NULL
1348,171,225.18,NULL,NULL
1349,667,225.18,NULL,NULL
1350,52,233.44,NULL,NULL
1351,144,257.31,NULL,NULL
1352,400,262.82,NULL,NULL
1353,668,225.18,NULL,NULL
1354,921,225.18,NULL,NULL
1355,255,36.74,NULL,NULL
1356,669,36.74,NULL,NULL
1357,670,262.82,NULL,NULL
1358,347,233.44,NULL,NULL
1359,536,262.82,NULL,NULL
1360,635,226.77,NULL,NULL
1361,671,225.18,NULL,NULL
1362,616,225.18,NULL,NULL
1363,672,257.31,NULL,NULL
1364,769,233.44,NULL,NULL
1365,474,254.53,NULL,NULL
1366,673,254.53,NULL,NULL
1367,674,226.77,NULL,NULL
1368,675,149.63,NULL,NULL
1369,798,149.63,NULL,NULL
1370,92,225.18,NULL,NULL
1371,98,226.77,NULL,NULL
1372,676,226.77,NULL,NULL
1373,369,85.08,NULL,NULL
1374,677,85.08,NULL,NULL
1375,315,225.18,NULL,NULL
1376,657,233.44,NULL,NULL
1377,678,262.82,NULL,NULL
1378,960,257.31,NULL,NULL
1379,679,403.95,41.0,16561.95
1380,343,226.77,NULL,NULL
1381,680,226.77,NULL,NULL
1382,914,226.77,NULL,NULL
1383,138,226.77,43.0,9751.11
1384,447,225.18,43.0,9682.74
1385,681,233.44,43.0,10037.92
1386,682,226.77,NULL,NULL
1387,740,225.18,NULL,NULL
1388,683,257.31,NULL,NULL
1389,684,257.31,NULL,NULL
1390,685,327.63,NULL,NULL
1391,191,335.14,NULL,NULL
1392,686,335.14,NULL,NULL
1393,687,225.18,NULL,NULL
1394,481,233.44,NULL,NULL
1395,633,225.18,NULL,NULL
1396,688,233.44,NULL,NULL
1397,689,233.44,NULL,NULL
1398,690,330.73,26.0,8598.98
1399,691,257.31,NULL,NULL
1400,692,225.18,NULL,NULL
1401,823,225.18,NULL,NULL
1402,693,262.82,20.0,5256.4
1403,209,186.85,NULL,NULL
1404,631,186.85,NULL,NULL
1405,694,186.85,NULL,NULL
1406,695,226.77,NULL,NULL
1407,758,257.31,NULL,NULL
1408,418,225.18,40.0,9007.2
1409,696,226.77,40.0,9070.8
1410,221,233.44,NULL,NULL
1411,697,225.18,NULL,NULL
1412,698,257.31,NULL,NULL
1413,188,233.44,22.0,5135.68
1414,699,225.18,22.0,4953.96
1415,700,257.31,NULL,NULL
1416,926,225.18,NULL,NULL
1417,701,226.77,77.0,17461.29
1418,702,225.18,31.0,6980.58
1419,703,257.31,NULL,NULL
1420,975,226.77,NULL,NULL
1421,704,233.44,NULL,NULL
1422,73,432.25,14.0,6051.5
1423,705,432.25,14.0,6051.5
1424,706,458.22,NULL,NULL
1425,707,495.36,NULL,NULL
1426,182,225.18,NULL,NULL
1427,708,233.44,NULL,NULL
1428,1,257.31,NULL,NULL
1429,709,233.44,NULL,NULL
1430,815,233.44,NULL,NULL
1431,710,233.44,57.0,13306.08
1432,711,11.47,62.0,711.14
1433,898,11.47,62.0,711.14
1434,379,226.77,NULL,NULL
1435,712,257.31,NULL,NULL
1436,802,257.31,NULL,NULL
1437,713,387.78,22.0,8531.16
1438,893,387.78,22.0,8531.16
1439,714,262.82,96.0,25230.72
1440,919,257.31,96.0,24701.76
1441,715,225.18,NULL,NULL
1442,930,225.18,NULL,NULL
1443,465,233.44,36.0,8403.84
1444,716,262.82,36.0,9461.52
1445,773,225.18,36.0,8106.48
1446,717,262.82,NULL,NULL
1447,158,283.93,NULL,NULL
1448,204,283.93,NULL,NULL
1449,430,283.93,NULL,NULL
1450,718,283.93,NULL,NULL
1451,420,379.18,NULL,NULL
1452,719,379.18,NULL,NULL
1453,517,257.31,NULL,NULL
1454,720,262.82,NULL,NULL
1455,918,233.44,NULL,NULL
1456,956,225.18,NULL,NULL
1457,394,39.92,NULL,NULL
1458,721,39.92,NULL,NULL
1459,722,262.82,49.0,12878.18
1460,723,262.82,NULL,NULL
1461,137,10.88,33.0,359.04
1462,724,10.88,33.0,359.04
1463,142,336.9,NULL,NULL
1464,725,336.9,NULL,NULL
1465,742,336.9,NULL,NULL
1466,40,225.18,NULL,NULL
1467,726,233.44,NULL,NULL
1468,727,233.44,13.0,3034.72
1469,580,262.82,NULL,NULL
1470,728,257.31,NULL,NULL
1471,662,226.77,NULL,NULL
1472,729,257.31,NULL,NULL
1473,180,226.77,NULL,NULL
1474,424,257.31,NULL,NULL
1475,730,225.18,NULL,NULL
1476,886,262.82,NULL,NULL
1477,178,262.82,25.0,6570.5
1478,363,233.44,25.0,5836.0
1479,367,257.31,25.0,6432.75
1480,731,225.18,25.0,5629.5
1481,732,226.77,NULL,NULL
1482,581,262.82,NULL,NULL
1483,733,226.77,NULL,NULL
1484,520,262.82,NULL,NULL
1485,590,226.77,NULL,NULL
1486,734,233.44,NULL,NULL
1487,834,225.18,NULL,NULL
1488,978,257.31,NULL,NULL
1489,566,257.31,71.0,18269.01
1490,735,257.31,71.0,18269.01
1491,736,225.18,NULL,NULL
1492,586,101.26,NULL,NULL
1493,737,101.26,NULL,NULL
1494,738,262.82,NULL,NULL
1495,859,225.18,NULL,NULL
1496,739,225.18,7.0,1576.26
1497,682,226.77,NULL,NULL
1498,740,225.18,NULL,NULL
1499,741,233.44,NULL,NULL
1500,142,262.82,NULL,NULL
1501,725,226.77,NULL,NULL
1502,742,226.77,NULL,NULL
1503,334,225.18,NULL,NULL
1504,743,225.18,NULL,NULL
1505,155,118.98,83.0,9875.34
1506,744,118.98,83.0,9875.34
1507,745,180.21,NULL,NULL
1508,746,226.77,49.0,11111.73
1509,991,233.44,49.0,11438.56
1510,283,257.31,NULL,NULL
1511,747,226.77,NULL,NULL
1512,354,423.87,NULL,NULL
1513,748,423.87,NULL,NULL
1514,68,93.25,NULL,NULL
1515,211,93.25,NULL,NULL
1516,749,93.25,NULL,NULL
1517,415,88.08,73.0,6429.84
1518,750,88.08,73.0,6429.84
1519,513,257.31,38.0,9777.78
1520,751,233.44,38.0,8870.72
1521,567,262.82,NULL,NULL
1522,752,262.82,NULL,NULL
1523,496,262.82,57.0,14980.74
1524,656,257.31,57.0,14666.67
1525,753,225.18,57.0,12835.26
1526,754,257.31,NULL,NULL
1527,666,226.77,NULL,NULL
1528,755,226.77,NULL,NULL
1529,756,225.18,NULL,NULL
1530,757,262.82,NULL,NULL
1531,821,226.77,NULL,NULL
1532,695,495.53,98.0,48561.94
1533,758,495.53,98.0,48561.94
1534,759,257.31,NULL,NULL
1535,760,226.77,79.0,17914.83
1536,761,262.82,NULL,NULL
1537,109,233.44,NULL,NULL
1538,762,226.77,NULL,NULL
1539,260,226.77,NULL,NULL
1540,370,225.18,NULL,NULL
1541,763,233.44,NULL,NULL
1542,377,226.77,NULL,NULL
1543,764,262.82,NULL,NULL
1544,765,447.2,NULL,NULL
1545,216,262.82,NULL,NULL
1546,646,257.31,NULL,NULL
1547,766,225.18,NULL,NULL
1548,577,225.18,38.0,8556.84
1549,663,257.31,38.0,9777.78
1550,767,225.18,38.0,8556.84
1551,828,257.31,38.0,9777.78
1552,157,458.07,NULL,NULL
1553,768,458.07,NULL,NULL
1554,616,225.18,NULL,NULL
1555,672,257.31,NULL,NULL
1556,769,233.44,NULL,NULL
1557,408,257.31,NULL,NULL
1558,770,233.44,NULL,NULL
1559,448,257.31,NULL,NULL
1560,771,233.44,NULL,NULL
1561,772,233.44,18.0,4201.92
1562,465,24.56,NULL,NULL
1563,716,24.56,NULL,NULL
1564,773,24.56,NULL,NULL
1565,774,225.18,29.0,6530.22
1566,973,262.82,29.0,7621.78
1567,364,257.31,NULL,NULL
1568,617,262.82,NULL,NULL
1569,775,233.44,NULL,NULL
1570,776,262.82,73.0,19185.86
1571,947,257.31,73.0,18783.63
1572,9,225.18,NULL,NULL
1573,777,262.82,NULL,NULL
1574,936,262.82,NULL,NULL
1575,235,261.54,NULL,NULL
1576,238,261.54,NULL,NULL
1577,458,261.54,NULL,NULL
1578,778,261.54,NULL,NULL
1579,788,261.54,NULL,NULL
1580,779,225.18,NULL,NULL
1581,837,257.31,NULL,NULL
1582,780,262.82,NULL,NULL
1583,781,262.82,NULL,NULL
1584,782,233.44,NULL,NULL
1585,783,257.31,19.0,4888.89
1586,654,226.77,68.0,15420.36
1587,784,225.18,68.0,15312.24
1588,516,226.77,NULL,NULL
1589,785,262.82,NULL,NULL
1590,224,198.08,86.0,17034.88
1591,497,198.08,86.0,17034.88
1592,786,198.08,86.0,17034.88
1593,172,217.21,32.0,6950.72
1594,787,217.21,32.0,6950.72
1595,235,225.18,NULL,NULL
1596,238,225.18,NULL,NULL
1597,458,262.82,NULL,NULL
1598,778,262.82,NULL,NULL
1599,788,226.77,NULL,NULL
1600,789,17.85,NULL,NULL
1601,825,17.85,NULL,NULL
1602,653,257.31,NULL,NULL
1603,790,225.18,NULL,NULL
1604,791,226.77,7.0,1587.39
1605,792,257.31,39.0,10035.09
1606,793,227.76,NULL,NULL
1607,794,233.44,76.0,17741.44
1608,888,262.82,76.0,19974.32
1609,795,251.34,NULL,NULL
1610,813,251.34,NULL,NULL
1611,796,225.18,90.0,20266.2
1612,8,233.44,8.0,1867.52
1613,797,226.77,8.0,1814.16
1614,675,233.44,NULL,NULL
1615,798,233.44,NULL,NULL
1616,125,262.82,34.0,8935.88
1617,799,257.31,34.0,8748.54
1618,917,257.31,34.0,8748.54
1619,288,25.23,NULL,NULL
1620,800,25.23,NULL,NULL
1621,801,97.85,NULL,NULL
1622,899,97.85,NULL,NULL
1623,379,226.77,13.0,2948.01
1624,712,257.31,13.0,3345.03
1625,802,257.31,13.0,3345.03
1626,803,257.31,NULL,NULL
1627,804,226.77,68.0,15420.36
1628,626,233.44,NULL,NULL
1629,805,225.18,NULL,NULL
1630,302,225.18,0.0,0.0
1631,806,257.31,0.0,0.0
1632,554,233.44,73.0,17041.12
1633,807,233.44,73.0,17041.12
1634,483,226.77,NULL,NULL
1635,808,262.82,NULL,NULL
1636,512,225.18,55.0,12384.9
1637,809,257.31,55.0,14152.05
1638,903,233.44,55.0,12839.2
1639,810,226.77,NULL,NULL
1640,811,225.18,NULL,NULL
1641,177,233.44,0.0,0.0
1642,812,233.44,0.0,0.0
1643,795,233.44,76.0,17741.44
1644,813,257.31,76.0,19555.56
1645,65,257.31,60.0,15438.6
1646,814,257.31,60.0,15438.6
1647,986,225.18,60.0,13510.8
1648,1,120.63,4.0,482.52
1649,709,120.63,4.0,482.52
1650,815,120.63,4.0,482.52
1651,816,83.46,59.0,4924.14
1652,817,25.72,52.0,1337.44
1653,818,233.44,95.0,22176.8
1654,819,225.18,NULL,NULL
1655,645,284.8,NULL,NULL
1656,820,284.8,NULL,NULL
1657,757,341.11,31.0,10574.41
1658,821,341.11,31.0,10574.41
1659,822,257.31,NULL,NULL
1660,692,225.18,26.0,5854.68
1661,823,225.18,26.0,5854.68
1662,824,262.82,64.0,16820.48
1663,789,262.82,NULL,NULL
1664,825,226.77,NULL,NULL
1665,826,226.77,48.0,10884.96
1666,827,262.82,11.0,2891.02
1667,577,7.19,NULL,NULL
1668,663,7.19,NULL,NULL
1669,767,7.19,NULL,NULL
1670,828,7.19,NULL,NULL
1671,54,225.18,58.0,13060.44
1672,829,233.44,58.0,13539.52
1673,830,262.82,NULL,NULL
1674,831,225.18,NULL,NULL
1675,832,331.55,18.0,5967.9
1676,833,225.18,NULL,NULL
1677,520,262.82,NULL,NULL
1678,590,226.77,NULL,NULL
1679,734,233.44,NULL,NULL
1680,834,225.18,NULL,NULL
1681,978,257.31,NULL,NULL
1682,113,473.08,NULL,NULL
1683,183,473.08,NULL,NULL
1684,530,473.08,NULL,NULL
1685,835,473.08,NULL,NULL
1686,836,183.93,NULL,NULL
1687,779,225.18,NULL,NULL
1688,837,257.31,NULL,NULL
1689,838,410.85,NULL,NULL
1690,996,410.85,NULL,NULL
1691,329,225.18,NULL,NULL
1692,839,226.77,NULL,NULL
1693,840,233.44,89.0,20776.16
1694,841,262.82,NULL,NULL
1695,842,262.82,NULL,NULL
1696,998,257.31,NULL,NULL
1697,843,233.44,NULL,NULL
1698,942,257.31,NULL,NULL
1699,844,226.77,53.0,12018.81
1700,845,226.77,NULL,NULL
1701,16,225.18,67.0,15087.06
1702,846,226.77,67.0,15193.59
1703,847,257.31,NULL,NULL
1704,368,262.82,97.0,25493.54
1705,450,257.31,97.0,24959.07
1706,848,233.44,97.0,22643.68
1707,849,170.12,NULL,NULL
1708,850,257.31,9.0,2315.79
1709,492,225.18,NULL,NULL
1710,629,257.31,NULL,NULL
1711,851,225.18,NULL,NULL
1712,281,233.44,NULL,NULL
1713,852,262.82,NULL,NULL
1714,853,225.18,NULL,NULL
1715,854,157.01,32.0,5024.32
1716,407,262.82,NULL,NULL
1717,529,226.77,NULL,NULL
1718,855,262.82,NULL,NULL
1719,573,136.35,NULL,NULL
1720,856,136.35,NULL,NULL
1721,463,272.84,NULL,NULL
1722,857,272.84,NULL,NULL
1723,335,233.44,58.0,13539.52
1724,858,226.77,58.0,13152.66
1725,738,262.82,NULL,NULL
1726,859,225.18,NULL,NULL
1727,226,226.77,NULL,NULL
1728,860,257.31,NULL,NULL
1729,932,262.82,NULL,NULL
1730,861,262.82,72.0,18923.04
1731,987,226.77,72.0,16327.44
1732,655,81.33,NULL,NULL
1733,862,81.33,NULL,NULL
1734,578,233.44,NULL,NULL
1735,863,225.18,NULL,NULL
1736,117,226.77,NULL,NULL
1737,568,225.18,NULL,NULL
1738,864,225.18,NULL,NULL
1739,865,262.82,NULL,NULL
1740,971,262.82,NULL,NULL
1741,866,226.77,NULL,NULL
1742,254,262.82,NULL,NULL
1743,441,225.18,NULL,NULL
1744,867,225.18,NULL,NULL
1745,609,257.31,NULL,NULL
1746,868,257.31,NULL,NULL
1747,236,196.91,NULL,NULL
1748,382,196.91,NULL,NULL
1749,548,196.91,NULL,NULL
1750,869,196.91,NULL,NULL
1751,589,208.54,70.0,14597.8
1752,870,208.54,70.0,14597.8
1753,130,225.18,NULL,NULL
1754,871,226.77,NULL,NULL
1755,192,257.31,NULL,NULL
1756,872,233.44,NULL,NULL
1757,944,225.18,NULL,NULL
1758,249,453.06,NULL,NULL
1759,336,453.06,NULL,NULL
1760,531,453.06,NULL,NULL
1761,873,453.06,NULL,NULL
1762,619,226.77,21.0,4762.17
1763,874,226.77,21.0,4762.17
1764,214,226.77,NULL,NULL
1765,875,257.31,NULL,NULL
1766,348,242.22,NULL,NULL
1767,876,242.22,NULL,NULL
1768,70,262.82,37.0,9724.34
1769,877,226.77,37.0,8390.49
1770,878,475.19,NULL,NULL
1771,879,233.44,NULL,NULL
1772,456,190.16,93.0,17684.88
1773,880,190.16,93.0,17684.88
1774,887,190.16,93.0,17684.88
1775,881,233.44,NULL,NULL
1776,28,226.77,NULL,NULL
1777,882,262.82,NULL,NULL
1778,173,233.44,79.0,18441.76
1779,321,262.82,79.0,20762.78
1780,883,226.77,79.0,17914.83
1781,446,226.77,1.0,226.77
1782,884,226.77,1.0,226.77
1783,75,124.32,NULL,NULL
1784,349,124.32,NULL,NULL
1785,885,124.32,NULL,NULL
1786,180,226.77,NULL,NULL
1787,424,257.31,NULL,NULL
1788,730,225.18,NULL,NULL
1789,886,262.82,NULL,NULL
1790,456,257.31,NULL,NULL
1791,880,257.31,NULL,NULL
1792,887,226.77,NULL,NULL
1793,794,172.13,72.0,12393.36
1794,888,172.13,72.0,12393.36
1795,889,257.31,36.0,9263.16
1796,890,225.18,NULL,NULL
1797,494,257.31,NULL,NULL
1798,891,233.44,NULL,NULL
1799,892,233.44,NULL,NULL
1800,713,374.73,NULL,NULL
1801,893,374.73,NULL,NULL
1802,894,188.07,NULL,NULL
1803,592,262.82,29.0,7621.78
1804,895,257.31,29.0,7461.99
1805,416,135.42,45.0,6093.9
1806,490,135.42,45.0,6093.9
1807,896,135.42,45.0,6093.9
1808,64,233.44,NULL,NULL
1809,897,225.18,NULL,NULL
1810,711,233.44,78.0,18208.32
1811,898,225.18,78.0,17564.04
1812,801,262.82,NULL,NULL
1813,899,225.18,NULL,NULL
1814,34,257.31,87.0,22385.97
1815,900,233.44,87.0,20309.28
1816,108,262.82,NULL,NULL
1817,901,233.44,NULL,NULL
1818,135,262.82,0.0,0.0
1819,902,257.31,0.0,0.0
1820,512,225.18,NULL,NULL
1821,809,257.31,NULL,NULL
1822,903,233.44,NULL,NULL
1823,904,273.02,NULL,NULL
1824,905,225.18,NULL,NULL
1825,911,226.77,NULL,NULL
1826,33,262.82,NULL,NULL
1827,146,233.44,NULL,NULL
1828,307,226.77,NULL,NULL
1829,906,257.31,NULL,NULL
1830,920,257.31,NULL,NULL
1831,907,225.18,NULL,NULL
1832,908,225.18,NULL,NULL
1833,320,397.48,19.0,7552.12
1834,366,397.48,19.0,7552.12
1835,909,397.48,19.0,7552.12
1836,5,168.92,NULL,NULL
1837,910,168.92,NULL,NULL
1838,905,225.18,NULL,NULL
1839,911,226.77,NULL,NULL
1840,21,325.54,NULL,NULL
1841,912,325.54,NULL,NULL
1842,150,476.32,NULL,NULL
1843,575,476.32,NULL,NULL
1844,913,476.32,NULL,NULL
1845,343,226.77,NULL,NULL
1846,680,226.77,NULL,NULL
1847,914,226.77,NULL,NULL
1848,915,257.31,30.0,7719.3
1849,76,225.18,NULL,NULL
1850,916,226.77,NULL,NULL
1851,125,262.82,NULL,NULL
1852,799,257.31,NULL,NULL
1853,917,257.31,NULL,NULL
1854,517,257.31,NULL,NULL
1855,720,262.82,NULL,NULL
1856,918,233.44,NULL,NULL
1857,956,225.18,NULL,NULL
1858,714,262.82,NULL,NULL
1859,919,257.31,NULL,NULL
1860,33,262.82,NULL,NULL
1861,146,233.44,NULL,NULL
1862,307,226.77,NULL,NULL
1863,906,257.31,NULL,NULL
1864,920,257.31,NULL,NULL
1865,52,456.72,50.0,22836.0
1866,144,456.72,50.0,22836.0
1867,400,456.72,50.0,22836.0
1868,668,456.72,50.0,22836.0
1869,921,456.72,50.0,22836.0
1870,576,226.77,89.0,20182.53
1871,922,262.82,89.0,23390.98
1872,948,257.31,89.0,22900.59
1873,143,233.44,NULL,NULL
1874,923,226.77,NULL,NULL
1875,970,257.31,NULL,NULL
1876,607,257.31,NULL,NULL
1877,924,233.44,NULL,NULL
1878,925,233.44,52.0,12138.88
1879,700,203.49,NULL,NULL
1880,926,203.49,NULL,NULL
1881,29,225.18,NULL,NULL
1882,927,225.18,NULL,NULL
1883,928,294.58,NULL,NULL
1884,261,233.44,21.0,4902.24
1885,929,262.82,21.0,5519.22
1886,715,225.18,NULL,NULL
1887,930,225.18,NULL,NULL
1888,931,257.31,NULL,NULL
1889,226,147.79,34.0,5024.86
1890,860,147.79,34.0,5024.86
1891,932,147.79,34.0,5024.86
1892,527,226.77,88.0,19955.76
1893,933,257.31,88.0,22643.28
1894,110,257.31,NULL,NULL
1895,934,257.31,NULL,NULL
1896,935,226.77,22.0,4988.94
1897,9,225.18,NULL,NULL
1898,777,262.82,NULL,NULL
1899,936,262.82,NULL,NULL
1900,543,226.77,NULL,NULL
1901,937,225.18,NULL,NULL
1902,269,226.77,NULL,NULL
1903,938,226.77,NULL,NULL
1904,939,225.18,NULL,NULL
1905,30,233.44,NULL,NULL
1906,940,226.77,NULL,NULL
1907,284,226.77,NULL,NULL
1908,358,226.77,NULL,NULL
1909,941,225.18,NULL,NULL
1910,843,233.44,NULL,NULL
1911,942,257.31,NULL,NULL
1912,392,225.18,NULL,NULL
1913,943,233.44,NULL,NULL
1914,192,257.31,NULL,NULL
1915,872,233.44,NULL,NULL
1916,944,225.18,NULL,NULL
1917,652,257.31,NULL,NULL
1918,945,225.18,NULL,NULL
1919,946,257.31,NULL,NULL
1920,776,262.82,NULL,NULL
1921,947,257.31,NULL,NULL
1922,576,226.77,NULL,NULL
1923,922,262.82,NULL,NULL
1924,948,257.31,NULL,NULL
1925,591,304.23,NULL,NULL
1926,949,304.23,NULL,NULL
1927,603,339.16,NULL,NULL
1928,950,339.16,NULL,NULL
1929,951,257.31,3.0,771.93
1930,952,475.57,NULL,NULL
1931,953,262.82,88.0,23128.16
1932,10,257.31,NULL,NULL
1933,954,262.82,NULL,NULL
1934,955,233.44,11.0,2567.84
1935,517,98.6,NULL,NULL
1936,720,98.6,NULL,NULL
1937,918,98.6,NULL,NULL
1938,956,98.6,NULL,NULL
1939,308,290.52,NULL,NULL
1940,957,290.52,NULL,NULL
1941,551,262.82,17.0,4467.94
1942,958,226.77,17.0,3855.09
1943,959,233.44,1.0,233.44
1944,315,225.18,NULL,NULL
1945,657,233.44,NULL,NULL
1946,678,262.82,NULL,NULL
1947,960,257.31,NULL,NULL
1948,961,262.82,NULL,NULL
1949,962,257.31,NULL,NULL
1950,963,69.66,NULL,NULL
1951,139,226.77,NULL,NULL
1952,650,233.44,NULL,NULL
1953,964,262.82,NULL,NULL
1954,965,281.81,0.0,0.0
1955,24,262.82,NULL,NULL
1956,966,257.31,NULL,NULL
1957,992,233.44,NULL,NULL
1958,967,262.82,NULL,NULL
1959,968,226.77,NULL,NULL
1960,969,262.82,1.0,262.82
1961,972,226.77,1.0,226.77
1962,143,233.44,NULL,NULL
1963,923,226.77,NULL,NULL
1964,970,257.31,NULL,NULL
1965,865,262.82,NULL,NULL
1966,971,262.82,NULL,NULL
1967,969,336.9,NULL,NULL
1968,972,336.9,NULL,NULL
1969,774,392.01,NULL,NULL
1970,973,392.01,NULL,NULL
1971,127,233.44,NULL,NULL
1972,974,233.44,NULL,NULL
1973,703,257.31,NULL,NULL
1974,975,226.77,NULL,NULL
1975,610,380.82,NULL,NULL
1976,976,380.82,NULL,NULL
1977,977,226.77,NULL,NULL
1978,520,178.31,NULL,NULL
1979,590,178.31,NULL,NULL
1980,734,178.31,NULL,NULL
1981,834,178.31,NULL,NULL
1982,978,178.31,NULL,NULL
1983,979,21.0,NULL,NULL
1984,980,226.77,NULL,NULL
1985,36,225.18,NULL,NULL
1986,981,226.77,NULL,NULL
1987,123,233.44,NULL,NULL
1988,982,257.31,NULL,NULL
1989,181,187.69,NULL,NULL
1990,983,187.69,NULL,NULL
1991,509,225.18,35.0,7881.3
1992,984,257.31,35.0,9005.85
1993,309,262.82,46.0,12089.72
1994,328,226.77,46.0,10431.42
1995,985,225.18,46.0,10358.28
1996,65,257.31,33.0,8491.23
1997,814,257.31,33.0,8491.23
1998,986,225.18,33.0,7430.94
1999,861,262.82,NULL,NULL
2000,987,226.77,NULL,NULL
2001,276,329.78,NULL,NULL
2002,988,329.78,NULL,NULL
2003,989,276.23,6.0,1657.38
2004,212,257.31,NULL,NULL
2005,990,262.82,NULL,NULL
2006,746,226.77,NULL,NULL
2007,991,233.44,NULL,NULL
2008,24,262.82,NULL,NULL
2009,966,257.31,NULL,NULL
2010,992,233.44,NULL,NULL
2011,141,244.41,0.0,0.0
2012,993,244.41,0.0,0.0
2013,91,424.86,NULL,NULL
2014,160,424.86,NULL,NULL
2015,994,424.86,NULL,NULL
2016,995,233.44,NULL,NULL
2017,838,226.77,85.0,19275.45
2018,996,257.31,85.0,21871.35
2019,997,125.43,20.0,2508.6
2020,842,470.79,NULL,NULL
2021,998,470.79,NULL,NULL
2022,599,257.31,NULL,NULL
2023,999,257.31,NULL,NULL
2024,1000,257.31,NULL,NULL
