student_id,first_name,last_name,age,gender,grade,major_id
1,John,Clark,20.0,F,A+,1
2,Anthony,Rice,24.0,M,D,2
3,Tammy,Ramirez,NULL,F,D,1
4,Kari,Nguyen,20.0,M,B,3
5,Danielle,Mccann,20.0,F,C,3
6,Thomas,Rivera,20.0,F,F,4
7,Daniel,Williams,NULL,Unknown,B,1
8,Gwendolyn,Davis,20.0,F,B,5
9,Thomas,Charles,18.0,M,D,4
10,Brian,Bryan,NULL,F,B,6
11,Jamie,Bowen,NULL,Unknown,B,4
12,Amy,Manning,NULL,M,A,3
13,Theresa,Wood,NULL,M,F,4
14,Brenda,Sloan,NULL,F,A,4
15,Chelsey,Nelson DVM,20.0,F,A+,6
16,Brent,Chan,NULL,M,C,6
17,Lisa,Shaffer,NULL,M,B,4
18,Mike,Reynolds,20.0,F,A,5
19,Sean,Wood,NULL,F,C,3
20,Lisa,Mcknight,19.0,Unknown,A,1
21,Jonathan,Blackwell,17.0,Unknown,A,3
22,Joshua,Sanchez,NULL,F,D,3
23,Briana,Beltran,NULL,M,B,1
24,Heather,Friedman,NULL,Unknown,F,6
25,Emily,Williams,NULL,F,B,1
26,Miss,Hannah Collins,NULL,F,A,4
27,Francisco,Contreras,20.0,M,F,6
28,Anthony,Alexander,26.0,Unknown,A,2
29,Sierra,Crawford DDS,NULL,M,F,1
30,Tiffany,Rivas,30.0,M,F,6
31,Jessica,Dickerson,20.0,F,F,5
32,Karen,Williams,30.0,Unknown,D,6
33,Tim,Holmes,NULL,Unknown,C,3
34,Katie,Stewart,NULL,Unknown,F,1
35,Amber,Hernandez,20.0,M,B,5
36,Kenneth,Reynolds,20.0,Unknown,A,5
37,Tammy,Garza,20.0,M,D,1
38,Kimberly,Mccormick,NULL,F,F,3
39,Dr.,Andrew Campbell,NULL,Unknown,C,1
40,Robert,Johnson,20.0,M,F,6
41,Bradley,Harris,20.0,Unknown,C,6
42,Heather,Miller,NULL,F,F,1
43,John,Martinez,20.0,F,D,4
44,Stacey,Green,22.0,M,A,3
45,Steven,Woodard,NULL,F,D,5
46,Scott,Cooley,NULL,F,F,5
47,Sean,Solomon,NULL,F,C,5
48,Suzanne,Williams,25.0,M,D,4
49,Courtney,Garcia,20.0,M,F,6
50,Charles,Gibbs,NULL,F,D,6
51,Joseph,Miller,28.0,F,B,3
52,Mr.,Carlos Lee,20.0,F,A,2
53,James,Tucker,NULL,M,B,1
54,Nicole,Ellis,NULL,Unknown,D,6
55,Michael,Walker,20.0,F,A+,4
56,Katherine,Andrews,NULL,F,F,3
57,Darlene,Buck,17.0,M,F,1
58,Steven,Brown,30.0,M,B,2
59,Stephanie,Nguyen,20.0,F,D,4
60,Cameron,Herrera,24.0,M,A,6
61,Patricia,Holmes,NULL,M,D,5
62,Zachary,Steele,24.0,M,C,3
63,Allison,Patrick MD,19.0,F,B,6
64,Damon,Jones,30.0,F,F,1
65,John,Harding,24.0,M,D,4
66,James,Estes,20.0,F,B,3
67,Edward,Webster,24.0,F,B,2
68,Marcus,Beard,20.0,F,F,4
69,Sierra,Holmes,NULL,F,F,4
70,Daniel,Mendoza,20.0,Unknown,A,3
71,Tracy,Ruiz,27.0,M,A+,6
72,Manuel,Clark,18.0,Unknown,B,2
73,Danielle,Johnson,28.0,M,B,2
74,Keith,Cummings,28.0,M,A+,4
75,Dawn,Edwards,NULL,Unknown,F,4
76,Beth,Wise,NULL,Unknown,A,2
77,Jennifer,Gray,26.0,M,F,1
78,Lori,Booth,NULL,Unknown,D,5
79,Carla,Rivera,NULL,F,D,5
80,Richard,Manning,20.0,Unknown,C,4
81,Hunter,Williams,20.0,M,C,5
82,Marissa,Collier,NULL,M,B,4
83,John,Clark,20.0,F,F,3
84,Belinda,Taylor,NULL,M,B,5
85,Christopher,Jackson,NULL,F,A+,4
86,David,Martinez,NULL,M,B,3
87,Joanna,Schultz,NULL,M,A+,1
88,Sheri,White,17.0,M,C,4
89,Crystal,Fleming MD,NULL,M,F,3
90,Luis,Henry,NULL,M,F,5
91,James,Cunningham,NULL,Unknown,D,5
92,Michael,Wagner,22.0,M,A,6
93,Joel,Strong,NULL,Unknown,B,5
94,Breanna,Gonzalez,20.0,M,C,4
95,Adam,Kerr,20.0,F,F,3
96,James,Peterson,20.0,M,B,5
97,Dylan,West,20.0,M,A,5
98,Renee,Gomez,NULL,F,C,2
99,Jackie,Moran,20.0,M,F,1
100,Sara,Jackson,27.0,F,F,4
101,Amber,Wolf,NULL,F,C,5
102,Morgan,Flowers,26.0,F,C,6
103,Eric,Gould,27.0,F,B,4
104,Xavier,Obrien,18.0,F,D,1
105,Elizabeth,Nguyen,20.0,M,B,3
106,Heather,Hernandez,21.0,F,F,4
107,Christopher,Curtis,NULL,F,F,4
108,Charles,Mckinney,NULL,M,F,5
109,Kevin,Marshall,NULL,Unknown,D,3
110,Michele,Morgan,NULL,Unknown,F,4
111,Casey,Thornton,20.0,Unknown,C,6
112,Monica,Hubbard,20.0,F,F,2
113,Steven,Solis,20.0,F,A+,4
114,Janice,Rowland,NULL,M,F,4
115,Andrea,Hunt,22.0,M,B,1
116,Sean,Anderson,20.0,Unknown,F,6
117,Jacqueline,Eaton,20.0,F,A+,1
118,Earl,Gomez,18.0,F,A+,4
119,Chelsea,Phillips,18.0,Unknown,A+,4
120,Douglas,Hill,NULL,F,F,1
121,Theresa,Garcia,20.0,M,A+,1
122,Alyssa,Thompson,NULL,Unknown,C,3
123,Michael,Moore,NULL,F,D,3
124,Mia,Mercado,29.0,M,F,5
125,Vincent,Rollins,NULL,M,F,2
126,Jeffrey,Scott,NULL,F,B,1
127,Gary,Phillips,20.0,F,A,4
128,Rodney,Price,17.0,M,C,6
129,Amy,Harper,30.0,M,C,2
130,Harold,Andrews,26.0,M,A+,1
131,Ellen,Leon,20.0,M,D,6
132,Pamela,Bailey,NULL,M,C,4
133,Todd,Arroyo,NULL,Unknown,B,3
134,Emily,Marquez,NULL,M,A+,1
135,Miguel,Williams,17.0,Unknown,C,2
136,Christopher,Lee,NULL,F,A+,5
137,Amy,Bautista,21.0,F,F,6
138,Eric,Lara,20.0,F,D,3
139,Michelle,Hall,21.0,M,D,2
140,Maria,Bailey,NULL,F,A+,6
141,Brooke,Cooper,NULL,F,A,1
142,Jennifer,Lee,24.0,M,B,2
143,Cynthia,Baldwin,26.0,M,A,5
144,Daniel,Ball,NULL,F,C,2
145,Eric,Thomas,NULL,F,D,4
146,Andrew,Schultz,NULL,M,A,4
147,Stacy,Valenzuela PhD,NULL,M,F,2
148,Gregory,Jarvis,NULL,F,B,2
149,Sally,Booker,NULL,Unknown,C,2
150,Heather,Richardson,NULL,F,D,6
151,Angela,Adams,20.0,Unknown,B,5
152,Jonathan,Yu,NULL,M,A+,1
153,Christina,Gonzalez,NULL,F,D,6
154,Donna,Garcia,NULL,F,A,6
155,Christopher,Trujillo,NULL,M,F,6
156,Mr.,Jason Davila,20.0,F,C,3
157,Noah,Williams,NULL,F,F,2
158,Miranda,Williams,20.0,M,B,4
159,Micheal,Ward,NULL,F,D,3
160,Curtis,Martinez,NULL,F,A+,4
161,Edward,Pennington,NULL,M,F,3
162,Stacy,Johnson,NULL,F,D,3
163,Beth,Carter,20.0,F,A,2
164,Courtney,Mclean,NULL,F,A+,5
165,Emily,Willis,NULL,Unknown,F,5
166,Jean,Downs,NULL,Unknown,F,1
167,Kevin,Jones,24.0,M,D,6
168,Samantha,Harmon,29.0,M,A,5
169,Nicholas,Williams,NULL,F,A+,1
170,Jesse,Washington,20.0,F,A,5
171,Philip,Miller,29.0,F,D,5
172,Matthew,Mathews,20.0,M,A,5
173,Christopher,Chavez,NULL,M,A+,3
174,Brenda,Joseph,19.0,M,C,4
175,Lindsey,Hunt,NULL,M,D,2
176,Michael,Singh,NULL,Unknown,B,5
177,Beth,Mullins MD,NULL,F,F,2
178,Scott,Mcclain,NULL,Unknown,B,1
179,Karen,Ward MD,NULL,Unknown,B,3
180,Michelle,Alexander,NULL,M,B,1
181,Jennifer,Hall,20.0,M,A+,3
182,Michael,Molina,NULL,F,F,2
183,Daniel,Irwin,20.0,Unknown,A+,3
184,Roger,Austin,NULL,Unknown,B,3
185,Kevin,Taylor,NULL,F,C,3
186,Michael,Smith,NULL,F,A+,1
187,Catherine,Martin,NULL,Unknown,F,4
188,Lisa,Hernandez,17.0,M,A+,4
189,Carolyn,Martinez,20.0,F,B,5
190,Brandy,Strickland,NULL,Unknown,F,1
191,Darrell,Smith,20.0,M,C,5
192,Sheila,Stewart,17.0,M,A,1
193,Rachel,Esparza,NULL,F,F,1
194,Mary,Young,20.0,F,F,1
195,Morgan,Taylor,NULL,F,A,6
196,Melissa,Casey,20.0,F,F,3
197,Jeffrey,White,NULL,F,F,2
198,Jesse,Miller,NULL,F,A,5
199,Desiree,Vasquez,NULL,Unknown,B,3
200,James,Hale,NULL,M,F,3
201,Charles,Miller,20.0,M,D,2
202,Stephanie,Johnson,21.0,F,F,1
203,Patrick,Lopez,18.0,F,A,4
204,Charles,Williams,NULL,M,A+,5
205,Scott,Garcia,NULL,Unknown,D,1
206,Nicole,Anderson,20.0,Unknown,F,3
207,John,Davis,20.0,F,D,5
208,Aaron,Pena,20.0,M,A,1
209,Shelby,Barber,24.0,M,D,6
210,Martin,Mendez,NULL,M,F,1
211,Kevin,Phillips,30.0,M,A+,6
212,Jason,Pittman,NULL,F,F,3
213,Thomas,Hart,30.0,Unknown,A,2
214,Kimberly,Mendoza,NULL,M,D,1
215,Brenda,Davis,NULL,Unknown,B,6
216,Matthew,Francis,NULL,M,A+,1
217,Michelle,Morgan,NULL,M,C,2
218,Dr.,Timothy Ramirez,20.0,M,D,3
219,Jeff,Sullivan,30.0,M,F,3
220,Paula,Campbell,NULL,F,B,6
221,Jill,Campos,25.0,F,A,3
222,Christopher,Mitchell,NULL,F,A+,3
223,Kristen,Freeman,22.0,Unknown,C,3
224,Joseph,Sanders,NULL,M,B,1
225,Cody,Hendricks,20.0,Unknown,C,6
226,Kenneth,Diaz,26.0,F,D,4
227,Nicholas,Watts,NULL,Unknown,F,2
228,Laura,Leach,20.0,M,A+,1
229,Micheal,Phillips,NULL,M,A,4
230,Christine,Sims,NULL,M,A,2
231,Brad,Berg,20.0,M,B,2
232,Anna,Taylor,NULL,F,C,4
233,Veronica,Meadows,20.0,Unknown,D,6
234,Jessica,Sherman,NULL,F,F,3
235,Sarah,Mays,20.0,Unknown,A,3
236,Elizabeth,Pierce,17.0,F,A,5
237,Michael,Hudson,NULL,Unknown,F,1
238,Pamela,Chavez,NULL,Unknown,A+,4
239,Natalie,Haney DVM,20.0,F,F,4
240,Carolyn,Ford,25.0,Unknown,A+,5
241,Nicholas,Chung,NULL,M,F,2
242,Trevor,Johnson,NULL,F,A,3
243,Amy,Byrd,20.0,M,B,4
244,Laura,Williams,18.0,Unknown,F,1
245,Olivia,Ball,NULL,F,A,1
246,Ryan,Salazar DDS,NULL,F,A,1
247,Erin,Briggs,21.0,F,F,2
248,David,Meyers,NULL,F,A,6
249,Katherine,Walker,20.0,M,C,1
250,Taylor,Stewart,NULL,M,D,5
251,John,Perez,NULL,M,D,3
252,Thomas,Ritter,NULL,M,C,4
253,Crystal,Smith,NULL,Unknown,B,2
254,Bill,Sutton,20.0,F,F,3
255,George,Dyer,17.0,M,A,6
256,Kathy,Johnson,20.0,F,D,6
257,George,Lewis,NULL,M,D,3
258,Leslie,Wilson,20.0,M,B,6
259,Jacqueline,Randolph MD,20.0,F,A+,6
260,Alexander,Sanchez,NULL,F,C,3
261,Tiffany,Thomas,20.0,F,D,2
262,Kimberly,Woods,20.0,F,F,6
263,Jill,Lee,NULL,Unknown,A+,4
264,Lisa,White,NULL,F,D,4
265,Andrew,Erickson,29.0,M,F,5
266,Melissa,Reese,NULL,F,B,2
267,Elizabeth,Robinson,NULL,Unknown,D,1
268,William,Goodwin,20.0,F,F,5
269,Ronald,Blake,NULL,M,F,4
270,Mr.,David Cochran,25.0,M,A,1
271,James,Martinez,NULL,F,C,5
272,Michael,Jackson,20.0,M,F,4
273,Kristin,Olsen,NULL,M,B,5
274,Abigail,Austin,NULL,M,B,6
275,Michelle,Brown,20.0,Unknown,A+,4
276,Melissa,Arnold,NULL,Unknown,C,1
277,Bonnie,Campos,27.0,Unknown,F,1
278,Patrick,Orozco,30.0,M,A,6
279,John,Murphy,NULL,M,B,1
280,Beth,Wolfe,NULL,M,B,5
281,Tammy,Lindsey,NULL,M,B,5
282,Wendy,Hernandez,20.0,F,D,6
283,Dana,Rivera,18.0,Unknown,A+,6
284,Michael,Miller,NULL,F,F,4
285,Shelby,Schultz DDS,20.0,Unknown,C,6
286,Maria,Powell,20.0,M,D,4
287,Anthony,Chavez,NULL,F,A,6
288,Scott,Obrien,20.0,M,F,4
289,Brittany,Flores,20.0,M,F,3
290,Adam,Salinas,30.0,Unknown,F,1
291,Karen,Hall,22.0,M,A,6
292,Jennifer,Kent DDS,NULL,M,F,2
293,Carla,Thomas,20.0,F,C,5
294,Jennifer,Reyes,20.0,F,D,4
295,Danielle,Wheeler,NULL,F,F,3
296,John,Davis,NULL,F,A,3
297,Darlene,Nunez,NULL,F,F,6
298,Amanda,Ballard,NULL,F,B,6
299,Ariel,Delgado,NULL,F,A,2
300,Vanessa,Edwards,NULL,M,F,2
301,George,Brown,NULL,F,B,2
302,Laura,Perkins,NULL,M,F,2
303,Adam,Jackson,28.0,F,A,5
304,Amy,Ward DDS,NULL,F,A,4
305,Larry,Ross,21.0,Unknown,A+,1
306,Thomas,Cole,20.0,M,D,1
307,Michele,Lloyd,NULL,M,B,2
308,Teresa,Davis,NULL,F,A+,6
309,Dorothy,Mata,NULL,M,C,1
310,Michele,Mitchell,NULL,M,D,2
311,Adam,Douglas,NULL,F,B,5
312,Gregory,Dillon,NULL,F,A+,5
313,Douglas,Gutierrez,20.0,M,C,4
314,Kyle,Cole,NULL,Unknown,B,4
315,Carolyn,Richardson,NULL,F,F,1
316,Wanda,Espinoza,20.0,M,B,6
317,Justin,Lynch,NULL,M,F,5
318,Stephanie,Jones,20.0,M,D,4
319,Mark,Patel,20.0,M,C,2
320,Daniel,Pena,NULL,Unknown,A,2
321,Alejandra,Long,25.0,M,D,2
322,Lauren,Jefferson,NULL,Unknown,F,6
323,Sean,Perez,24.0,F,F,1
324,Haley,White,20.0,Unknown,F,4
325,Jonathan,Simon,NULL,Unknown,F,6
326,Christopher,Daniels,20.0,M,F,1
327,Adam,Lowe,NULL,Unknown,F,4
328,Albert,Martinez,30.0,Unknown,A,5
329,Katie,Rodriguez,20.0,F,F,3
330,David,Gonzales,NULL,M,A,5
331,Daniel,Bush,NULL,Unknown,B,5
332,Steven,Collins,NULL,M,F,3
333,Jeffrey,Brown,20.0,M,C,2
334,Joseph,Schultz,25.0,F,A,5
335,Angel,Lee,20.0,F,C,6
336,Molly,Bailey,NULL,M,D,3
337,Mark,Dixon,NULL,F,A,4
338,Mark,Gillespie,NULL,F,F,6
339,Theresa,Decker,NULL,Unknown,C,4
340,Alex,Collins,NULL,Unknown,A,3
341,Sherri,Brown,20.0,M,F,1
342,Stephanie,Gonzalez,NULL,Unknown,C,5
343,Victoria,Valdez,22.0,Unknown,D,2
344,Sara,Parks,17.0,Unknown,A,6
345,Juan,Bell,NULL,Unknown,F,2
346,Kim,Flores,NULL,Unknown,F,2
347,Mr.,Wesley Carr,20.0,M,A,1
348,Ruth,Young,NULL,M,F,3
349,David,Miller,NULL,M,C,4
350,Donald,Shea,20.0,M,C,6
351,Christine,Solomon,NULL,F,A+,5
352,Kristina,Mcgrath,NULL,M,F,5
353,Elizabeth,Rivas,20.0,Unknown,A,4
354,Kevin,Thornton,20.0,F,F,5
355,Christopher,Kim,NULL,M,F,1
356,Eric,Moreno,NULL,Unknown,F,5
357,Brian,Butler,30.0,Unknown,C,1
358,Susan,Johnson,NULL,F,B,6
359,Marcus,Shelton,20.0,F,C,4
360,Robert,Campos,NULL,M,B,5
361,Jeffrey,Lam,22.0,M,F,3
362,Mrs.,Joanna Yang DVM,20.0,F,F,5
363,Jennifer,Valenzuela,NULL,F,F,6
364,Kayla,Turner,NULL,F,A,1
365,Jack,Salazar,NULL,F,F,3
366,Angela,Washington,20.0,M,F,6
367,Deanna,Cantrell,20.0,F,B,5
368,Madison,Johnson,NULL,F,B,4
369,Louis,Sanchez,NULL,F,A+,4
370,Regina,Reynolds,NULL,M,A+,4
371,Ellen,Maxwell,NULL,F,D,1
372,Amanda,Hayden,NULL,M,B,2
373,John,Johnson,NULL,F,A,4
374,Anita,Stevenson,20.0,F,A,3
375,Robert,Martinez,24.0,M,C,3
376,Michael,Winters,NULL,Unknown,D,6
377,Grant,Lyons,20.0,F,D,2
378,Patricia,Martinez,20.0,Unknown,A+,5
379,Kimberly,Lee,20.0,F,B,3
380,William,Reeves,20.0,M,A,4
381,Christy,Howell,23.0,M,A+,5
382,Brianna,Rivas,19.0,F,F,6
383,William,Flowers,NULL,F,F,4
384,Aaron,Carpenter,23.0,F,C,5
385,Steve,Howard,18.0,F,F,3
386,Julie,Ashley,NULL,M,B,2
387,Mrs.,Phyllis Jones,NULL,Unknown,C,2
388,Aimee,Robinson,19.0,M,F,2
389,Alexis,Morrison,22.0,Unknown,F,2
390,Adriana,Coffey,NULL,F,D,4
391,Sean,Williams,20.0,M,F,4
392,Sarah,Richardson PhD,20.0,F,A,2
393,Virginia,Williams,NULL,F,B,2
394,John,Fields,20.0,Unknown,A+,4
395,Chelsea,Sweeney,20.0,M,A+,6
396,Sharon,Clements,NULL,M,C,4
397,Joseph,Robinson,20.0,M,F,3
398,Joseph,Sharp,17.0,F,A+,5
399,Laura,Hall,19.0,F,F,2
400,Mitchell,Wells,NULL,M,B,4
401,Heather,Pennington,NULL,F,F,1
402,Ryan,Ward,26.0,M,F,1
403,Richard,Ramos,NULL,Unknown,C,5
404,Steven,Ewing,17.0,F,F,6
405,Steven,Garcia,NULL,M,A+,1
406,Mason,Obrien,NULL,F,D,3
407,Mathew,Pena,NULL,F,A,5
408,Thomas,Velazquez,NULL,M,D,3
409,Elizabeth,Riley,NULL,F,F,5
410,Brian,Mcmahon,NULL,Unknown,A,6
411,Mark,Keller,NULL,M,A,5
412,Angela,Barker,NULL,Unknown,F,1
413,Maria,Thomas,NULL,M,F,4
414,Robert,Hughes,NULL,Unknown,C,2
415,Robert,Parker,NULL,F,B,6
416,Matthew,Powell,NULL,F,D,4
417,Arthur,Miller,26.0,F,C,5
418,Bryan,Murphy,NULL,F,F,1
419,Alan,Ramirez,20.0,M,C,3
420,Ruth,Mckenzie,NULL,M,D,4
421,Matthew,Ward,20.0,Unknown,B,5
422,Bryan,Dominguez,28.0,Unknown,A,3
423,David,Hernandez,NULL,F,C,5
424,Jon,Johnson,30.0,F,B,4
425,Lawrence,Brewer,20.0,M,C,3
426,Joseph,Hernandez MD,NULL,F,C,3
427,Nathan,Macias,NULL,F,F,4
428,Edgar,Davis,20.0,F,C,4
429,Debra,Morgan,NULL,Unknown,F,3
430,Stephanie,Taylor,20.0,F,B,2
431,Mr.,Justin Lam,20.0,F,D,6
432,Bethany,Lane,20.0,M,A,1
433,Alexander,Murphy,20.0,Unknown,A,2
434,Laura,Morgan,NULL,Unknown,F,2
435,Jill,Stuart,28.0,M,F,2
436,Sheila,Reynolds,17.0,F,F,6
437,Nathan,King,20.0,F,A+,6
438,Eric,Garcia,NULL,F,F,4
439,Jennifer,Robinson,NULL,M,F,2
440,Derrick,Clark,NULL,M,F,1
441,Robert,Reed,NULL,M,C,4
442,Robert,Farmer,NULL,Unknown,D,5
443,Joshua,Carrillo,20.0,Unknown,D,4
444,Brandon,Garrett,NULL,Unknown,A,4
445,Katherine,Espinoza,21.0,F,A,6
446,Antonio,Kramer,30.0,M,A,2
447,Gabriel,Taylor,19.0,F,B,3
448,Erica,Warner,20.0,M,B,5
449,Jerry,Miranda,NULL,F,C,6
450,Tom,Hill,23.0,Unknown,C,4
451,Erik,Lamb,20.0,Unknown,C,1
452,Jennifer,Nelson,NULL,M,D,2
453,Thomas,Randolph,20.0,F,D,6
454,James,Harding,20.0,Unknown,F,6
455,Brett,Bailey,NULL,F,C,6
456,Brenda,Jones,NULL,M,A,1
457,Ricardo,Johnson,20.0,F,F,3
458,Austin,Carroll,NULL,Unknown,D,3
459,Dr.,Richard Peck PhD,29.0,M,D,3
460,Martin,Oliver,NULL,F,A+,3
461,Timothy,Clark,20.0,M,F,3
462,Johnny,Mcguire,20.0,Unknown,A,6
463,Howard,Sutton,NULL,F,B,2
464,Erica,Porter,NULL,F,C,5
465,Jennifer,Morris,20.0,M,F,3
466,Jeffrey,Sanchez,NULL,F,A+,6
467,Shannon,Rhodes,NULL,M,B,2
468,Kathy,Jensen,20.0,F,F,3
469,Joseph,Guerra,NULL,F,A+,5
470,Danielle,Smith,NULL,F,A+,4
471,Helen,Collins,NULL,F,A,6
472,Kenneth,Rodriguez,NULL,M,A+,3
473,Tammy,Smith,20.0,M,C,4
474,Latoya,Ray,20.0,M,D,5
475,Gary,Castillo,29.0,F,A,6
476,Angela,Wise,NULL,F,A,5
477,Stacey,Figueroa,20.0,F,F,1
478,Dr.,Larry Hopkins,20.0,Unknown,F,6
479,Christopher,Hernandez,NULL,M,A+,4
480,Jaclyn,Sampson,20.0,F,D,6
481,Peggy,Mullins,25.0,Unknown,C,2
482,Allen,Jacobs,20.0,F,A+,6
483,Michael,Jackson,21.0,M,A,2
484,Emily,Stevens,NULL,F,A+,5
485,Michael,Garcia,23.0,F,F,3
486,Jose,Davis,NULL,Unknown,C,5
487,Elizabeth,Mason,20.0,M,F,1
488,Stefanie,Conley,NULL,M,C,6
489,Joseph,Todd,20.0,F,F,2
490,Daniel,Bowman,NULL,F,B,5
491,Courtney,Gilmore,NULL,F,F,3
492,Ryan,Miller,20.0,M,F,3
493,Mia,Kennedy,NULL,M,F,2
494,Christine,Lara,NULL,M,A+,2
495,David,Snyder,20.0,M,F,2
496,Jerry,Thompson,26.0,M,A+,4
497,Eric,Martin,NULL,M,B,2
498,Christina,Jackson,20.0,F,D,6
499,Sandra,Taylor,20.0,F,A+,5
500,David,West,NULL,F,F,5
501,Dr.,Tristan Shaffer Jr.,NULL,F,C,2
502,Andrew,Martinez,20.0,M,C,4
503,Catherine,Harris,20.0,Unknown,F,4
504,Christopher,Allen,NULL,Unknown,F,6
505,William,Alexander,NULL,M,A+,4
506,Patrick,Friedman,27.0,F,A+,6
507,Katherine,Austin,20.0,M,F,2
508,Amanda,Franklin,NULL,M,A,6
509,Kimberly,Lewis,17.0,M,B,5
510,Sabrina,Morris,23.0,F,C,1
511,Erin,Walker,NULL,F,F,6
512,Brandi,Garcia,20.0,F,F,5
513,April,Berry,NULL,F,A,6
514,Miguel,Mays,20.0,M,A,5
515,Jeffrey,Morales,NULL,M,F,3
516,Christopher,Hall,20.0,Unknown,B,5
517,Roy,Clark,27.0,F,A,3
518,Chris,Murray,NULL,M,A,3
519,Susan,Smith,20.0,F,B,5
520,Andrew,Hernandez,NULL,M,F,2
521,Jessica,Johnson,NULL,Unknown,C,2
522,Brian,Hinton,NULL,M,C,2
523,Laura,Reed,NULL,F,F,3
524,Kayla,Martin,NULL,M,A,2
525,Julian,Conrad,20.0,M,A+,4
526,Janice,Burton,23.0,F,F,2
527,Shelia,Delacruz,26.0,M,A,1
528,Lawrence,Thompson,23.0,Unknown,A+,1
529,James,Brown,25.0,M,C,2
530,Sarah,Evans,20.0,Unknown,F,6
531,Amanda,Carter,NULL,M,F,1
532,Joshua,Cook,24.0,Unknown,C,6
533,Alexandra,Bell,20.0,Unknown,F,2
534,Robert,Wright,NULL,M,F,1
535,Melissa,Douglas,NULL,M,F,1
536,Shannon,Jackson,20.0,F,D,2
537,Hayley,Mcdaniel,20.0,Unknown,D,2
538,Kristina,Carter,NULL,Unknown,D,3
539,Thomas,Salinas,NULL,F,F,3
540,Scott,Wood,NULL,F,F,2
541,Alexis,Carter,21.0,Unknown,F,1
542,Wanda,Spence,NULL,Unknown,B,3
543,Gabriella,Roberts,NULL,F,F,2
544,Adrian,Smith,NULL,Unknown,F,5
545,Brianna,Walker,NULL,F,C,2
546,Shawn,Harris,20.0,F,A+,2
547,Alyssa,Patterson,20.0,F,B,1
548,Robert,Mason,21.0,M,F,4
549,Ashley,Payne,26.0,F,F,3
550,Travis,Carter,NULL,M,C,3
551,Linda,Davis,NULL,F,A+,1
552,William,Blackburn,NULL,M,A,4
553,Lisa,Scott,NULL,F,A,4
554,Alan,Vargas,20.0,F,A+,4
555,Veronica,Miller,25.0,F,F,2
556,Anthony,Woods,17.0,M,F,4
557,Tammy,Stevens,NULL,M,D,4
558,Mr.,Eric Lopez II,NULL,M,D,6
559,Daniel,Shea,NULL,Unknown,D,3
560,Samuel,Wright,29.0,F,B,5
561,Kevin,Mays,20.0,F,C,1
562,Carolyn,Arnold,22.0,M,F,5
563,Diana,Robinson,20.0,F,B,3
564,Emma,Perry,NULL,F,D,1
565,Kim,Nelson,NULL,M,F,3
566,Stephanie,Robbins,NULL,M,C,5
567,Robin,Lewis,NULL,F,A,3
568,Michelle,Allen,NULL,M,A,5
569,Valerie,White,NULL,F,F,5
570,Ronald,Garcia,NULL,Unknown,C,5
571,Elizabeth,Perry,20.0,F,B,5
572,Isaac,Kim,25.0,Unknown,A+,5
573,Paul,Morris,20.0,F,A+,2
574,Thomas,Ewing,NULL,Unknown,A+,2
575,Benjamin,Wong,27.0,M,F,2
576,Gerald,Dougherty,29.0,F,D,6
577,Eric,Durham,20.0,F,F,1
578,Shawn,Vega,20.0,M,B,6
579,April,York,NULL,Unknown,F,2
580,Matthew,Ortega,28.0,Unknown,F,6
581,Barbara,Phillips,30.0,F,A,3
582,Brandon,Williams,NULL,F,F,6
583,Erica,Green,NULL,F,F,6
584,Mr.,Robert Manning DVM,21.0,Unknown,F,2
585,Brian,Smith,NULL,M,B,3
586,Rebecca,Henderson,25.0,F,A+,6
587,Julia,Rodgers,NULL,F,B,6
588,Gregory,Bush,NULL,F,B,3
589,Susan,Gilmore,NULL,Unknown,C,4
590,Jordan,Drake,28.0,F,B,6
591,Lisa,Hayes,NULL,F,F,3
592,Logan,Reyes,NULL,M,C,2
593,Dawn,Wang,NULL,Unknown,A,6
594,Edward,Collins,17.0,M,F,2
595,Kristen,Hamilton,20.0,F,F,6
596,Cynthia,Morgan,25.0,F,B,3
597,Mary,Beck,NULL,Unknown,F,4
598,Emily,Lopez,NULL,Unknown,B,3
599,Brittany,Wade,29.0,M,B,1
600,Jeffrey,Mann,20.0,F,F,4
601,Cassandra,Williams,NULL,Unknown,C,2
602,Erin,Carroll,NULL,F,A,5
603,Adam,Jensen,NULL,F,A,5
604,Amanda,Zavala,NULL,F,A,6
605,Joyce,Davis,17.0,M,D,2
606,Michael,Morris,NULL,M,A,3
607,Angela,Taylor,20.0,M,B,5
608,Jennifer,Bradley,NULL,Unknown,F,1
609,Stephanie,Ramirez,20.0,F,D,1
610,Dana,Pope,20.0,F,D,5
611,Travis,Stevens,NULL,M,F,4
612,Krista,Peters,NULL,M,C,1
613,Robert,Martin,29.0,M,A,3
614,Tammy,Pearson,NULL,M,D,1
615,Sheila,Daugherty,20.0,F,F,2
616,Latoya,Morrow,NULL,Unknown,A,6
617,Kelly,Bridges,NULL,F,A,2
618,Brian,Harrison,20.0,M,C,4
619,Jared,Waller,20.0,M,F,4
620,Benjamin,Smith,NULL,M,B,4
621,Brandon,Ramirez,NULL,Unknown,F,3
622,Brian,Hayes,NULL,M,F,4
623,Daniel,Waller,NULL,M,C,1
624,Mark,Pacheco,30.0,M,C,6
625,Claire,Baker,NULL,F,A+,2
626,Mr.,Victor Lara,19.0,M,B,4
627,Gary,Hamilton,20.0,Unknown,A+,5
628,Mario,Ross,20.0,M,B,3
629,Timothy,Guerrero,NULL,F,D,3
630,Anita,Peters,29.0,M,A,1
631,Sandra,Kennedy,19.0,M,D,5
632,Ashley,Garner,NULL,F,F,4
633,Emily,Bauer,NULL,F,A,5
634,Zachary,Austin,NULL,F,D,6
635,Aaron,Best,20.0,F,F,5
636,Mary,Gallegos,23.0,F,F,6
637,Robert,Wang,20.0,F,F,5
638,Janice,Harrington,20.0,M,F,6
639,Carly,Smith,NULL,M,F,3
640,Pam,Hammond,20.0,M,C,5
641,Lisa,Garcia,NULL,M,D,3
642,Bradley,Lowe,NULL,Unknown,A+,6
643,Daisy,Horton,20.0,Unknown,D,3
644,Nicholas,Cook,NULL,M,C,6
645,Daniel,Compton,NULL,F,C,2
646,Christopher,Frederick,NULL,F,A+,2
647,Ryan,Thornton,20.0,F,A+,2
648,Bobby,Weber,NULL,F,C,3
649,Bianca,Kaiser,20.0,M,A+,3
650,Kathleen,Stone,NULL,M,F,1
651,Reginald,Harmon,26.0,F,C,6
652,Alejandro,Dillon,NULL,Unknown,A+,6
653,Alyssa,Krueger,NULL,F,D,2
654,Brandon,Burns,NULL,F,F,6
655,Brittany,Evans,20.0,Unknown,C,6
656,Michelle,Oliver,23.0,F,A+,1
657,Johnny,Molina,20.0,F,A,1
658,Stephanie,James,NULL,F,C,1
659,Michael,King,20.0,F,F,1
660,Meagan,Torres,20.0,F,A,6
661,Brianna,Warner,20.0,M,F,6
662,Stephanie,Shah,NULL,F,F,2
663,Samantha,Harrison,24.0,Unknown,C,5
664,Austin,Murphy,NULL,M,A,1
665,Jessica,Smith,20.0,F,B,1
666,April,Ward,21.0,F,C,4
667,Angela,Ruiz,NULL,M,C,5
668,Lisa,Pearson,NULL,M,A+,6
669,Robin,Jackson,25.0,F,C,5
670,Candice,Miller,23.0,M,F,4
671,Kevin,Jackson,NULL,F,A,3
672,Danielle,Thomas,20.0,M,F,2
673,Travis,Carson,NULL,M,D,3
674,Lisa,White,20.0,F,D,4
675,David,Patel,20.0,M,A,3
676,Mary,Acosta,20.0,M,B,3
677,Russell,Munoz,NULL,Unknown,B,1
678,Shawn,Todd,27.0,F,D,4
679,Kevin,Smith,NULL,F,B,3
680,Dawn,Willis,NULL,M,B,2
681,Traci,Ramirez,24.0,M,D,2
682,Curtis,Tucker,20.0,M,D,1
683,Michelle,Wells,28.0,M,A,1
684,Terry,Brown,19.0,M,F,5
685,Terry,Arroyo,20.0,Unknown,B,3
686,Sarah,Chan,NULL,F,B,5
687,Ricky,King,20.0,F,F,6
688,Lynn,Johnson,27.0,F,A+,4
689,George,Hunter,NULL,F,F,5
690,Christine,Martinez,NULL,F,F,2
691,Justin,Cole,20.0,F,F,6
692,Nicole,Hendricks,21.0,Unknown,B,2
693,Laura,Maldonado,20.0,F,C,6
694,Anthony,Powell,NULL,F,A+,1
695,Amber,Gonzalez,NULL,Unknown,D,4
696,Theresa,Howell,NULL,Unknown,F,5
697,Lori,Walton,NULL,Unknown,C,6
698,Jack,Scott,NULL,Unknown,B,5
699,Joshua,Douglas,20.0,M,A+,4
700,Andrea,Willis DDS,20.0,Unknown,F,2
701,Shannon,Snow,NULL,M,A,2
702,Crystal,Wade,20.0,F,C,2
703,Maurice,Green,NULL,M,D,3
704,Dylan,Wallace,NULL,M,B,3
705,Laura,Stevenson,20.0,F,F,5
706,Gary,Blackburn,NULL,F,B,4
707,Mandy,Wood,21.0,Unknown,A+,2
708,Traci,Navarro,NULL,F,F,4
709,Marissa,Richards,NULL,F,A+,6
710,Victoria,Stone,NULL,F,D,3
711,Patrick,Shields,NULL,M,F,1
712,Stacey,Bailey,NULL,M,F,2
713,Ashley,Salazar,20.0,F,C,2
714,Roger,Medina,20.0,F,A+,2
715,Marc,Vaughn,NULL,M,D,3
716,Miss,Alicia Porter,NULL,M,F,5
717,Paul,Gonzalez,NULL,M,F,2
718,Michael,Jackson,27.0,M,A+,4
719,Gary,Mcdonald,NULL,M,F,4
720,William,Curtis,NULL,F,A,6
721,Linda,Watson,NULL,F,A,2
722,Julian,Evans,28.0,M,B,2
723,Kathy,Hoffman,NULL,M,B,6
724,Cynthia,Mcneil,29.0,F,C,6
725,Jenna,Villarreal,20.0,F,A,1
726,Sarah,Perez,NULL,M,B,3
727,Juan,Barry DDS,NULL,F,A,3
728,Bailey,Scott,NULL,Unknown,A,5
729,Alice,Allen,20.0,F,D,6
730,Sheri,Kirby,19.0,M,B,1
731,Allen,Baldwin,27.0,M,F,4
732,Randy,Crane,NULL,M,F,3
733,Allison,Ferguson,NULL,M,A,1
734,Ashley,Yang DDS,NULL,Unknown,A+,5
735,Danielle,Robinson,17.0,F,D,2
736,Amanda,Hanson,19.0,F,A+,5
737,Christopher,Vasquez,17.0,F,F,5
738,Alex,Stout,20.0,F,F,5
739,Duane,Wallace,NULL,M,D,3
740,Adam,Green,NULL,Unknown,C,2
741,Karen,Sanchez,NULL,Unknown,C,2
742,Michael,Kennedy,NULL,M,A+,5
743,Sherri,Tucker,20.0,F,A+,6
744,Robert,Hartman,NULL,F,F,4
745,Robert,Norris,20.0,M,F,6
746,Christopher,Yoder,NULL,M,A+,4
747,Robert,Smith,NULL,M,A+,2
748,Jeffrey,Cole,NULL,M,C,1
749,Roger,Garrison,20.0,F,B,3
750,Sarah,Patterson,20.0,Unknown,A,4
751,Gina,Chambers,25.0,M,A+,6
752,Aaron,Herring,18.0,Unknown,C,3
753,Bryan,Stokes,NULL,Unknown,D,3
754,Martha,Kent,20.0,F,A,1
755,Michelle,Morris,20.0,Unknown,F,4
756,Darrell,Howard,NULL,M,A,1
757,Shane,Rodriguez,NULL,M,A,1
758,Mary,Cross,20.0,M,A,3
759,Roberta,Calderon,NULL,Unknown,A,1
760,Tara,Caldwell,NULL,M,C,6
761,Joshua,Smith,NULL,Unknown,C,2
762,Mary,Case,NULL,F,F,3
763,Alexander,Smith,28.0,Unknown,D,2
764,James,Moore,20.0,Unknown,C,3
765,Leslie,Hudson,24.0,M,D,6
766,Sheila,Martinez,NULL,M,B,6
767,Jimmy,Fox,20.0,M,A+,2
768,Bryan,Gregory,NULL,F,F,4
769,Angel,Espinoza,20.0,M,F,5
770,Samuel,Hernandez,20.0,M,A+,6
771,Ana,Mitchell,27.0,Unknown,C,5
772,Donald,Bean,20.0,F,A+,3
773,Justin,Rivera,NULL,F,B,3
774,Gregg,Khan,20.0,M,A,1
775,Victoria,Lopez,20.0,F,F,2
776,Sean,Sanchez,NULL,M,B,5
777,Stacy,White,NULL,F,F,3
778,Dr.,Patricia Miller,20.0,F,D,4
779,Paul,Hunter,NULL,M,C,6
780,Michael,Woods,20.0,F,B,2
781,Stephen,Young,NULL,Unknown,A,5
782,Albert,Singh,NULL,M,D,4
783,Megan,Barnes,NULL,M,A,6
784,Erika,Fisher,NULL,M,D,3
785,Sandra,Chen,NULL,M,A+,1
786,Brooke,Gonzalez,27.0,Unknown,C,1
787,Joy,Williams,21.0,F,F,5
788,George,Adams,NULL,Unknown,F,2
789,Erika,Wagner,NULL,F,B,1
790,Michael,Paul,20.0,F,A,2
791,Megan,Oliver,NULL,M,D,4
792,Stacey,Thomas,22.0,F,A,4
793,Jamie,Jones,NULL,F,A,2
794,Christopher,West,NULL,F,C,4
795,Christian,Fisher,NULL,F,A+,4
796,Mrs.,Olivia Thompson,20.0,F,C,3
797,Julie,Stephenson,NULL,F,F,6
798,Daniel,Gonzalez,20.0,F,F,2
799,Lori,King,NULL,F,A,5
800,Melinda,Massey MD,NULL,F,F,4
801,George,Lewis,NULL,Unknown,D,2
802,Barbara,Palmer,30.0,Unknown,C,4
803,Mary,Perez,19.0,M,F,1
804,Julia,Stewart,NULL,M,C,3
805,Rebekah,Spence,NULL,M,A+,3
806,Erica,Richmond,NULL,M,A,4
807,Kathleen,Martin,28.0,F,C,3
808,Melissa,Hunter,NULL,M,A,1
809,Jackson,Osborne,NULL,F,D,5
810,Yesenia,Aguilar,20.0,Unknown,D,5
811,Cole,Martinez,20.0,F,F,1
812,Douglas,Lewis,NULL,F,F,3
813,Anthony,Richard,NULL,M,B,4
814,Jacqueline,Burnett,NULL,F,D,1
815,Patrick,Brown,NULL,Unknown,C,2
816,Suzanne,Harrison,NULL,F,B,5
817,Christopher,Wiley,NULL,F,C,3
818,Dalton,Mann,24.0,Unknown,F,5
819,Robert,Hayes,NULL,M,D,1
820,Ashley,Nelson,23.0,M,A,3
821,Darlene,Leonard,22.0,Unknown,B,4
822,Amy,Meyer,NULL,M,B,1
823,Sherry,White,NULL,M,F,6
824,Courtney,Everett,27.0,F,D,4
825,Joshua,Miller,26.0,F,F,6
826,Taylor,Miller,NULL,M,F,4
827,Melissa,Pope,NULL,F,F,5
828,Carolyn,Phillips,18.0,M,D,2
829,Lori,Johnson,NULL,F,B,1
830,Julia,Scott,NULL,F,D,3
831,John,Berg,30.0,M,D,1
832,Briana,Marshall,20.0,M,A,4
833,Jacob,Jordan,NULL,Unknown,F,2
834,Emily,Buchanan,NULL,F,F,3
835,Brandon,Ruiz,NULL,Unknown,B,4
836,Henry,Mitchell,20.0,M,F,3
837,Cody,Mcguire,NULL,Unknown,A,2
838,John,Smith,NULL,F,D,4
839,Scott,Richard,23.0,M,A,3
840,Michael,Burke,20.0,M,C,5
841,Brian,Hernandez,NULL,M,D,2
842,Ashley,Campbell,29.0,F,A+,5
843,Pamela,Alvarez,NULL,F,A,3
844,Eric,Lloyd,NULL,F,F,4
845,Dominique,Edwards,20.0,M,A,4
846,Robert,Casey,18.0,Unknown,C,2
847,Sierra,Jackson,20.0,M,F,2
848,Ronald,Mendez,NULL,M,B,2
849,Catherine,Jones,NULL,M,F,5
850,John,Horton,NULL,F,C,2
851,Tara,Andrews,NULL,F,B,3
852,Kenneth,Walker,20.0,Unknown,D,4
853,Christopher,Webb,23.0,M,D,6
854,Megan,Reyes,NULL,Unknown,C,1
855,Tiffany,Cooke,NULL,M,B,1
856,Thomas,Harris,NULL,F,C,4
857,Shannon,Moore,20.0,M,F,4
858,Sandra,Obrien,NULL,Unknown,A,6
859,Denise,Hodges,21.0,M,F,5
860,Allison,Scott,NULL,F,A+,1
861,Catherine,Fowler,NULL,F,A+,2
862,Whitney,Nguyen,NULL,Unknown,B,4
863,Bethany,Chapman,21.0,M,A+,4
864,Greg,Lane,20.0,F,A,4
865,Joshua,Hansen,20.0,M,F,5
866,Joseph,Ray,NULL,F,F,4
867,Steven,Baker,NULL,M,A,3
868,Mariah,Brooks,20.0,M,A,1
869,Jessica,Lane,NULL,Unknown,A,1
870,Elizabeth,Carlson,27.0,F,F,6
871,Karen,Hess,NULL,M,A,5
872,Mark,Edwards,NULL,M,A+,4
873,Diane,Mckinney,22.0,M,A,4
874,Carl,Scott,20.0,F,F,3
875,Joseph,Myers,20.0,F,A,6
876,Steve,Murray,NULL,F,C,1
877,Julia,Bridges,NULL,F,F,1
878,Stacy,Powell,NULL,Unknown,C,1
879,Dustin,Brown,29.0,M,F,1
880,Karla,Short,20.0,F,A,4
881,Colleen,Rice,NULL,F,B,1
882,David,Solis,20.0,F,A+,4
883,Denise,Jimenez,NULL,F,F,2
884,Lawrence,Klein,NULL,Unknown,F,1
885,Tracy,Ward,NULL,Unknown,D,6
886,Matthew,Miller III,20.0,M,D,1
887,Sean,Butler,20.0,F,D,2
888,Kathryn,Bean,20.0,M,A+,3
889,Mr.,Kevin Bradley,NULL,M,A,6
890,David,Anderson,NULL,F,F,3
891,Kimberly,Alvarez,NULL,F,F,5
892,Elizabeth,Guerra,NULL,F,F,6
893,Joseph,Black,20.0,M,A,2
894,Sara,Reed,26.0,F,A+,1
895,Katie,Tanner,NULL,F,D,5
896,Adrian,Francis,19.0,F,C,6
897,Ashley,Chapman,20.0,F,F,4
898,Matthew,Berger,NULL,F,D,3
899,Miguel,Little,21.0,F,A+,4
900,Scott,Stuart,NULL,F,A+,1
901,Kimberly,Shepherd,NULL,M,F,3
902,Kimberly,Gibson,NULL,F,C,4
903,Theresa,Glenn,20.0,Unknown,F,6
904,Richard,Fisher,21.0,F,B,4
905,Natasha,Munoz,29.0,M,A,1
906,Michael,Roach,20.0,F,F,6
907,Jon,Roberson,20.0,M,F,2
908,Elizabeth,Boyd,20.0,Unknown,A,4
909,Paul,Morrison,NULL,M,B,5
910,Casey,Hart,21.0,F,F,2
911,John,Parker,NULL,M,F,5
912,Denise,Melton,NULL,M,B,1
913,Jessica,Johnson,20.0,M,D,4
914,Kyle,Williams,20.0,M,C,6
915,Leslie,Harrison,NULL,M,D,4
916,Patricia,Martin,20.0,M,A+,2
917,Mary,Johnson,25.0,Unknown,C,4
918,Joshua,Miller,25.0,M,A+,5
919,Nathan,Johnson,21.0,F,D,2
920,Tracy,Davis,NULL,F,B,1
921,Lonnie,Thomas,20.0,F,B,4
922,Philip,King,NULL,F,A,6
923,Raven,Rodriguez,20.0,Unknown,F,2
924,Patricia,Adams,21.0,M,A,2
925,William,Mcclure,NULL,F,F,6
926,Steven,Reyes,20.0,F,A+,5
927,Valerie,Peterson,NULL,F,F,5
928,Kristy,Barber,20.0,F,B,4
929,Nathaniel,Lopez,20.0,Unknown,A+,3
930,Katherine,Gonzalez,28.0,F,F,2
931,Michael,Nguyen,20.0,F,A+,4
932,Elizabeth,Mendoza,NULL,F,B,2
933,Samuel,Smith,NULL,M,A,2
934,Paula,Williams,NULL,F,A,5
935,Mrs.,Brittany Summers,NULL,Unknown,D,4
936,Patrick,Flores,20.0,Unknown,F,6
937,Diana,Ruiz,24.0,M,D,2
938,Martha,Gibson,NULL,M,F,5
939,James,Garner,20.0,F,C,5
940,Daniel,Peterson,18.0,M,F,3
941,Kaitlin,Rodriguez,NULL,M,D,2
942,Steven,Bennett,NULL,M,F,3
943,Cameron,Terry,NULL,Unknown,F,6
944,Matthew,Yu,NULL,M,F,4
945,Katherine,King,17.0,M,F,6
946,Jennifer,Alvarez,NULL,F,A+,1
947,Vanessa,Martin,NULL,F,B,4
948,Jennifer,Johnson,20.0,M,A+,2
949,Erin,Holloway,28.0,M,D,3
950,Jacqueline,Jensen,NULL,F,F,6
951,Christopher,Clark,NULL,F,B,3
952,Kevin,Powers,NULL,M,A,1
953,Lindsey,Carter,20.0,Unknown,B,3
954,Theresa,Stephenson,NULL,M,B,1
955,Teresa,Larson,20.0,F,F,2
956,Larry,Yang,25.0,M,A+,2
957,Sophia,Diaz,NULL,F,C,5
958,Donna,Morrison,18.0,Unknown,D,4
959,William,Hall,28.0,M,F,4
960,Craig,Olson,28.0,Unknown,C,6
961,Whitney,Miller,NULL,F,D,1
962,Victor,Soto,23.0,F,F,1
963,Thomas,Martinez,NULL,F,F,1
964,Jennifer,Wong,NULL,Unknown,C,4
965,Ivan,Peterson,NULL,F,F,1
966,Bryce,Cook,20.0,M,C,3
967,Lisa,Ramirez,NULL,M,A+,6
968,Jennifer,Gonzales MD,NULL,M,A,5
969,Seth,Williams,24.0,M,F,5
970,Vickie,Drake,25.0,M,A+,4
971,Kirsten,Hodges,20.0,F,A+,4
972,Rhonda,Mitchell,NULL,Unknown,D,4
973,Lisa,Hernandez,NULL,F,F,4
974,William,Walker,NULL,M,A+,3
975,Mrs.,Mary Morales,20.0,F,C,2
976,Samantha,Adams,20.0,F,A,2
977,Francisco,Rivera,NULL,M,A+,6
978,Jonathan,Garcia,20.0,F,B,3
979,Shirley,Kelly,NULL,Unknown,C,4
980,Alicia,Fuller,24.0,F,A+,2
981,Robert,Dunlap,NULL,F,C,3
982,Gregory,Wang,NULL,M,B,6
983,Peter,Conley,NULL,Unknown,C,3
984,Cameron,Tucker,NULL,M,D,4
985,Nathan,Dennis,20.0,F,D,6
986,Paul,Lee,NULL,F,D,2
987,Erin,Hobbs,NULL,F,B,1
988,Matthew,Ryan MD,NULL,F,A,6
989,Chelsea,Skinner,25.0,M,D,5
990,Patricia,Anderson,NULL,F,C,5
991,Henry,Wood,20.0,M,D,2
992,Tyler,Cole,NULL,F,F,3
993,Joyce,Murillo,NULL,F,C,2
994,Anthony,Gonzalez,20.0,Unknown,F,3
995,Mrs.,Debra Bell,20.0,Unknown,F,3
996,Mark,Garcia,20.0,Unknown,C,4
997,Jessica,Madden,20.0,Unknown,A+,4
998,Erin,Dunn,NULL,M,F,1
999,Tamara,Moreno,20.0,M,A,6
1000,Brittany,Fox,20.0,M,D,2
