product_id,product_name,category_id
1,Understand,1
2,Water,1
3,Usually,1
4,Skin,2
5,Seat,3
6,Not,3
7,Price,4
8,Economic,2
9,Ask,4
10,Perform,1
11,Operation,2
12,Choice,2
13,Age,5
14,Stage,2
15,Choice,2
16,Specific,4
17,Collection,3
18,Population,5
19,Person,4
20,If,3
21,Suffer,1
22,Increase,4
23,Exactly,2
24,Music,5
25,High,1
26,No,5
27,Should,2
28,Growth,3
29,Century,4
30,Inside,2
31,Movement,1
32,Either,3
33,Watch,5
34,Lead,1
35,Plant,2
36,Society,4
37,Expect,5
38,Act,1
39,Commercial,2
40,Section,4
41,Eight,1
42,Weight,5
43,Tend,5
44,Strategy,1
45,Turn,5
46,Program,1
47,Debate,2
48,Region,4
49,Customer,3
50,Young,5
51,Model,3
52,Form,2
53,Month,3
54,Add,4
55,Together,2
56,Mouth,2
57,Parent,2
58,Study,4
59,Fall,2
60,Actually,3
61,Open,3
62,Drive,4
63,Use,3
64,Forget,2
65,Wait,1
66,Little,1
67,Involve,2
68,Teach,1
69,Easy,3
70,College,5
71,Personal,1
72,Skill,1
73,Close,4
74,Company,1
75,Position,3
76,Happy,4
77,Crime,4
78,Lawyer,4
79,Produce,3
80,Of,5
81,Arrive,4
82,Time,3
83,Morning,5
84,Hospital,4
85,Example,3
86,Check,2
87,You,5
88,Safe,5
89,Year,2
90,When,2
91,Soldier,2
92,In,4
93,Off,2
94,Four,3
95,Admit,4
96,Room,3
97,Central,1
98,In,3
99,By,2
100,Drop,4
101,Mouth,1
102,Dinner,3
103,Anyone,2
104,His,3
105,Amount,4
106,Should,1
107,Page,2
108,Change,5
109,Attack,2
110,Big,1
111,Save,5
112,Keep,3
113,Star,2
114,Outside,4
115,Chance,3
116,They,1
117,Full,3
118,Region,3
119,New,3
120,Treat,5
121,Argue,5
122,Affect,1
123,Middle,2
124,Air,1
125,Born,5
126,Success,4
127,Happen,2
128,Drug,3
129,Power,2
130,Later,4
131,Head,1
132,Word,5
133,Answer,2
134,Citizen,2
135,Green,5
136,Foreign,4
137,Him,3
138,Pretty,3
139,Provide,3
140,Approach,3
141,Training,3
142,Traditional,5
143,Lose,2
144,Form,1
145,Program,1
146,Watch,2
147,Several,5
148,Ten,3
149,Case,4
150,Follow,4
151,Grow,4
152,Place,2
153,Result,3
154,Authority,2
155,Field,4
156,Beyond,4
157,Focus,4
158,Loss,1
159,Out,1
160,Soldier,1
161,Administration,3
162,Decade,1
163,Ago,4
164,House,3
165,Herself,2
166,Interesting,2
167,Opportunity,5
168,Material,3
169,Mouth,3
170,Good,5
171,Necessary,4
172,Class,5
173,Blue,2
174,Former,4
175,Skin,5
176,All,2
177,Cut,2
178,Dog,5
179,Expect,5
180,Last,3
181,Evidence,5
182,Machine,4
183,Star,2
184,Generation,1
185,Within,2
186,Around,4
187,Tv,1
188,Such,2
189,Choose,3
190,Director,4
191,Writer,1
192,Suggest,1
193,Amount,3
194,Research,5
195,Total,5
196,Miss,5
197,Front,5
198,Game,2
199,Month,5
200,On,1
201,Data,1
202,Fast,5
203,Sea,3
204,Loss,1
205,Red,5
206,Strategy,5
207,Second,4
208,Bill,1
209,Rise,1
210,Establish,1
211,Teach,3
212,Local,1
213,Under,5
214,Information,3
215,Little,1
216,Hundred,5
217,Campaign,5
218,Child,2
219,Discuss,3
220,Onto,2
221,Serious,2
222,Able,5
223,Cover,2
224,Point,4
225,General,4
226,Box,3
227,Somebody,2
228,Moment,3
229,Bank,5
230,Bit,2
231,Into,2
232,Nearly,5
233,Dream,1
234,On,2
235,From,4
236,So,2
237,Child,1
238,From,4
239,However,1
240,Material,4
241,Day,3
242,However,2
243,Culture,1
244,Pattern,4
245,Good,1
246,Receive,2
247,Expect,5
248,Along,5
249,Next,5
250,Protect,3
251,Purpose,3
252,Parent,2
253,City,5
254,Back,5
255,Our,1
256,Term,1
257,Political,4
258,Sell,1
259,President,1
260,True,3
261,Down,2
262,Floor,5
263,Method,3
264,Rest,1
265,Economy,3
266,Wear,3
267,About,1
268,Stop,1
269,Throughout,3
270,Carry,1
271,Grow,1
272,Answer,2
273,Imagine,5
274,Plant,5
275,Create,5
276,Run,2
277,Idea,2
278,Prevent,1
279,Human,4
280,Set,1
281,Particular,2
282,Ball,3
283,Hold,1
284,Thing,3
285,If,1
286,Rule,1
287,Chair,1
288,Beautiful,3
289,Year,2
290,Amount,5
291,Tv,5
292,Operation,5
293,Customer,3
294,Sell,5
295,His,5
296,It,2
297,Among,2
298,Imagine,1
299,Five,1
300,Past,3
301,Approach,4
302,Although,4
303,According,3
304,Begin,2
305,Themselves,3
306,Hit,5
307,Watch,3
308,Join,3
309,Science,5
310,Education,4
311,Professional,2
312,Too,5
313,Ahead,1
314,Candidate,1
315,Remember,4
316,Arrive,5
317,Language,1
318,Performance,4
319,Nearly,4
320,Job,5
321,Blue,5
322,Year,5
323,Yes,4
324,Give,1
325,Must,4
326,Service,3
327,I,5
328,Science,3
329,Source,4
330,Trial,1
331,Seem,1
332,Culture,5
333,Enter,2
334,Pass,4
335,Future,2
336,Next,3
337,Generation,4
338,Court,2
339,Fine,3
340,Research,2
341,Protect,3
342,Clearly,5
343,Question,3
344,Real,2
345,,5
346,Human,5
347,Will,2
348,Someone,3
349,Position,5
350,Much,2
351,Collection,4
352,Authority,5
353,Style,1
354,Accept,1
355,Month,5
356,Radio,2
357,Decade,2
358,Thing,3
359,Couple,5
360,For,3
361,Outside,1
362,Stay,5
363,Dog,2
364,Part,1
365,Now,1
366,Job,5
367,Dog,1
368,Respond,5
369,Across,1
370,True,4
371,Identify,2
372,Drug,3
373,Religious,2
374,Real,5
375,Today,5
376,Pull,2
377,Anything,3
378,Career,5
379,Say,3
380,State,5
381,Fear,5
382,So,2
383,Herself,3
384,Western,3
385,Lawyer,2
386,American,3
387,Student,2
388,Bank,5
389,Listen,1
390,Issue,1
391,Sure,4
392,Space,4
393,Describe,4
394,Center,3
395,She,1
396,Clear,4
397,Get,3
398,Adult,1
399,Alone,2
400,Form,5
401,Young,2
402,Wind,5
403,Environment,2
404,Late,4
405,Eye,2
406,Choice,3
407,Newspaper,5
408,Require,1
409,Too,4
410,Within,1
411,Animal,1
412,Know,1
413,Population,4
414,Edge,1
415,Long,1
416,Improve,2
417,Institution,2
418,Design,4
419,Second,1
420,Agreement,3
421,Discover,2
422,Maintain,2
423,Condition,2
424,Last,1
425,Ever,5
426,Reach,1
427,Action,2
428,Majority,5
429,Animal,2
430,Loss,3
431,Hit,4
432,Notice,4
433,Argue,2
434,Decade,3
435,Artist,4
436,Child,5
437,Special,1
438,Clear,4
439,Leg,3
440,Because,1
441,Back,4
442,Really,3
443,Base,2
444,Chair,3
445,Company,5
446,Level,3
447,Pretty,4
448,Above,1
449,Hospital,4
450,Respond,1
451,Somebody,3
452,Available,4
453,Successful,2
454,Kid,1
455,Sense,5
456,Few,1
457,They,2
458,From,5
459,Really,5
460,Statement,4
461,Former,4
462,Quickly,3
463,Think,2
464,Pressure,1
465,Mother,2
466,Suddenly,2
467,Pattern,4
468,Public,2
469,Ever,2
470,Pressure,4
471,Story,2
472,Against,4
473,Amount,1
474,Item,1
475,Effort,2
476,Meeting,2
477,Baby,5
478,Character,1
479,Agent,5
480,Trial,2
481,These,2
482,Husband,4
483,National,3
484,Coach,2
485,Produce,5
486,End,5
487,Shake,4
488,Put,2
489,Guess,5
490,Improve,3
491,Reduce,3
492,Participant,4
493,Reveal,5
494,Industry,1
495,Third,2
496,Realize,5
497,Point,3
498,Late,5
499,This,2
500,Article,3
501,Director,4
502,Exactly,4
503,Shake,1
504,Foot,5
505,Everything,5
506,Up,2
507,Their,4
508,Season,5
509,Occur,4
510,Reason,1
511,Show,3
512,International,4
513,Fact,1
514,What,3
515,Subject,3
516,Include,3
517,Summer,1
518,People,1
519,Finally,3
520,Team,5
521,Involve,1
522,Create,2
523,Parent,5
524,Central,1
525,Increase,4
526,Color,5
527,Speak,3
528,Answer,4
529,Newspaper,3
530,Star,1
531,Next,4
532,Not,2
533,Notice,1
534,Should,4
535,Line,5
536,Will,5
537,Mean,3
538,Protect,5
539,Physical,3
540,Control,1
541,Guess,4
542,Reach,4
543,Threat,3
544,Yeah,3
545,Care,5
546,Citizen,4
547,Away,4
548,So,1
549,Two,4
550,At,5
551,Friend,5
552,Mr,1
553,Degree,4
554,Right,2
555,Wall,3
556,Third,3
557,Trial,2
558,Grow,2
559,Anyone,3
560,Deep,1
561,Really,3
562,Husband,2
563,Old,3
564,Fill,5
565,Behavior,1
566,Possible,1
567,Become,5
568,Full,4
569,Left,4
570,Customer,5
571,Season,2
572,Fear,1
573,West,4
574,Quality,3
575,Follow,4
576,Rock,3
577,Attorney,4
578,Vote,2
579,Chair,1
580,Civil,5
581,Than,5
582,Term,1
583,At,5
584,Matter,3
585,Season,5
586,Relate,5
587,Unit,5
588,Similar,2
589,Treatment,1
590,Team,3
591,Would,5
592,Fund,5
593,Career,5
594,Positive,3
595,Instead,4
596,Plant,4
597,All,3
598,Western,4
599,Certainly,1
600,Shake,4
601,Argue,3
602,End,1
603,Concern,1
604,Western,4
605,Upon,5
606,Get,4
607,Represent,1
608,Name,2
609,Single,1
610,Work,1
611,Finally,4
612,Hospital,5
613,Despite,5
614,Direction,4
615,Somebody,5
616,Step,4
617,Part,5
618,Wind,2
619,Small,3
620,Region,4
621,Fine,4
622,Little,2
623,Bring,5
624,Poor,1
625,Pull,5
626,Area,2
627,Behind,4
628,Popular,1
629,Participant,1
630,Really,1
631,Rise,4
632,Wonder,2
633,These,4
634,Better,2
635,Will,3
636,Wide,4
637,Alone,3
638,North,2
639,Simply,1
640,Trial,1
641,Identify,3
642,She,2
643,Lawyer,5
644,Power,1
645,Address,1
646,Hundred,1
647,Network,2
648,Sort,3
649,Recent,5
650,Provide,2
651,Price,5
652,Politics,1
653,Including,1
654,Himself,3
655,Without,4
656,Realize,1
657,Remember,2
658,Agent,1
659,Enter,4
660,Western,5
661,Away,4
662,Tree,3
663,Attorney,1
664,School,2
665,Official,3
666,Value,3
667,Necessary,4
668,Form,4
669,Our,2
670,Soon,5
671,Will,4
672,Step,1
673,Item,4
674,Fight,3
675,Woman,2
676,In,3
677,Across,4
678,Remember,5
679,Half,3
680,Question,3
681,Pretty,2
682,Election,3
683,Technology,1
684,Beat,1
685,Find,3
686,Writer,5
687,Guy,4
688,These,2
689,Charge,2
690,Score,1
691,Staff,1
692,Responsibility,4
693,Rather,5
694,Rise,2
695,Hope,3
696,Design,3
697,Serious,4
698,Home,1
699,Such,4
700,Interview,1
701,Recognize,3
702,Even,4
703,Computer,1
704,Ok,2
705,Close,2
706,Voice,1
707,Cold,3
708,Machine,2
709,Understand,2
710,Whole,2
711,Me,2
712,Say,1
713,Sign,3
714,Main,5
715,Shoulder,4
716,Mother,5
717,Everybody,5
718,Loss,4
719,Agreement,5
720,Summer,5
721,Center,1
722,Energy,5
723,How,5
724,Him,2
725,Traditional,3
726,Section,2
727,Look,2
728,Civil,1
729,Tree,1
730,Last,4
731,Dog,4
732,Daughter,3
733,Than,3
734,Team,2
735,Possible,1
736,Between,4
737,Relate,3
738,Lot,5
739,Fire,4
740,Election,4
741,Surface,2
742,Traditional,3
743,Pass,4
744,Field,5
745,Race,4
746,Television,3
747,Hold,3
748,Accept,2
749,Teach,4
750,Long,5
751,Fact,2
752,Become,5
753,Realize,4
754,Hard,1
755,Value,3
756,Experience,4
757,Though,5
758,Hope,1
759,We,1
760,Near,3
761,Stock,5
762,Attack,3
763,True,2
764,Anything,5
765,Every,5
766,Hundred,4
767,Attorney,4
768,Focus,4
769,Step,2
770,Require,2
771,Above,2
772,Claim,2
773,Mother,4
774,Mention,4
775,Part,2
776,Stuff,5
777,Ask,5
778,From,5
779,Church,4
780,Important,5
781,Pay,5
782,Tax,2
783,The,1
784,Himself,4
785,Include,5
786,Point,5
787,Class,1
788,From,3
789,White,5
790,Including,4
791,Try,3
792,Defense,1
793,Office,4
794,Just,2
795,And,2
796,Arm,4
797,Economic,3
798,Woman,2
799,Born,1
800,Beautiful,3
801,Family,5
802,Say,1
803,Which,1
804,Cause,3
805,Area,4
806,Although,1
807,Right,2
808,National,5
809,International,1
810,Your,3
811,Major,4
812,Cut,2
813,And,1
814,Wait,1
815,Understand,2
816,Indeed,4
817,Itself,1
818,Role,2
819,Explain,4
820,Address,2
821,Though,3
822,Or,1
823,Responsibility,4
824,Why,5
825,White,3
826,Professor,3
827,Response,5
828,Attorney,1
829,Add,2
830,Whatever,5
831,Who,4
832,Until,3
833,Per,4
834,Team,4
835,Star,2
836,Probably,2
837,Church,1
838,Have,3
839,Source,3
840,After,2
841,Others,5
842,Trouble,5
843,Glass,2
844,Goal,3
845,Detail,3
846,Specific,3
847,Modern,1
848,Respond,2
849,Account,3
850,Money,1
851,Participant,4
852,Particular,5
853,Seven,4
854,Pm,5
855,Newspaper,5
856,West,2
857,Think,1
858,Future,3
859,Lot,4
860,Box,1
861,Hair,5
862,Without,2
863,Vote,4
864,Full,4
865,Leave,5
866,Development,3
867,Back,4
868,Single,1
869,So,5
870,Treatment,5
871,Later,3
872,Suggest,2
873,Next,4
874,Small,3
875,Information,1
876,Someone,1
877,College,3
878,Move,1
879,Bad,2
880,Few,1
881,Nice,2
882,Growth,5
883,Blue,3
884,Level,3
885,Position,1
886,Last,5
887,Few,3
888,Just,5
889,Buy,1
890,Paper,4
891,Industry,2
892,Ready,2
893,Sign,2
894,Other,5
895,Fund,1
896,Improve,2
897,Forget,4
898,Me,4
899,Family,4
900,Lead,2
901,Change,2
902,Green,1
903,International,2
904,Break,5
905,Else,4
906,Watch,1
907,Medical,4
908,Worry,4
909,Job,3
910,Seat,2
911,Else,3
912,Suffer,1
913,Follow,5
914,Question,3
915,Phone,1
916,Happy,3
917,Born,1
918,Summer,2
919,Main,1
920,Watch,1
921,Form,4
922,Rock,5
923,Lose,3
924,Represent,2
925,Her,2
926,Interview,4
927,Century,4
928,Already,5
929,Down,5
930,Shoulder,4
931,Raise,1
932,Box,5
933,Speak,1
934,Big,1
935,Stand,3
936,Ask,5
937,Threat,4
938,Throughout,3
939,Laugh,4
940,Inside,3
941,Thing,4
942,Glass,1
943,Space,2
944,Suggest,4
945,Politics,4
946,Contain,1
947,Stuff,1
948,Rock,1
949,Would,4
950,Concern,2
951,Whom,1
952,Large,4
953,Over,5
954,Perform,5
955,Trip,2
956,Summer,4
957,Join,2
958,Friend,3
959,Feel,2
960,Remember,1
961,Compare,5
962,Difficult,1
963,Employee,3
964,Provide,5
965,Military,4
966,Music,1
967,Through,5
968,Republican,3
969,Face,5
970,Lose,1
971,Leave,5
972,Face,3
973,Mention,5
974,Happen,2
975,Computer,3
976,Work,1
977,Practice,3
978,Team,1
979,Resource,4
980,Southern,3
981,Society,3
982,Middle,1
983,Evidence,2
984,Occur,1
985,Science,4
986,Wait,4
987,Hair,3
988,Run,5
989,Those,3
990,Local,5
991,Television,2
992,Music,2
993,Training,1
994,Soldier,3
995,Hear,2
996,Have,1
997,Investment,3
998,Trouble,1
999,Certainly,1
1000,Capital,1
