sale_id,product_id,Price,Quantity
1,1,,12.0
2,709,,12.0
3,815,,12.0
4,2,-20.5,21.0
5,3,,
6,4,,-5.0
7,175,,-5.0
8,5,,
9,910,,
10,6,60.42,27.0
11,532,60.42,27.0
12,7,,-5.0
13,651,,-5.0
14,8,393.26,-5.0
15,797,393.26,-5.0
16,9,-20.5,
17,777,-20.5,
18,936,-20.5,
19,10,,
20,954,,
21,11,-20.5,-5.0
22,292,-20.5,-5.0
23,12,134.93,-5.0
24,15,134.93,-5.0
25,406,134.93,-5.0
26,13,-20.5,81.0
27,14,-20.5,42.0
28,12,,-5.0
29,15,,-5.0
30,406,,-5.0
31,16,-20.5,
32,846,-20.5,
33,17,-20.5,4.0
34,351,-20.5,4.0
35,18,,-5.0
36,413,,-5.0
37,19,,-5.0
38,20,420.46,66.0
39,285,420.46,66.0
40,21,,
41,912,,
42,22,,23.0
43,525,,23.0
44,23,,75.0
45,502,,75.0
46,24,,
47,966,,
48,992,,
49,25,-20.5,-5.0
50,26,-20.5,91.0
51,27,,78.0
52,106,,78.0
53,534,,78.0
54,28,,-5.0
55,882,,-5.0
56,29,397.63,63.0
57,927,397.63,63.0
58,30,,92.0
59,940,,92.0
60,31,,-5.0
61,32,201.25,
62,33,,26.0
63,146,,26.0
64,307,,26.0
65,906,,26.0
66,920,,26.0
67,34,,76.0
68,900,,76.0
69,35,251.03,
70,274,251.03,
71,596,251.03,
72,36,,-5.0
73,981,,-5.0
74,37,,
75,179,,
76,247,,
77,38,,
78,39,,-5.0
79,40,-20.5,83.0
80,726,-20.5,83.0
81,41,-20.5,
82,42,-20.5,-5.0
83,43,,-5.0
84,44,-20.5,13.0
85,206,-20.5,13.0
86,45,,
87,46,,-5.0
88,145,,-5.0
89,47,385.68,-5.0
90,48,,
91,118,,
92,620,,
93,49,,-5.0
94,293,,-5.0
95,570,,-5.0
96,50,,-5.0
97,401,,-5.0
98,51,,
99,52,,
100,144,,
101,400,,
102,668,,
103,921,,
104,53,,-5.0
105,199,,-5.0
106,355,,-5.0
107,54,,69.0
108,829,,69.0
109,55,,-5.0
110,56,-20.5,80.0
111,101,-20.5,80.0
112,169,-20.5,80.0
113,57,,-5.0
114,252,,-5.0
115,523,,-5.0
116,58,,50.0
117,59,-20.5,-5.0
118,60,,45.0
119,61,,48.0
120,62,,
121,63,,40.0
122,64,-20.5,-5.0
123,897,-20.5,-5.0
124,65,428.48,88.0
125,814,428.48,88.0
126,986,428.48,88.0
127,66,,
128,215,,
129,622,,
130,67,59.31,
131,521,59.31,
132,68,-20.5,94.0
133,211,-20.5,94.0
134,749,-20.5,94.0
135,69,,69.0
136,70,,
137,877,,
138,71,-20.5,
139,72,-20.5,
140,73,-20.5,
141,705,-20.5,
142,74,339.45,
143,445,339.45,
144,75,-20.5,84.0
145,349,-20.5,84.0
146,885,-20.5,84.0
147,76,,
148,916,,
149,77,296.43,31.0
150,78,-20.5,-5.0
151,385,-20.5,-5.0
152,643,-20.5,-5.0
153,79,-20.5,
154,485,-20.5,
155,80,-20.5,-5.0
156,81,-20.5,60.0
157,316,-20.5,60.0
158,82,-20.5,-5.0
159,83,483.11,93.0
160,84,,2.0
161,449,,2.0
162,612,,2.0
163,85,,-5.0
164,86,,-5.0
165,87,,89.0
166,88,351.48,
167,89,-20.5,-5.0
168,289,-20.5,-5.0
169,322,-20.5,-5.0
170,90,-20.5,67.0
171,91,,
172,160,,
173,994,,
174,92,188.09,-5.0
175,98,188.09,-5.0
176,676,188.09,-5.0
177,93,120.48,10.0
178,94,,86.0
179,95,-20.5,47.0
180,96,406.22,
181,97,-20.5,
182,524,-20.5,
183,92,,55.0
184,98,,55.0
185,676,,55.0
186,99,,
187,100,,16.0
188,56,,60.0
189,101,,60.0
190,169,,60.0
191,102,,-5.0
192,103,,50.0
193,559,,50.0
194,104,296.01,72.0
195,295,296.01,72.0
196,105,-20.5,
197,193,-20.5,
198,290,-20.5,
199,473,-20.5,
200,27,,
201,106,,
202,534,,
203,107,-20.5,-5.0
204,108,,
205,901,,
206,109,-20.5,-5.0
207,762,-20.5,-5.0
208,110,388.34,83.0
209,934,388.34,83.0
210,111,-20.5,12.0
211,112,13.64,-5.0
212,113,,-5.0
213,183,,-5.0
214,530,,-5.0
215,835,,-5.0
216,114,,-5.0
217,361,,-5.0
218,115,,
219,116,,-5.0
220,457,,-5.0
221,117,-20.5,
222,568,-20.5,
223,864,-20.5,
224,48,,
225,118,,
226,620,,
227,119,,70.0
228,120,-20.5,-5.0
229,121,-20.5,
230,433,-20.5,
231,601,-20.5,
232,122,-20.5,26.0
233,123,-20.5,-5.0
234,982,-20.5,-5.0
235,124,,82.0
236,125,,-5.0
237,799,,-5.0
238,917,,-5.0
239,126,,
240,127,182.6,
241,974,182.6,
242,128,,-5.0
243,372,,-5.0
244,129,160.0,
245,644,160.0,
246,130,,
247,871,,
248,131,,90.0
249,132,-20.5,-5.0
250,133,12.03,
251,272,12.03,
252,528,12.03,
253,134,,-5.0
254,546,,-5.0
255,135,,85.0
256,902,,85.0
257,136,-20.5,-5.0
258,137,,
259,724,,
260,138,,
261,447,,
262,681,,
263,139,,
264,650,,
265,964,,
266,140,161.38,71.0
267,301,161.38,71.0
268,141,,-5.0
269,993,,-5.0
270,142,-20.5,-5.0
271,725,-20.5,-5.0
272,742,-20.5,-5.0
273,143,102.88,-5.0
274,923,102.88,-5.0
275,970,102.88,-5.0
276,52,,61.0
277,144,,61.0
278,400,,61.0
279,668,,61.0
280,921,,61.0
281,46,439.88,0.0
282,145,439.88,0.0
283,33,124.16,-5.0
284,146,124.16,-5.0
285,307,124.16,-5.0
286,906,124.16,-5.0
287,920,124.16,-5.0
288,147,408.46,76.0
289,148,102.78,86.0
290,149,,52.0
291,150,169.26,
292,575,169.26,
293,913,169.26,
294,151,,
295,271,,
296,558,,
297,152,267.53,60.0
298,153,,-5.0
299,154,,-5.0
300,352,,-5.0
301,155,421.24,
302,744,421.24,
303,156,-20.5,60.0
304,157,352.97,-5.0
305,768,352.97,-5.0
306,158,,97.0
307,204,,97.0
308,430,,97.0
309,718,,97.0
310,159,,
311,91,,75.0
312,160,,75.0
313,994,,75.0
314,161,,
315,162,464.08,
316,357,464.08,
317,434,464.08,
318,163,-20.5,76.0
319,164,70.33,26.0
320,165,,97.0
321,383,,97.0
322,166,,
323,167,,
324,168,-20.5,-5.0
325,240,-20.5,-5.0
326,56,-20.5,51.0
327,101,-20.5,51.0
328,169,-20.5,51.0
329,170,,2.0
330,245,,2.0
331,171,,
332,667,,
333,172,495.33,9.0
334,787,495.33,9.0
335,173,-20.5,
336,321,-20.5,
337,883,-20.5,
338,174,,
339,461,,
340,4,,-5.0
341,175,,-5.0
342,176,,-5.0
343,597,,-5.0
344,177,,99.0
345,812,,99.0
346,178,389.85,-5.0
347,363,389.85,-5.0
348,367,389.85,-5.0
349,731,389.85,-5.0
350,37,,
351,179,,
352,247,,
353,180,,-5.0
354,424,,-5.0
355,730,,-5.0
356,886,,-5.0
357,181,-20.5,
358,983,-20.5,
359,182,-20.5,
360,708,-20.5,
361,113,,
362,183,,
363,530,,
364,835,,
365,184,308.15,
366,337,308.15,
367,185,,39.0
368,410,,39.0
369,186,,-5.0
370,187,-20.5,95.0
371,291,-20.5,95.0
372,188,-20.5,-5.0
373,699,-20.5,-5.0
374,189,,68.0
375,190,,
376,501,,
377,191,,-5.0
378,686,,-5.0
379,192,,-5.0
380,872,,-5.0
381,944,,-5.0
382,105,,75.0
383,193,,75.0
384,290,,75.0
385,473,,75.0
386,194,,48.0
387,340,,48.0
388,195,-20.5,95.0
389,196,,-5.0
390,197,,-5.0
391,198,432.2,60.0
392,53,,-5.0
393,199,,-5.0
394,355,,-5.0
395,200,107.57,73.0
396,234,107.57,73.0
397,201,,97.0
398,202,-20.5,-5.0
399,203,,
400,158,-20.5,
401,204,-20.5,
402,430,-20.5,
403,718,-20.5,
404,205,55.33,-5.0
405,44,160.93,-5.0
406,206,160.93,-5.0
407,207,215.79,-5.0
408,419,215.79,-5.0
409,208,,
410,209,350.22,-5.0
411,631,350.22,-5.0
412,694,350.22,-5.0
413,210,-20.5,
414,68,365.13,-5.0
415,211,365.13,-5.0
416,749,365.13,-5.0
417,212,,74.0
418,990,,74.0
419,213,,45.0
420,214,,
421,875,,
422,66,,-5.0
423,215,,-5.0
424,622,,-5.0
425,216,118.45,-5.0
426,646,118.45,-5.0
427,766,118.45,-5.0
428,217,,
429,218,-20.5,-5.0
430,237,-20.5,-5.0
431,436,-20.5,-5.0
432,219,,
433,220,292.14,-5.0
434,221,,-5.0
435,697,,-5.0
436,222,,
437,223,,
438,224,,68.0
439,497,,68.0
440,786,,68.0
441,225,-20.5,-5.0
442,226,-20.5,
443,860,-20.5,
444,932,-20.5,
445,227,-20.5,
446,451,-20.5,
447,615,-20.5,
448,228,-20.5,35.0
449,229,-20.5,-5.0
450,388,-20.5,-5.0
451,230,125.04,30.0
452,231,-20.5,
453,232,,-5.0
454,319,,-5.0
455,233,-20.5,
456,200,,-5.0
457,234,,-5.0
458,235,-20.5,-5.0
459,238,-20.5,-5.0
460,458,-20.5,-5.0
461,778,-20.5,-5.0
462,788,-20.5,-5.0
463,236,-20.5,-5.0
464,382,-20.5,-5.0
465,548,-20.5,-5.0
466,869,-20.5,-5.0
467,218,,55.0
468,237,,55.0
469,436,,55.0
470,235,-20.5,
471,238,-20.5,
472,458,-20.5,
473,778,-20.5,
474,788,-20.5,
475,239,,91.0
476,242,,91.0
477,168,-20.5,46.0
478,240,-20.5,46.0
479,241,,20.0
480,239,,39.0
481,242,,39.0
482,243,55.95,-5.0
483,332,55.95,-5.0
484,244,,-5.0
485,467,,-5.0
486,170,,
487,245,,
488,246,,
489,37,-20.5,65.0
490,179,-20.5,65.0
491,247,-20.5,65.0
492,248,,80.0
493,249,,29.0
494,336,,29.0
495,531,,29.0
496,873,,29.0
497,250,-20.5,27.0
498,341,-20.5,27.0
499,538,-20.5,27.0
500,251,,59.0
501,57,,
502,252,,
503,523,,
504,253,-20.5,
505,254,,
506,441,,
507,867,,
508,255,-20.5,
509,669,-20.5,
510,256,,
511,582,,
512,257,,
513,258,,4.0
514,294,,4.0
515,259,,
516,260,60.11,-5.0
517,370,60.11,-5.0
518,763,60.11,-5.0
519,261,,-5.0
520,929,,-5.0
521,262,,
522,263,,12.0
523,264,,51.0
524,265,,-5.0
525,266,-20.5,-5.0
526,267,,
527,268,-20.5,-5.0
528,269,,
529,938,,
530,270,,-5.0
531,151,,89.0
532,271,,89.0
533,558,,89.0
534,133,-20.5,85.0
535,272,-20.5,85.0
536,528,-20.5,85.0
537,273,-20.5,-5.0
538,298,-20.5,-5.0
539,35,-20.5,-5.0
540,274,-20.5,-5.0
541,596,-20.5,-5.0
542,275,-20.5,100.0
543,522,-20.5,100.0
544,276,-20.5,-5.0
545,988,-20.5,-5.0
546,277,,
547,278,3.52,-5.0
548,279,,
549,346,,
550,280,,
551,281,402.54,-5.0
552,852,402.54,-5.0
553,282,487.36,-5.0
554,283,,
555,747,,
556,284,,
557,358,,
558,941,,
559,20,,28.0
560,285,,28.0
561,286,,-5.0
562,287,-20.5,
563,444,-20.5,
564,579,-20.5,
565,288,,
566,800,,
567,89,,-5.0
568,289,,-5.0
569,322,,-5.0
570,105,,-5.0
571,193,,-5.0
572,290,,-5.0
573,473,,-5.0
574,187,,8.0
575,291,,8.0
576,11,-20.5,-5.0
577,292,-20.5,-5.0
578,49,,89.0
579,293,,89.0
580,570,,89.0
581,258,,54.0
582,294,,54.0
583,104,,5.0
584,295,,5.0
585,296,,1.0
586,297,-20.5,48.0
587,273,-20.5,-5.0
588,298,-20.5,-5.0
589,299,339.52,-5.0
590,300,,-5.0
591,140,,
592,301,,
593,302,180.86,
594,806,180.86,
595,303,89.77,-5.0
596,304,326.44,-5.0
597,305,,-5.0
598,306,,
599,431,,
600,33,-20.5,7.0
601,146,-20.5,7.0
602,307,-20.5,7.0
603,906,-20.5,7.0
604,920,-20.5,7.0
605,308,365.03,38.0
606,957,365.03,38.0
607,309,,61.0
608,328,,61.0
609,985,,61.0
610,310,-20.5,95.0
611,311,320.02,34.0
612,312,,
613,409,,
614,313,,
615,314,336.0,-5.0
616,315,,
617,657,,
618,678,,
619,960,,
620,81,,53.0
621,316,,53.0
622,317,,80.0
623,318,-20.5,-5.0
624,232,461.99,88.0
625,319,461.99,88.0
626,320,-20.5,-5.0
627,366,-20.5,-5.0
628,909,-20.5,-5.0
629,173,,-5.0
630,321,,-5.0
631,883,,-5.0
632,89,,
633,289,,
634,322,,
635,323,,82.0
636,324,-20.5,
637,325,,-5.0
638,326,,87.0
639,327,-20.5,
640,309,,
641,328,,
642,985,,
643,329,-20.5,76.0
644,839,-20.5,76.0
645,330,,
646,480,,
647,557,,
648,640,,
649,331,,-5.0
650,243,,-5.0
651,332,,-5.0
652,333,-20.5,15.0
653,659,-20.5,15.0
654,334,,
655,743,,
656,335,-20.5,33.0
657,858,-20.5,33.0
658,249,-20.5,
659,336,-20.5,
660,531,-20.5,
661,873,-20.5,
662,184,,70.0
663,337,,70.0
664,338,-20.5,61.0
665,339,27.7,-5.0
666,621,27.7,-5.0
667,194,-20.5,27.0
668,340,-20.5,27.0
669,250,,-5.0
670,341,,-5.0
671,538,,-5.0
672,342,,
673,343,-20.5,-5.0
674,680,-20.5,-5.0
675,914,-20.5,-5.0
676,344,,65.0
677,374,,65.0
678,345,338.5,-5.0
679,279,,-5.0
680,346,,-5.0
681,347,,
682,536,,
683,635,,
684,671,,
685,348,180.82,
686,876,180.82,
687,75,,-5.0
688,349,,-5.0
689,885,,-5.0
690,350,404.37,-5.0
691,17,,-5.0
692,351,,-5.0
693,154,174.65,
694,352,174.65,
695,353,367.3,-5.0
696,354,-20.5,-5.0
697,748,-20.5,-5.0
698,53,-20.5,-5.0
699,199,-20.5,-5.0
700,355,-20.5,-5.0
701,356,409.29,-5.0
702,162,366.21,-5.0
703,357,366.21,-5.0
704,434,366.21,-5.0
705,284,,
706,358,,
707,941,,
708,359,,-5.0
709,360,,52.0
710,114,-20.5,
711,361,-20.5,
712,362,263.32,30.0
713,178,,
714,363,,
715,367,,
716,731,,
717,364,,14.0
718,617,,14.0
719,775,,14.0
720,365,,95.0
721,320,-20.5,23.0
722,366,-20.5,23.0
723,909,-20.5,23.0
724,178,-20.5,31.0
725,363,-20.5,31.0
726,367,-20.5,31.0
727,731,-20.5,31.0
728,368,,28.0
729,450,,28.0
730,848,,28.0
731,369,464.09,8.0
732,677,464.09,8.0
733,260,,
734,370,,
735,763,,
736,371,156.54,-5.0
737,641,156.54,-5.0
738,128,,-5.0
739,372,,-5.0
740,373,,73.0
741,344,,69.0
742,374,,69.0
743,375,,66.0
744,376,-20.5,-5.0
745,625,-20.5,-5.0
746,377,,-5.0
747,764,,-5.0
748,378,-20.5,
749,593,-20.5,
750,379,347.75,97.0
751,712,347.75,97.0
752,802,347.75,97.0
753,380,,
754,381,,-5.0
755,572,,-5.0
756,236,,-5.0
757,382,,-5.0
758,548,,-5.0
759,869,,-5.0
760,165,83.97,
761,383,83.97,
762,384,-20.5,31.0
763,598,-20.5,31.0
764,604,-20.5,31.0
765,660,-20.5,31.0
766,78,,-5.0
767,385,,-5.0
768,643,,-5.0
769,386,,54.0
770,387,-20.5,18.0
771,229,388.46,
772,388,388.46,
773,389,,
774,390,-20.5,-5.0
775,391,,
776,392,,-5.0
777,943,,-5.0
778,393,328.69,
779,394,78.58,50.0
780,721,78.58,50.0
781,395,,
782,642,,
783,396,-20.5,-5.0
784,438,-20.5,-5.0
785,397,102.7,
786,606,102.7,
787,398,,100.0
788,399,-20.5,-5.0
789,637,-20.5,-5.0
790,52,,-5.0
791,144,,-5.0
792,400,,-5.0
793,668,,-5.0
794,921,,-5.0
795,50,-20.5,-5.0
796,401,-20.5,-5.0
797,402,217.65,-5.0
798,618,217.65,-5.0
799,403,223.38,
800,404,,47.0
801,498,,47.0
802,405,-20.5,
803,12,25.31,
804,15,25.31,
805,406,25.31,
806,407,,-5.0
807,529,,-5.0
808,855,,-5.0
809,408,-20.5,-5.0
810,770,-20.5,-5.0
811,312,,
812,409,,
813,185,312.19,89.0
814,410,312.19,89.0
815,411,-20.5,
816,429,-20.5,
817,412,,
818,18,-20.5,
819,413,-20.5,
820,414,,82.0
821,415,331.69,73.0
822,750,331.69,73.0
823,416,-20.5,43.0
824,490,-20.5,43.0
825,896,-20.5,43.0
826,417,,
827,418,126.49,40.0
828,696,126.49,40.0
829,207,-20.5,-5.0
830,419,-20.5,-5.0
831,420,,-5.0
832,719,,-5.0
833,421,,
834,422,379.4,-5.0
835,423,,
836,180,212.87,58.0
837,424,212.87,58.0
838,730,212.87,58.0
839,886,212.87,58.0
840,425,,58.0
841,469,,58.0
842,426,,
843,542,,
844,427,,
845,428,,95.0
846,411,-20.5,69.0
847,429,-20.5,69.0
848,158,,-5.0
849,204,,-5.0
850,430,,-5.0
851,718,,-5.0
852,306,,-5.0
853,431,,-5.0
854,432,100.56,
855,533,100.56,
856,121,,5.0
857,433,,5.0
858,601,,5.0
859,162,-20.5,-5.0
860,357,-20.5,-5.0
861,434,-20.5,-5.0
862,435,-20.5,7.0
863,218,-20.5,78.0
864,237,-20.5,78.0
865,436,-20.5,78.0
866,437,,
867,396,,
868,438,,
869,439,133.77,-5.0
870,440,,-5.0
871,254,-20.5,
872,441,-20.5,
873,867,-20.5,
874,442,-20.5,
875,459,-20.5,
876,561,-20.5,
877,630,-20.5,
878,443,,74.0
879,287,,59.0
880,444,,59.0
881,579,,59.0
882,74,-20.5,
883,445,-20.5,
884,446,-20.5,
885,884,-20.5,
886,138,18.93,59.0
887,447,18.93,59.0
888,681,18.93,59.0
889,448,,
890,771,,
891,84,47.9,-5.0
892,449,47.9,-5.0
893,612,47.9,-5.0
894,368,,-5.0
895,450,,-5.0
896,848,,-5.0
897,227,19.84,
898,451,19.84,
899,615,19.84,
900,452,-20.5,-5.0
901,453,,
902,454,,-5.0
903,455,410.9,
904,456,,56.0
905,880,,56.0
906,887,,56.0
907,116,,-5.0
908,457,,-5.0
909,235,-20.5,
910,238,-20.5,
911,458,-20.5,
912,778,-20.5,
913,788,-20.5,
914,442,-20.5,34.0
915,459,-20.5,34.0
916,561,-20.5,34.0
917,630,-20.5,34.0
918,460,59.61,
919,174,,-5.0
920,461,,-5.0
921,462,,-5.0
922,463,-20.5,
923,857,-20.5,
924,464,453.91,5.0
925,470,453.91,5.0
926,465,-20.5,
927,716,-20.5,
928,773,-20.5,
929,466,-20.5,
930,244,146.77,5.0
931,467,146.77,5.0
932,468,450.53,-5.0
933,425,-20.5,84.0
934,469,-20.5,84.0
935,464,,52.0
936,470,,52.0
937,471,,-5.0
938,472,29.9,-5.0
939,105,113.41,-5.0
940,193,113.41,-5.0
941,290,113.41,-5.0
942,473,113.41,-5.0
943,474,,-5.0
944,673,,-5.0
945,475,-20.5,-5.0
946,476,,51.0
947,477,-20.5,
948,478,461.19,
949,479,,-5.0
950,658,,-5.0
951,330,,-5.0
952,480,,-5.0
953,557,,-5.0
954,640,,-5.0
955,481,,-5.0
956,633,,-5.0
957,688,,-5.0
958,482,-20.5,-5.0
959,562,-20.5,-5.0
960,483,,-5.0
961,808,,-5.0
962,484,-20.5,-5.0
963,79,,
964,485,,
965,486,,-5.0
966,602,,-5.0
967,487,31.64,-5.0
968,503,31.64,-5.0
969,600,31.64,-5.0
970,488,,72.0
971,489,,-5.0
972,541,,-5.0
973,416,327.86,-5.0
974,490,327.86,-5.0
975,896,327.86,-5.0
976,491,290.67,
977,492,-20.5,47.0
978,629,-20.5,47.0
979,851,-20.5,47.0
980,493,-20.5,19.0
981,494,,40.0
982,891,,40.0
983,495,,-5.0
984,556,,-5.0
985,496,,
986,656,,
987,753,,
988,224,400.52,
989,497,400.52,
990,786,400.52,
991,404,,-5.0
992,498,,-5.0
993,499,,49.0
994,500,,
995,190,,-5.0
996,501,,-5.0
997,23,-20.5,85.0
998,502,-20.5,85.0
999,487,,90.0
1000,503,,90.0
1001,600,,90.0
1002,504,,-5.0
1003,505,,
1004,506,450.71,94.0
1005,507,,-5.0
1006,508,,-5.0
1007,571,,-5.0
1008,585,,-5.0
1009,509,,
1010,984,,
1011,510,,39.0
1012,511,,-5.0
1013,512,65.34,-5.0
1014,809,65.34,-5.0
1015,903,65.34,-5.0
1016,513,,-5.0
1017,751,,-5.0
1018,514,,-5.0
1019,515,,43.0
1020,516,318.94,-5.0
1021,785,318.94,-5.0
1022,517,,
1023,720,,
1024,918,,
1025,956,,
1026,518,-20.5,-5.0
1027,519,,
1028,611,,
1029,520,-20.5,14.0
1030,590,-20.5,14.0
1031,734,-20.5,14.0
1032,834,-20.5,14.0
1033,978,-20.5,14.0
1034,67,,-5.0
1035,521,,-5.0
1036,275,,-5.0
1037,522,,-5.0
1038,57,,-5.0
1039,252,,-5.0
1040,523,,-5.0
1041,97,,
1042,524,,
1043,22,102.71,
1044,525,102.71,
1045,526,,
1046,527,494.8,70.0
1047,933,494.8,70.0
1048,133,323.3,94.0
1049,272,323.3,94.0
1050,528,323.3,94.0
1051,407,,55.0
1052,529,,55.0
1053,855,,55.0
1054,113,195.97,67.0
1055,183,195.97,67.0
1056,530,195.97,67.0
1057,835,195.97,67.0
1058,249,,40.0
1059,336,,40.0
1060,531,,40.0
1061,873,,40.0
1062,6,,
1063,532,,
1064,432,,-5.0
1065,533,,-5.0
1066,27,-20.5,
1067,106,-20.5,
1068,534,-20.5,
1069,535,,
1070,347,-20.5,87.0
1071,536,-20.5,87.0
1072,635,-20.5,87.0
1073,671,-20.5,87.0
1074,537,,-5.0
1075,250,318.42,-5.0
1076,341,318.42,-5.0
1077,538,318.42,-5.0
1078,539,-20.5,-5.0
1079,540,,-5.0
1080,489,,21.0
1081,541,,21.0
1082,426,352.87,
1083,542,352.87,
1084,543,,98.0
1085,937,,98.0
1086,544,,-5.0
1087,545,,-5.0
1088,134,-20.5,0.0
1089,546,-20.5,0.0
1090,547,,34.0
1091,661,,34.0
1092,236,,-5.0
1093,382,,-5.0
1094,548,,-5.0
1095,869,,-5.0
1096,549,,65.0
1097,550,126.34,51.0
1098,583,126.34,51.0
1099,551,316.64,-5.0
1100,958,316.64,-5.0
1101,552,,
1102,553,,
1103,554,,
1104,807,,
1105,555,,9.0
1106,495,,
1107,556,,
1108,330,,-5.0
1109,480,,-5.0
1110,557,,-5.0
1111,640,,-5.0
1112,151,109.51,100.0
1113,271,109.51,100.0
1114,558,109.51,100.0
1115,103,,
1116,559,,
1117,560,194.07,
1118,442,-20.5,
1119,459,-20.5,
1120,561,-20.5,
1121,630,-20.5,
1122,482,70.97,47.0
1123,562,70.97,47.0
1124,563,-20.5,6.0
1125,564,-20.5,26.0
1126,565,-20.5,-5.0
1127,566,77.02,
1128,735,77.02,
1129,567,-20.5,
1130,752,-20.5,
1131,117,258.42,
1132,568,258.42,
1133,864,258.42,
1134,569,-20.5,-5.0
1135,49,,
1136,293,,
1137,570,,
1138,508,223.71,97.0
1139,571,223.71,97.0
1140,585,223.71,97.0
1141,381,,-5.0
1142,572,,-5.0
1143,573,,-5.0
1144,856,,-5.0
1145,574,17.74,-5.0
1146,150,282.25,-5.0
1147,575,282.25,-5.0
1148,913,282.25,-5.0
1149,576,46.6,3.0
1150,922,46.6,3.0
1151,948,46.6,3.0
1152,577,,
1153,663,,
1154,767,,
1155,828,,
1156,578,-20.5,-5.0
1157,863,-20.5,-5.0
1158,287,,
1159,444,,
1160,579,,
1161,580,,-5.0
1162,728,,-5.0
1163,581,-20.5,
1164,733,-20.5,
1165,256,,
1166,582,,
1167,550,-20.5,46.0
1168,583,-20.5,46.0
1169,584,-20.5,-5.0
1170,508,-20.5,23.0
1171,571,-20.5,23.0
1172,585,-20.5,23.0
1173,586,,
1174,737,,
1175,587,215.75,
1176,588,,
1177,589,-20.5,30.0
1178,870,-20.5,30.0
1179,520,-20.5,12.0
1180,590,-20.5,12.0
1181,734,-20.5,12.0
1182,834,-20.5,12.0
1183,978,-20.5,12.0
1184,591,319.83,
1185,949,319.83,
1186,592,286.73,65.0
1187,895,286.73,65.0
1188,378,480.05,-5.0
1189,593,480.05,-5.0
1190,594,,-5.0
1191,595,-20.5,-5.0
1192,35,,
1193,274,,
1194,596,,
1195,176,-20.5,
1196,597,-20.5,
1197,384,,20.0
1198,598,,20.0
1199,604,,20.0
1200,660,,20.0
1201,599,,
1202,999,,
1203,487,,-5.0
1204,503,,-5.0
1205,600,,-5.0
1206,121,318.93,
1207,433,318.93,
1208,601,318.93,
1209,486,,-5.0
1210,602,,-5.0
1211,603,492.42,53.0
1212,950,492.42,53.0
1213,384,-20.5,
1214,598,-20.5,
1215,604,-20.5,
1216,660,-20.5,
1217,605,,-5.0
1218,397,437.54,
1219,606,437.54,
1220,607,7.07,
1221,924,7.07,
1222,608,-20.5,-5.0
1223,609,,-5.0
1224,868,,-5.0
1225,610,,7.0
1226,976,,7.0
1227,519,69.5,
1228,611,69.5,
1229,84,,-5.0
1230,449,,-5.0
1231,612,,-5.0
1232,613,,
1233,614,298.75,-5.0
1234,227,,47.0
1235,451,,47.0
1236,615,,47.0
1237,616,,64.0
1238,672,,64.0
1239,769,,64.0
1240,364,,91.0
1241,617,,91.0
1242,775,,91.0
1243,402,,22.0
1244,618,,22.0
1245,619,34.21,52.0
1246,874,34.21,52.0
1247,48,366.83,
1248,118,366.83,
1249,620,366.83,
1250,339,90.05,
1251,621,90.05,
1252,66,229.46,-5.0
1253,215,229.46,-5.0
1254,622,229.46,-5.0
1255,623,,92.0
1256,624,,51.0
1257,376,-20.5,
1258,625,-20.5,
1259,626,-20.5,-5.0
1260,805,-20.5,-5.0
1261,627,,-5.0
1262,628,-20.5,-5.0
1263,492,,
1264,629,,
1265,851,,
1266,442,,33.0
1267,459,,33.0
1268,561,,33.0
1269,630,,33.0
1270,209,,
1271,631,,
1272,694,,
1273,632,444.38,97.0
1274,481,220.41,50.0
1275,633,220.41,50.0
1276,688,220.41,50.0
1277,634,-20.5,
1278,347,,-5.0
1279,536,,-5.0
1280,635,,-5.0
1281,671,,-5.0
1282,636,27.84,2.0
1283,399,309.53,65.0
1284,637,309.53,65.0
1285,638,,-5.0
1286,639,,
1287,330,408.17,
1288,480,408.17,
1289,557,408.17,
1290,640,408.17,
1291,371,-20.5,
1292,641,-20.5,
1293,395,,-5.0
1294,642,,-5.0
1295,78,113.27,
1296,385,113.27,
1297,643,113.27,
1298,129,72.12,
1299,644,72.12,
1300,645,,4.0
1301,820,,4.0
1302,216,15.65,-5.0
1303,646,15.65,-5.0
1304,766,15.65,-5.0
1305,647,-20.5,81.0
1306,648,-20.5,
1307,649,,90.0
1308,139,,-5.0
1309,650,,-5.0
1310,964,,-5.0
1311,7,,
1312,651,,
1313,652,,36.0
1314,945,,36.0
1315,653,,
1316,790,,
1317,654,,-5.0
1318,784,,-5.0
1319,655,,7.0
1320,862,,7.0
1321,496,-20.5,53.0
1322,656,-20.5,53.0
1323,753,-20.5,53.0
1324,315,365.13,-5.0
1325,657,365.13,-5.0
1326,678,365.13,-5.0
1327,960,365.13,-5.0
1328,479,-20.5,54.0
1329,658,-20.5,54.0
1330,333,,
1331,659,,
1332,384,-20.5,-5.0
1333,598,-20.5,-5.0
1334,604,-20.5,-5.0
1335,660,-20.5,-5.0
1336,547,-20.5,
1337,661,-20.5,
1338,662,428.93,-5.0
1339,729,428.93,-5.0
1340,577,,-5.0
1341,663,,-5.0
1342,767,,-5.0
1343,828,,-5.0
1344,664,-20.5,11.0
1345,665,,33.0
1346,666,,-5.0
1347,755,,-5.0
1348,171,,-5.0
1349,667,,-5.0
1350,52,,-5.0
1351,144,,-5.0
1352,400,,-5.0
1353,668,,-5.0
1354,921,,-5.0
1355,255,36.74,
1356,669,36.74,
1357,670,,
1358,347,-20.5,-5.0
1359,536,-20.5,-5.0
1360,635,-20.5,-5.0
1361,671,-20.5,-5.0
1362,616,-20.5,-5.0
1363,672,-20.5,-5.0
1364,769,-20.5,-5.0
1365,474,254.53,
1366,673,254.53,
1367,674,,
1368,675,149.63,
1369,798,149.63,
1370,92,,
1371,98,,
1372,676,,
1373,369,85.08,
1374,677,85.08,
1375,315,-20.5,
1376,657,-20.5,
1377,678,-20.5,
1378,960,-20.5,
1379,679,403.95,41.0
1380,343,,-5.0
1381,680,,-5.0
1382,914,,-5.0
1383,138,-20.5,43.0
1384,447,-20.5,43.0
1385,681,-20.5,43.0
1386,682,,
1387,740,,
1388,683,,
1389,684,,
1390,685,327.63,-5.0
1391,191,335.14,
1392,686,335.14,
1393,687,,
1394,481,,-5.0
1395,633,,-5.0
1396,688,,-5.0
1397,689,-20.5,
1398,690,330.73,26.0
1399,691,,
1400,692,,
1401,823,,
1402,693,-20.5,20.0
1403,209,186.85,-5.0
1404,631,186.85,-5.0
1405,694,186.85,-5.0
1406,695,,
1407,758,,
1408,418,,40.0
1409,696,,40.0
1410,221,,
1411,697,,
1412,698,-20.5,
1413,188,-20.5,22.0
1414,699,-20.5,22.0
1415,700,,-5.0
1416,926,,-5.0
1417,701,-20.5,77.0
1418,702,,31.0
1419,703,,-5.0
1420,975,,-5.0
1421,704,,-5.0
1422,73,432.25,14.0
1423,705,432.25,14.0
1424,706,458.22,-5.0
1425,707,495.36,-5.0
1426,182,-20.5,
1427,708,-20.5,
1428,1,,-5.0
1429,709,,-5.0
1430,815,,-5.0
1431,710,,57.0
1432,711,11.47,62.0
1433,898,11.47,62.0
1434,379,-20.5,
1435,712,-20.5,
1436,802,-20.5,
1437,713,387.78,22.0
1438,893,387.78,22.0
1439,714,-20.5,96.0
1440,919,-20.5,96.0
1441,715,,-5.0
1442,930,,-5.0
1443,465,-20.5,36.0
1444,716,-20.5,36.0
1445,773,-20.5,36.0
1446,717,,
1447,158,283.93,
1448,204,283.93,
1449,430,283.93,
1450,718,283.93,
1451,420,379.18,-5.0
1452,719,379.18,-5.0
1453,517,,-5.0
1454,720,,-5.0
1455,918,,-5.0
1456,956,,-5.0
1457,394,39.92,
1458,721,39.92,
1459,722,,49.0
1460,723,,-5.0
1461,137,10.88,33.0
1462,724,10.88,33.0
1463,142,336.9,
1464,725,336.9,
1465,742,336.9,
1466,40,,-5.0
1467,726,,-5.0
1468,727,-20.5,13.0
1469,580,,-5.0
1470,728,,-5.0
1471,662,-20.5,
1472,729,-20.5,
1473,180,,-5.0
1474,424,,-5.0
1475,730,,-5.0
1476,886,,-5.0
1477,178,-20.5,25.0
1478,363,-20.5,25.0
1479,367,-20.5,25.0
1480,731,-20.5,25.0
1481,732,,
1482,581,-20.5,
1483,733,-20.5,
1484,520,,-5.0
1485,590,,-5.0
1486,734,,-5.0
1487,834,,-5.0
1488,978,,-5.0
1489,566,,71.0
1490,735,,71.0
1491,736,,
1492,586,101.26,-5.0
1493,737,101.26,-5.0
1494,738,,-5.0
1495,859,,-5.0
1496,739,,7.0
1497,682,-20.5,-5.0
1498,740,-20.5,-5.0
1499,741,-20.5,
1500,142,-20.5,-5.0
1501,725,-20.5,-5.0
1502,742,-20.5,-5.0
1503,334,-20.5,-5.0
1504,743,-20.5,-5.0
1505,155,118.98,83.0
1506,744,118.98,83.0
1507,745,180.21,-5.0
1508,746,,49.0
1509,991,,49.0
1510,283,,-5.0
1511,747,,-5.0
1512,354,423.87,-5.0
1513,748,423.87,-5.0
1514,68,93.25,
1515,211,93.25,
1516,749,93.25,
1517,415,88.08,73.0
1518,750,88.08,73.0
1519,513,-20.5,38.0
1520,751,-20.5,38.0
1521,567,,-5.0
1522,752,,-5.0
1523,496,,57.0
1524,656,,57.0
1525,753,,57.0
1526,754,,
1527,666,,
1528,755,,
1529,756,,-5.0
1530,757,,-5.0
1531,821,,-5.0
1532,695,495.53,98.0
1533,758,495.53,98.0
1534,759,,
1535,760,-20.5,79.0
1536,761,-20.5,-5.0
1537,109,,
1538,762,,
1539,260,-20.5,-5.0
1540,370,-20.5,-5.0
1541,763,-20.5,-5.0
1542,377,,-5.0
1543,764,,-5.0
1544,765,447.2,-5.0
1545,216,,-5.0
1546,646,,-5.0
1547,766,,-5.0
1548,577,,38.0
1549,663,,38.0
1550,767,,38.0
1551,828,,38.0
1552,157,458.07,-5.0
1553,768,458.07,-5.0
1554,616,-20.5,
1555,672,-20.5,
1556,769,-20.5,
1557,408,-20.5,
1558,770,-20.5,
1559,448,,
1560,771,,
1561,772,,18.0
1562,465,24.56,
1563,716,24.56,
1564,773,24.56,
1565,774,-20.5,29.0
1566,973,-20.5,29.0
1567,364,,
1568,617,,
1569,775,,
1570,776,,73.0
1571,947,,73.0
1572,9,,
1573,777,,
1574,936,,
1575,235,261.54,-5.0
1576,238,261.54,-5.0
1577,458,261.54,-5.0
1578,778,261.54,-5.0
1579,788,261.54,-5.0
1580,779,,
1581,837,,
1582,780,,
1583,781,,
1584,782,,-5.0
1585,783,,19.0
1586,654,,68.0
1587,784,,68.0
1588,516,,-5.0
1589,785,,-5.0
1590,224,198.08,86.0
1591,497,198.08,86.0
1592,786,198.08,86.0
1593,172,217.21,32.0
1594,787,217.21,32.0
1595,235,,-5.0
1596,238,,-5.0
1597,458,,-5.0
1598,778,,-5.0
1599,788,,-5.0
1600,789,17.85,
1601,825,17.85,
1602,653,,-5.0
1603,790,,-5.0
1604,791,,7.0
1605,792,,39.0
1606,793,227.76,
1607,794,,76.0
1608,888,,76.0
1609,795,251.34,
1610,813,251.34,
1611,796,,90.0
1612,8,,8.0
1613,797,,8.0
1614,675,,
1615,798,,
1616,125,-20.5,34.0
1617,799,-20.5,34.0
1618,917,-20.5,34.0
1619,288,25.23,
1620,800,25.23,
1621,801,97.85,
1622,899,97.85,
1623,379,-20.5,13.0
1624,712,-20.5,13.0
1625,802,-20.5,13.0
1626,803,,-5.0
1627,804,,68.0
1628,626,,
1629,805,,
1630,302,-20.5,0.0
1631,806,-20.5,0.0
1632,554,-20.5,73.0
1633,807,-20.5,73.0
1634,483,,-5.0
1635,808,,-5.0
1636,512,-20.5,55.0
1637,809,-20.5,55.0
1638,903,-20.5,55.0
1639,810,-20.5,-5.0
1640,811,-20.5,
1641,177,,0.0
1642,812,,0.0
1643,795,,76.0
1644,813,,76.0
1645,65,,60.0
1646,814,,60.0
1647,986,,60.0
1648,1,120.63,4.0
1649,709,120.63,4.0
1650,815,120.63,4.0
1651,816,83.46,59.0
1652,817,25.72,52.0
1653,818,,95.0
1654,819,-20.5,-5.0
1655,645,284.8,-5.0
1656,820,284.8,-5.0
1657,757,341.11,31.0
1658,821,341.11,31.0
1659,822,,
1660,692,,26.0
1661,823,,26.0
1662,824,-20.5,64.0
1663,789,-20.5,-5.0
1664,825,-20.5,-5.0
1665,826,,48.0
1666,827,-20.5,11.0
1667,577,7.19,
1668,663,7.19,
1669,767,7.19,
1670,828,7.19,
1671,54,,58.0
1672,829,,58.0
1673,830,,-5.0
1674,831,,-5.0
1675,832,331.55,18.0
1676,833,-20.5,
1677,520,-20.5,
1678,590,-20.5,
1679,734,-20.5,
1680,834,-20.5,
1681,978,-20.5,
1682,113,473.08,
1683,183,473.08,
1684,530,473.08,
1685,835,473.08,
1686,836,183.93,
1687,779,,-5.0
1688,837,,-5.0
1689,838,410.85,
1690,996,410.85,
1691,329,,
1692,839,,
1693,840,,89.0
1694,841,,-5.0
1695,842,,
1696,998,,
1697,843,-20.5,-5.0
1698,942,-20.5,-5.0
1699,844,,53.0
1700,845,-20.5,-5.0
1701,16,-20.5,67.0
1702,846,-20.5,67.0
1703,847,-20.5,-5.0
1704,368,,97.0
1705,450,,97.0
1706,848,,97.0
1707,849,170.12,
1708,850,,9.0
1709,492,-20.5,-5.0
1710,629,-20.5,-5.0
1711,851,-20.5,-5.0
1712,281,,-5.0
1713,852,,-5.0
1714,853,,-5.0
1715,854,157.01,32.0
1716,407,,
1717,529,,
1718,855,,
1719,573,136.35,
1720,856,136.35,
1721,463,272.84,
1722,857,272.84,
1723,335,,58.0
1724,858,,58.0
1725,738,,-5.0
1726,859,,-5.0
1727,226,,
1728,860,,
1729,932,,
1730,861,,72.0
1731,987,,72.0
1732,655,81.33,
1733,862,81.33,
1734,578,,-5.0
1735,863,,-5.0
1736,117,,-5.0
1737,568,,-5.0
1738,864,,-5.0
1739,865,-20.5,
1740,971,-20.5,
1741,866,,-5.0
1742,254,,-5.0
1743,441,,-5.0
1744,867,,-5.0
1745,609,-20.5,
1746,868,-20.5,
1747,236,196.91,
1748,382,196.91,
1749,548,196.91,
1750,869,196.91,
1751,589,208.54,70.0
1752,870,208.54,70.0
1753,130,,-5.0
1754,871,,-5.0
1755,192,,
1756,872,,
1757,944,,
1758,249,453.06,-5.0
1759,336,453.06,-5.0
1760,531,453.06,-5.0
1761,873,453.06,-5.0
1762,619,,21.0
1763,874,,21.0
1764,214,,-5.0
1765,875,,-5.0
1766,348,242.22,
1767,876,242.22,
1768,70,-20.5,37.0
1769,877,-20.5,37.0
1770,878,475.19,
1771,879,,
1772,456,190.16,93.0
1773,880,190.16,93.0
1774,887,190.16,93.0
1775,881,,
1776,28,,-5.0
1777,882,,-5.0
1778,173,,79.0
1779,321,,79.0
1780,883,,79.0
1781,446,,1.0
1782,884,,1.0
1783,75,124.32,
1784,349,124.32,
1785,885,124.32,
1786,180,,-5.0
1787,424,,-5.0
1788,730,,-5.0
1789,886,,-5.0
1790,456,,
1791,880,,
1792,887,,
1793,794,172.13,72.0
1794,888,172.13,72.0
1795,889,-20.5,36.0
1796,890,-20.5,-5.0
1797,494,,-5.0
1798,891,,-5.0
1799,892,,
1800,713,374.73,-5.0
1801,893,374.73,-5.0
1802,894,188.07,-5.0
1803,592,,29.0
1804,895,,29.0
1805,416,135.42,45.0
1806,490,135.42,45.0
1807,896,135.42,45.0
1808,64,-20.5,
1809,897,-20.5,
1810,711,-20.5,78.0
1811,898,-20.5,78.0
1812,801,,
1813,899,,
1814,34,,87.0
1815,900,,87.0
1816,108,,
1817,901,,
1818,135,-20.5,0.0
1819,902,-20.5,0.0
1820,512,-20.5,
1821,809,-20.5,
1822,903,-20.5,
1823,904,273.02,
1824,905,,-5.0
1825,911,,-5.0
1826,33,,-5.0
1827,146,,-5.0
1828,307,,-5.0
1829,906,,-5.0
1830,920,,-5.0
1831,907,,
1832,908,,-5.0
1833,320,397.48,19.0
1834,366,397.48,19.0
1835,909,397.48,19.0
1836,5,168.92,
1837,910,168.92,
1838,905,,-5.0
1839,911,,-5.0
1840,21,325.54,-5.0
1841,912,325.54,-5.0
1842,150,476.32,-5.0
1843,575,476.32,-5.0
1844,913,476.32,-5.0
1845,343,,-5.0
1846,680,,-5.0
1847,914,,-5.0
1848,915,,30.0
1849,76,,
1850,916,,
1851,125,-20.5,
1852,799,-20.5,
1853,917,-20.5,
1854,517,-20.5,
1855,720,-20.5,
1856,918,-20.5,
1857,956,-20.5,
1858,714,,-5.0
1859,919,,-5.0
1860,33,,-5.0
1861,146,,-5.0
1862,307,,-5.0
1863,906,,-5.0
1864,920,,-5.0
1865,52,456.72,50.0
1866,144,456.72,50.0
1867,400,456.72,50.0
1868,668,456.72,50.0
1869,921,456.72,50.0
1870,576,,89.0
1871,922,,89.0
1872,948,,89.0
1873,143,-20.5,
1874,923,-20.5,
1875,970,-20.5,
1876,607,,
1877,924,,
1878,925,,52.0
1879,700,203.49,-5.0
1880,926,203.49,-5.0
1881,29,,
1882,927,,
1883,928,294.58,-5.0
1884,261,-20.5,21.0
1885,929,-20.5,21.0
1886,715,,-5.0
1887,930,,-5.0
1888,931,,
1889,226,147.79,34.0
1890,860,147.79,34.0
1891,932,147.79,34.0
1892,527,-20.5,88.0
1893,933,-20.5,88.0
1894,110,,-5.0
1895,934,,-5.0
1896,935,,22.0
1897,9,,-5.0
1898,777,,-5.0
1899,936,,-5.0
1900,543,,-5.0
1901,937,,-5.0
1902,269,-20.5,-5.0
1903,938,-20.5,-5.0
1904,939,,-5.0
1905,30,,
1906,940,,
1907,284,-20.5,
1908,358,-20.5,
1909,941,-20.5,
1910,843,-20.5,
1911,942,-20.5,
1912,392,,-5.0
1913,943,,-5.0
1914,192,-20.5,
1915,872,-20.5,
1916,944,-20.5,
1917,652,,-5.0
1918,945,,-5.0
1919,946,,-5.0
1920,776,,-5.0
1921,947,,-5.0
1922,576,,
1923,922,,
1924,948,,
1925,591,304.23,
1926,949,304.23,
1927,603,339.16,
1928,950,339.16,
1929,951,,3.0
1930,952,475.57,
1931,953,,88.0
1932,10,-20.5,
1933,954,-20.5,
1934,955,,11.0
1935,517,98.6,
1936,720,98.6,
1937,918,98.6,
1938,956,98.6,
1939,308,290.52,
1940,957,290.52,
1941,551,,17.0
1942,958,,17.0
1943,959,,1.0
1944,315,,-5.0
1945,657,,-5.0
1946,678,,-5.0
1947,960,,-5.0
1948,961,-20.5,
1949,962,-20.5,-5.0
1950,963,69.66,-5.0
1951,139,-20.5,
1952,650,-20.5,
1953,964,-20.5,
1954,965,281.81,0.0
1955,24,,
1956,966,,
1957,992,,
1958,967,,
1959,968,-20.5,-5.0
1960,969,-20.5,1.0
1961,972,-20.5,1.0
1962,143,,-5.0
1963,923,,-5.0
1964,970,,-5.0
1965,865,,
1966,971,,
1967,969,336.9,-5.0
1968,972,336.9,-5.0
1969,774,392.01,-5.0
1970,973,392.01,-5.0
1971,127,,
1972,974,,
1973,703,,
1974,975,,
1975,610,380.82,-5.0
1976,976,380.82,-5.0
1977,977,,
1978,520,178.31,
1979,590,178.31,
1980,734,178.31,
1981,834,178.31,
1982,978,178.31,
1983,979,21.0,-5.0
1984,980,,-5.0
1985,36,-20.5,
1986,981,-20.5,
1987,123,,
1988,982,,
1989,181,187.69,-5.0
1990,983,187.69,-5.0
1991,509,,35.0
1992,984,,35.0
1993,309,,46.0
1994,328,,46.0
1995,985,,46.0
1996,65,-20.5,33.0
1997,814,-20.5,33.0
1998,986,-20.5,33.0
1999,861,,
2000,987,,
2001,276,329.78,-5.0
2002,988,329.78,-5.0
2003,989,276.23,6.0
2004,212,,-5.0
2005,990,,-5.0
2006,746,-20.5,-5.0
2007,991,-20.5,-5.0
2008,24,-20.5,-5.0
2009,966,-20.5,-5.0
2010,992,-20.5,-5.0
2011,141,244.41,0.0
2012,993,244.41,0.0
2013,91,424.86,
2014,160,424.86,
2015,994,424.86,
2016,995,,
2017,838,,85.0
2018,996,,85.0
2019,997,125.43,20.0
2020,842,470.79,
2021,998,470.79,
2022,599,,
2023,999,,
2024,1000,,-5.0
