student_id,major_id,date_id,age,gender,grade
1,1,1,20,F,A+
1,1,3,20,F,A+
1,1,5,20,F,A+
2,2,2,24,M,D
3,1,1,Unknown,F,D
3,1,3,Unknown,F,D
3,1,5,Unknown,F,D
4,3,1,20,M,B
4,3,3,20,M,B
4,3,5,20,M,B
5,3,1,20,F,C
5,3,3,20,F,C
5,3,5,20,F,C
6,4,1,20,F,F
6,4,3,20,F,F
6,4,5,20,F,F
7,1,1,Unknown,Unknown,B
7,1,3,Unknown,Unknown,B
7,1,5,Unknown,Unknown,B
8,5,4,20,F,B
9,4,1,18,M,D
9,4,3,18,M,D
9,4,5,18,M,D
10,6,1,Unknown,F,B
10,6,3,Unknown,F,B
10,6,5,Unknown,F,B
11,4,6,Unknown,Unknown,B
12,3,1,Unknown,M,A
12,3,3,Unknown,M,A
12,3,5,Unknown,M,A
13,4,1,Unknown,M,F
13,4,3,Unknown,M,F
13,4,5,Unknown,M,F
14,4,1,Unknown,F,A
14,4,3,Unknown,F,A
14,4,5,Unknown,F,A
15,6,1,20,F,A+
15,6,3,20,F,A+
15,6,5,20,F,A+
16,6,1,Unknown,M,C
16,6,3,Unknown,M,C
16,6,5,Unknown,M,C
17,4,7,Unknown,M,B
18,5,1,20,F,A
18,5,3,20,F,A
18,5,5,20,F,A
19,3,1,Unknown,F,C
19,3,3,Unknown,F,C
19,3,5,Unknown,F,C
20,1,1,19,Unknown,A
20,1,3,19,Unknown,A
20,1,5,19,Unknown,A
21,3,1,17,Unknown,A
21,3,3,17,Unknown,A
21,3,5,17,Unknown,A
22,3,1,Unknown,F,D
22,3,3,Unknown,F,D
22,3,5,Unknown,F,D
23,1,1,Unknown,M,B
23,1,3,Unknown,M,B
23,1,5,Unknown,M,B
24,6,1,Unknown,Unknown,F
24,6,3,Unknown,Unknown,F
24,6,5,Unknown,Unknown,F
25,1,8,Unknown,F,B
26,4,9,Unknown,F,A
27,6,1,20,M,F
27,6,3,20,M,F
27,6,5,20,M,F
28,2,1,26,Unknown,A
28,2,3,26,Unknown,A
28,2,5,26,Unknown,A
29,1,1,Unknown,M,F
29,1,3,Unknown,M,F
29,1,5,Unknown,M,F
30,6,1,30,M,F
30,6,3,30,M,F
30,6,5,30,M,F
31,5,1,20,F,F
31,5,3,20,F,F
31,5,5,20,F,F
32,6,1,30,Unknown,D
32,6,3,30,Unknown,D
32,6,5,30,Unknown,D
33,3,1,Unknown,Unknown,C
33,3,3,Unknown,Unknown,C
33,3,5,Unknown,Unknown,C
34,1,1,Unknown,Unknown,F
34,1,3,Unknown,Unknown,F
34,1,5,Unknown,Unknown,F
35,5,1,20,M,B
35,5,3,20,M,B
35,5,5,20,M,B
36,5,1,20,Unknown,A
36,5,3,20,Unknown,A
36,5,5,20,Unknown,A
37,1,1,20,M,D
37,1,3,20,M,D
37,1,5,20,M,D
38,3,1,Unknown,F,F
38,3,3,Unknown,F,F
38,3,5,Unknown,F,F
39,1,1,Unknown,Unknown,C
39,1,3,Unknown,Unknown,C
39,1,5,Unknown,Unknown,C
40,6,1,20,M,F
40,6,3,20,M,F
40,6,5,20,M,F
41,6,1,20,Unknown,C
41,6,3,20,Unknown,C
41,6,5,20,Unknown,C
42,1,1,Unknown,F,F
42,1,3,Unknown,F,F
42,1,5,Unknown,F,F
43,4,1,20,F,D
43,4,3,20,F,D
43,4,5,20,F,D
44,3,10,22,M,A
45,5,1,Unknown,F,D
45,5,3,Unknown,F,D
45,5,5,Unknown,F,D
46,5,1,Unknown,F,F
46,5,3,Unknown,F,F
46,5,5,Unknown,F,F
47,5,1,Unknown,F,C
47,5,3,Unknown,F,C
47,5,5,Unknown,F,C
48,4,1,25,M,D
48,4,3,25,M,D
48,4,5,25,M,D
49,6,1,20,M,F
49,6,3,20,M,F
49,6,5,20,M,F
50,6,11,Unknown,F,D
51,3,1,28,F,B
51,3,3,28,F,B
51,3,5,28,F,B
52,2,1,20,F,A
52,2,3,20,F,A
52,2,5,20,F,A
53,1,12,Unknown,M,B
54,6,1,Unknown,Unknown,D
54,6,3,Unknown,Unknown,D
54,6,5,Unknown,Unknown,D
55,4,1,20,F,A+
55,4,3,20,F,A+
55,4,5,20,F,A+
56,3,1,Unknown,F,F
56,3,3,Unknown,F,F
56,3,5,Unknown,F,F
57,1,13,17,M,F
58,2,1,30,M,B
58,2,3,30,M,B
58,2,5,30,M,B
59,4,1,20,F,D
59,4,3,20,F,D
59,4,5,20,F,D
60,6,1,24,M,A
60,6,3,24,M,A
60,6,5,24,M,A
61,5,1,Unknown,M,D
61,5,3,Unknown,M,D
61,5,5,Unknown,M,D
62,3,1,24,M,C
62,3,3,24,M,C
62,3,5,24,M,C
63,6,1,19,F,B
63,6,3,19,F,B
63,6,5,19,F,B
64,1,1,30,F,F
64,1,3,30,F,F
64,1,5,30,F,F
65,4,1,24,M,D
65,4,3,24,M,D
65,4,5,24,M,D
66,3,14,20,F,B
67,2,1,24,F,B
67,2,3,24,F,B
67,2,5,24,F,B
68,4,15,20,F,F
69,4,16,Unknown,F,F
70,3,1,20,Unknown,A
70,3,3,20,Unknown,A
70,3,5,20,Unknown,A
71,6,1,27,M,A+
71,6,3,27,M,A+
71,6,5,27,M,A+
72,2,1,18,Unknown,B
72,2,3,18,Unknown,B
72,2,5,18,Unknown,B
73,2,17,28,M,B
74,4,1,28,M,A+
74,4,3,28,M,A+
74,4,5,28,M,A+
75,4,1,Unknown,Unknown,F
75,4,3,Unknown,Unknown,F
75,4,5,Unknown,Unknown,F
76,2,1,Unknown,Unknown,A
76,2,3,Unknown,Unknown,A
76,2,5,Unknown,Unknown,A
77,1,1,26,M,F
77,1,3,26,M,F
77,1,5,26,M,F
78,5,1,Unknown,Unknown,D
78,5,3,Unknown,Unknown,D
78,5,5,Unknown,Unknown,D
79,5,1,Unknown,F,D
79,5,3,Unknown,F,D
79,5,5,Unknown,F,D
80,4,18,20,Unknown,C
81,5,1,20,M,C
81,5,3,20,M,C
81,5,5,20,M,C
82,4,1,Unknown,M,B
82,4,3,Unknown,M,B
82,4,5,Unknown,M,B
83,3,19,20,F,F
84,5,1,Unknown,M,B
84,5,3,Unknown,M,B
84,5,5,Unknown,M,B
85,4,20,Unknown,F,A+
86,3,1,Unknown,M,B
86,3,3,Unknown,M,B
86,3,5,Unknown,M,B
87,1,1,Unknown,M,A+
87,1,3,Unknown,M,A+
87,1,5,Unknown,M,A+
88,4,21,17,M,C
89,3,1,Unknown,M,F
89,3,3,Unknown,M,F
89,3,5,Unknown,M,F
90,5,1,Unknown,M,F
90,5,3,Unknown,M,F
90,5,5,Unknown,M,F
91,5,1,Unknown,Unknown,D
91,5,3,Unknown,Unknown,D
91,5,5,Unknown,Unknown,D
92,6,1,22,M,A
92,6,3,22,M,A
92,6,5,22,M,A
93,5,1,Unknown,Unknown,B
93,5,3,Unknown,Unknown,B
93,5,5,Unknown,Unknown,B
94,4,1,20,M,C
94,4,3,20,M,C
94,4,5,20,M,C
95,3,1,20,F,F
95,3,3,20,F,F
95,3,5,20,F,F
96,5,22,20,M,B
97,5,23,20,M,A
98,2,1,Unknown,F,C
98,2,3,Unknown,F,C
98,2,5,Unknown,F,C
99,1,24,20,M,F
100,4,1,27,F,F
100,4,3,27,F,F
100,4,5,27,F,F
101,5,25,Unknown,F,C
102,6,1,26,F,C
102,6,3,26,F,C
102,6,5,26,F,C
103,4,1,27,F,B
103,4,3,27,F,B
103,4,5,27,F,B
104,1,1,18,F,D
104,1,3,18,F,D
104,1,5,18,F,D
105,3,1,20,M,B
105,3,3,20,M,B
105,3,5,20,M,B
106,4,26,21,F,F
107,4,1,Unknown,F,F
107,4,3,Unknown,F,F
107,4,5,Unknown,F,F
108,5,1,Unknown,M,F
108,5,3,Unknown,M,F
108,5,5,Unknown,M,F
109,3,1,Unknown,Unknown,D
109,3,3,Unknown,Unknown,D
109,3,5,Unknown,Unknown,D
110,4,27,Unknown,Unknown,F
111,6,1,20,Unknown,C
111,6,3,20,Unknown,C
111,6,5,20,Unknown,C
112,2,28,20,F,F
113,4,1,20,F,A+
113,4,3,20,F,A+
113,4,5,20,F,A+
114,4,1,Unknown,M,F
114,4,3,Unknown,M,F
114,4,5,Unknown,M,F
115,1,1,22,M,B
115,1,3,22,M,B
115,1,5,22,M,B
116,6,1,20,Unknown,F
116,6,3,20,Unknown,F
116,6,5,20,Unknown,F
117,1,29,20,F,A+
118,4,1,18,F,A+
118,4,3,18,F,A+
118,4,5,18,F,A+
119,4,1,18,Unknown,A+
119,4,3,18,Unknown,A+
119,4,5,18,Unknown,A+
120,1,1,Unknown,F,F
120,1,3,Unknown,F,F
120,1,5,Unknown,F,F
121,1,1,20,M,A+
121,1,3,20,M,A+
121,1,5,20,M,A+
122,3,1,Unknown,Unknown,C
122,3,3,Unknown,Unknown,C
122,3,5,Unknown,Unknown,C
123,3,30,Unknown,F,D
124,5,1,29,M,F
124,5,3,29,M,F
124,5,5,29,M,F
125,2,1,Unknown,M,F
125,2,3,Unknown,M,F
125,2,5,Unknown,M,F
126,1,1,Unknown,F,B
126,1,3,Unknown,F,B
126,1,5,Unknown,F,B
127,4,1,20,F,A
127,4,3,20,F,A
127,4,5,20,F,A
128,6,31,17,M,C
129,2,1,30,M,C
129,2,3,30,M,C
129,2,5,30,M,C
130,1,1,26,M,A+
130,1,3,26,M,A+
130,1,5,26,M,A+
131,6,32,20,M,D
132,4,1,Unknown,M,C
132,4,3,Unknown,M,C
132,4,5,Unknown,M,C
133,3,33,Unknown,Unknown,B
134,1,1,Unknown,M,A+
134,1,3,Unknown,M,A+
134,1,5,Unknown,M,A+
135,2,1,17,Unknown,C
135,2,3,17,Unknown,C
135,2,5,17,Unknown,C
136,5,1,Unknown,F,A+
136,5,3,Unknown,F,A+
136,5,5,Unknown,F,A+
137,6,34,21,F,F
138,3,1,20,F,D
138,3,3,20,F,D
138,3,5,20,F,D
139,2,1,21,M,D
139,2,3,21,M,D
139,2,5,21,M,D
140,6,1,Unknown,F,A+
140,6,3,Unknown,F,A+
140,6,5,Unknown,F,A+
141,1,35,Unknown,F,A
142,2,1,24,M,B
142,2,3,24,M,B
142,2,5,24,M,B
143,5,1,26,M,A
143,5,3,26,M,A
143,5,5,26,M,A
144,2,1,Unknown,F,C
144,2,3,Unknown,F,C
144,2,5,Unknown,F,C
145,4,1,Unknown,F,D
145,4,3,Unknown,F,D
145,4,5,Unknown,F,D
146,4,1,Unknown,M,A
146,4,3,Unknown,M,A
146,4,5,Unknown,M,A
147,2,1,Unknown,M,F
147,2,3,Unknown,M,F
147,2,5,Unknown,M,F
148,2,1,Unknown,F,B
148,2,3,Unknown,F,B
148,2,5,Unknown,F,B
149,2,36,Unknown,Unknown,C
150,6,1,Unknown,F,D
150,6,3,Unknown,F,D
150,6,5,Unknown,F,D
151,5,1,20,Unknown,B
151,5,3,20,Unknown,B
151,5,5,20,Unknown,B
152,1,1,Unknown,M,A+
152,1,3,Unknown,M,A+
152,1,5,Unknown,M,A+
153,6,1,Unknown,F,D
153,6,3,Unknown,F,D
153,6,5,Unknown,F,D
154,6,1,Unknown,F,A
154,6,3,Unknown,F,A
154,6,5,Unknown,F,A
155,6,37,Unknown,M,F
156,3,1,20,F,C
156,3,3,20,F,C
156,3,5,20,F,C
157,2,1,Unknown,F,F
157,2,3,Unknown,F,F
157,2,5,Unknown,F,F
158,4,1,20,M,B
158,4,3,20,M,B
158,4,5,20,M,B
159,3,1,Unknown,F,D
159,3,3,Unknown,F,D
159,3,5,Unknown,F,D
160,4,38,Unknown,F,A+
161,3,1,Unknown,M,F
161,3,3,Unknown,M,F
161,3,5,Unknown,M,F
162,3,39,Unknown,F,D
163,2,1,20,F,A
163,2,3,20,F,A
163,2,5,20,F,A
164,5,1,Unknown,F,A+
164,5,3,Unknown,F,A+
164,5,5,Unknown,F,A+
165,5,40,Unknown,Unknown,F
166,1,41,Unknown,Unknown,F
167,6,1,24,M,D
167,6,3,24,M,D
167,6,5,24,M,D
168,5,1,29,M,A
168,5,3,29,M,A
168,5,5,29,M,A
169,1,1,Unknown,F,A+
169,1,3,Unknown,F,A+
169,1,5,Unknown,F,A+
170,5,42,20,F,A
171,5,43,29,F,D
172,5,1,20,M,A
172,5,3,20,M,A
172,5,5,20,M,A
173,3,44,Unknown,M,A+
174,4,1,19,M,C
174,4,3,19,M,C
174,4,5,19,M,C
175,2,45,Unknown,M,D
176,5,1,Unknown,Unknown,B
176,5,3,Unknown,Unknown,B
176,5,5,Unknown,Unknown,B
177,2,1,Unknown,F,F
177,2,3,Unknown,F,F
177,2,5,Unknown,F,F
178,1,1,Unknown,Unknown,B
178,1,3,Unknown,Unknown,B
178,1,5,Unknown,Unknown,B
179,3,1,Unknown,Unknown,B
179,3,3,Unknown,Unknown,B
179,3,5,Unknown,Unknown,B
180,1,1,Unknown,M,B
180,1,3,Unknown,M,B
180,1,5,Unknown,M,B
181,3,1,20,M,A+
181,3,3,20,M,A+
181,3,5,20,M,A+
182,2,1,Unknown,F,F
182,2,3,Unknown,F,F
182,2,5,Unknown,F,F
183,3,1,20,Unknown,A+
183,3,3,20,Unknown,A+
183,3,5,20,Unknown,A+
184,3,1,Unknown,Unknown,B
184,3,3,Unknown,Unknown,B
184,3,5,Unknown,Unknown,B
185,3,46,Unknown,F,C
186,1,1,Unknown,F,A+
186,1,3,Unknown,F,A+
186,1,5,Unknown,F,A+
187,4,1,Unknown,Unknown,F
187,4,3,Unknown,Unknown,F
187,4,5,Unknown,Unknown,F
188,4,1,17,M,A+
188,4,3,17,M,A+
188,4,5,17,M,A+
189,5,1,20,F,B
189,5,3,20,F,B
189,5,5,20,F,B
190,1,47,Unknown,Unknown,F
191,5,1,20,M,C
191,5,3,20,M,C
191,5,5,20,M,C
192,1,1,17,M,A
192,1,3,17,M,A
192,1,5,17,M,A
193,1,48,Unknown,F,F
194,1,1,20,F,F
194,1,3,20,F,F
194,1,5,20,F,F
195,6,35,Unknown,F,A
196,3,1,20,F,F
196,3,3,20,F,F
196,3,5,20,F,F
197,2,1,Unknown,F,F
197,2,3,Unknown,F,F
197,2,5,Unknown,F,F
198,5,1,Unknown,F,A
198,5,3,Unknown,F,A
198,5,5,Unknown,F,A
199,3,1,Unknown,Unknown,B
199,3,3,Unknown,Unknown,B
199,3,5,Unknown,Unknown,B
200,3,1,Unknown,M,F
200,3,3,Unknown,M,F
200,3,5,Unknown,M,F
201,2,49,20,M,D
202,1,50,21,F,F
203,4,51,18,F,A
204,5,52,Unknown,M,A+
205,1,1,Unknown,Unknown,D
205,1,3,Unknown,Unknown,D
205,1,5,Unknown,Unknown,D
206,3,1,20,Unknown,F
206,3,3,20,Unknown,F
206,3,5,20,Unknown,F
207,5,53,20,F,D
208,1,1,20,M,A
208,1,3,20,M,A
208,1,5,20,M,A
209,6,1,24,M,D
209,6,3,24,M,D
209,6,5,24,M,D
210,1,1,Unknown,M,F
210,1,3,Unknown,M,F
210,1,5,Unknown,M,F
211,6,1,30,M,A+
211,6,3,30,M,A+
211,6,5,30,M,A+
212,3,1,Unknown,F,F
212,3,3,Unknown,F,F
212,3,5,Unknown,F,F
213,2,1,30,Unknown,A
213,2,3,30,Unknown,A
213,2,5,30,Unknown,A
214,1,54,Unknown,M,D
215,6,1,Unknown,Unknown,B
215,6,3,Unknown,Unknown,B
215,6,5,Unknown,Unknown,B
216,1,55,Unknown,M,A+
217,2,1,Unknown,M,C
217,2,3,Unknown,M,C
217,2,5,Unknown,M,C
218,3,1,20,M,D
218,3,3,20,M,D
218,3,5,20,M,D
219,3,1,30,M,F
219,3,3,30,M,F
219,3,5,30,M,F
220,6,1,Unknown,F,B
220,6,3,Unknown,F,B
220,6,5,Unknown,F,B
221,3,1,25,F,A
221,3,3,25,F,A
221,3,5,25,F,A
222,3,1,Unknown,F,A+
222,3,3,Unknown,F,A+
222,3,5,Unknown,F,A+
223,3,1,22,Unknown,C
223,3,3,22,Unknown,C
223,3,5,22,Unknown,C
224,1,1,Unknown,M,B
224,1,3,Unknown,M,B
224,1,5,Unknown,M,B
225,6,1,20,Unknown,C
225,6,3,20,Unknown,C
225,6,5,20,Unknown,C
226,4,1,26,F,D
226,4,3,26,F,D
226,4,5,26,F,D
227,2,1,Unknown,Unknown,F
227,2,3,Unknown,Unknown,F
227,2,5,Unknown,Unknown,F
228,1,56,20,M,A+
229,4,1,Unknown,M,A
229,4,3,Unknown,M,A
229,4,5,Unknown,M,A
230,2,57,Unknown,M,A
231,2,1,20,M,B
231,2,3,20,M,B
231,2,5,20,M,B
232,4,1,Unknown,F,C
232,4,3,Unknown,F,C
232,4,5,Unknown,F,C
233,6,1,20,Unknown,D
233,6,3,20,Unknown,D
233,6,5,20,Unknown,D
234,3,58,Unknown,F,F
235,3,1,20,Unknown,A
235,3,3,20,Unknown,A
235,3,5,20,Unknown,A
236,5,1,17,F,A
236,5,3,17,F,A
236,5,5,17,F,A
237,1,1,Unknown,Unknown,F
237,1,3,Unknown,Unknown,F
237,1,5,Unknown,Unknown,F
238,4,1,Unknown,Unknown,A+
238,4,3,Unknown,Unknown,A+
238,4,5,Unknown,Unknown,A+
239,4,1,20,F,F
239,4,3,20,F,F
239,4,5,20,F,F
240,5,1,25,Unknown,A+
240,5,3,25,Unknown,A+
240,5,5,25,Unknown,A+
241,2,1,Unknown,M,F
241,2,3,Unknown,M,F
241,2,5,Unknown,M,F
242,3,1,Unknown,F,A
242,3,3,Unknown,F,A
242,3,5,Unknown,F,A
243,4,59,20,M,B
244,1,60,18,Unknown,F
245,1,1,Unknown,F,A
245,1,3,Unknown,F,A
245,1,5,Unknown,F,A
246,1,61,Unknown,F,A
247,2,1,21,F,F
247,2,3,21,F,F
247,2,5,21,F,F
248,6,1,Unknown,F,A
248,6,3,Unknown,F,A
248,6,5,Unknown,F,A
249,1,1,20,M,C
249,1,3,20,M,C
249,1,5,20,M,C
250,5,1,Unknown,M,D
250,5,3,Unknown,M,D
250,5,5,Unknown,M,D
251,3,1,Unknown,M,D
251,3,3,Unknown,M,D
251,3,5,Unknown,M,D
252,4,1,Unknown,M,C
252,4,3,Unknown,M,C
252,4,5,Unknown,M,C
253,2,62,Unknown,Unknown,B
254,3,1,20,F,F
254,3,3,20,F,F
254,3,5,20,F,F
255,6,1,17,M,A
255,6,3,17,M,A
255,6,5,17,M,A
256,6,1,20,F,D
256,6,3,20,F,D
256,6,5,20,F,D
257,3,1,Unknown,M,D
257,3,3,Unknown,M,D
257,3,5,Unknown,M,D
258,6,63,20,M,B
259,6,1,20,F,A+
259,6,3,20,F,A+
259,6,5,20,F,A+
260,3,1,Unknown,F,C
260,3,3,Unknown,F,C
260,3,5,Unknown,F,C
261,2,64,20,F,D
262,6,1,20,F,F
262,6,3,20,F,F
262,6,5,20,F,F
263,4,53,Unknown,Unknown,A+
264,4,1,Unknown,F,D
264,4,3,Unknown,F,D
264,4,5,Unknown,F,D
265,5,65,29,M,F
266,2,1,Unknown,F,B
266,2,3,Unknown,F,B
266,2,5,Unknown,F,B
267,1,1,Unknown,Unknown,D
267,1,3,Unknown,Unknown,D
267,1,5,Unknown,Unknown,D
268,5,1,20,F,F
268,5,3,20,F,F
268,5,5,20,F,F
269,4,1,Unknown,M,F
269,4,3,Unknown,M,F
269,4,5,Unknown,M,F
270,1,1,25,M,A
270,1,3,25,M,A
270,1,5,25,M,A
271,5,1,Unknown,F,C
271,5,3,Unknown,F,C
271,5,5,Unknown,F,C
272,4,66,20,M,F
273,5,1,Unknown,M,B
273,5,3,Unknown,M,B
273,5,5,Unknown,M,B
274,6,1,Unknown,M,B
274,6,3,Unknown,M,B
274,6,5,Unknown,M,B
275,4,1,20,Unknown,A+
275,4,3,20,Unknown,A+
275,4,5,20,Unknown,A+
276,1,1,Unknown,Unknown,C
276,1,3,Unknown,Unknown,C
276,1,5,Unknown,Unknown,C
277,1,1,27,Unknown,F
277,1,3,27,Unknown,F
277,1,5,27,Unknown,F
278,6,1,30,M,A
278,6,3,30,M,A
278,6,5,30,M,A
279,1,1,Unknown,M,B
279,1,3,Unknown,M,B
279,1,5,Unknown,M,B
280,5,1,Unknown,M,B
280,5,3,Unknown,M,B
280,5,5,Unknown,M,B
281,5,1,Unknown,M,B
281,5,3,Unknown,M,B
281,5,5,Unknown,M,B
282,6,1,20,F,D
282,6,3,20,F,D
282,6,5,20,F,D
283,6,67,18,Unknown,A+
284,4,1,Unknown,F,F
284,4,3,Unknown,F,F
284,4,5,Unknown,F,F
285,6,1,20,Unknown,C
285,6,3,20,Unknown,C
285,6,5,20,Unknown,C
286,4,1,20,M,D
286,4,3,20,M,D
286,4,5,20,M,D
287,6,68,Unknown,F,A
288,4,1,20,M,F
288,4,3,20,M,F
288,4,5,20,M,F
289,3,1,20,M,F
289,3,3,20,M,F
289,3,5,20,M,F
290,1,1,30,Unknown,F
290,1,3,30,Unknown,F
290,1,5,30,Unknown,F
291,6,1,22,M,A
291,6,3,22,M,A
291,6,5,22,M,A
292,2,1,Unknown,M,F
292,2,3,Unknown,M,F
292,2,5,Unknown,M,F
293,5,1,20,F,C
293,5,3,20,F,C
293,5,5,20,F,C
294,4,1,20,F,D
294,4,3,20,F,D
294,4,5,20,F,D
295,3,69,Unknown,F,F
296,3,70,Unknown,F,A
297,6,71,Unknown,F,F
298,6,1,Unknown,F,B
298,6,3,Unknown,F,B
298,6,5,Unknown,F,B
299,2,1,Unknown,F,A
299,2,3,Unknown,F,A
299,2,5,Unknown,F,A
300,2,72,Unknown,M,F
301,2,1,Unknown,F,B
301,2,3,Unknown,F,B
301,2,5,Unknown,F,B
302,2,73,Unknown,M,F
303,5,1,28,F,A
303,5,3,28,F,A
303,5,5,28,F,A
304,4,74,Unknown,F,A
305,1,1,21,Unknown,A+
305,1,3,21,Unknown,A+
305,1,5,21,Unknown,A+
306,1,1,20,M,D
306,1,3,20,M,D
306,1,5,20,M,D
307,2,75,Unknown,M,B
308,6,76,Unknown,F,A+
309,1,1,Unknown,M,C
309,1,3,Unknown,M,C
309,1,5,Unknown,M,C
310,2,1,Unknown,M,D
310,2,3,Unknown,M,D
310,2,5,Unknown,M,D
311,5,1,Unknown,F,B
311,5,3,Unknown,F,B
311,5,5,Unknown,F,B
312,5,1,Unknown,F,A+
312,5,3,Unknown,F,A+
312,5,5,Unknown,F,A+
313,4,1,20,M,C
313,4,3,20,M,C
313,4,5,20,M,C
314,4,1,Unknown,Unknown,B
314,4,3,Unknown,Unknown,B
314,4,5,Unknown,Unknown,B
315,1,1,Unknown,F,F
315,1,3,Unknown,F,F
315,1,5,Unknown,F,F
316,6,1,20,M,B
316,6,3,20,M,B
316,6,5,20,M,B
317,5,77,Unknown,M,F
318,4,1,20,M,D
318,4,3,20,M,D
318,4,5,20,M,D
319,2,1,20,M,C
319,2,3,20,M,C
319,2,5,20,M,C
320,2,78,Unknown,Unknown,A
321,2,1,25,M,D
321,2,3,25,M,D
321,2,5,25,M,D
322,6,1,Unknown,Unknown,F
322,6,3,Unknown,Unknown,F
322,6,5,Unknown,Unknown,F
323,1,1,24,F,F
323,1,3,24,F,F
323,1,5,24,F,F
324,4,79,20,Unknown,F
325,6,1,Unknown,Unknown,F
325,6,3,Unknown,Unknown,F
325,6,5,Unknown,Unknown,F
326,1,1,20,M,F
326,1,3,20,M,F
326,1,5,20,M,F
327,4,1,Unknown,Unknown,F
327,4,3,Unknown,Unknown,F
327,4,5,Unknown,Unknown,F
328,5,1,30,Unknown,A
328,5,3,30,Unknown,A
328,5,5,30,Unknown,A
329,3,1,20,F,F
329,3,3,20,F,F
329,3,5,20,F,F
330,5,1,Unknown,M,A
330,5,3,Unknown,M,A
330,5,5,Unknown,M,A
331,5,1,Unknown,Unknown,B
331,5,3,Unknown,Unknown,B
331,5,5,Unknown,Unknown,B
332,3,80,Unknown,M,F
333,2,1,20,M,C
333,2,3,20,M,C
333,2,5,20,M,C
334,5,81,25,F,A
335,6,1,20,F,C
335,6,3,20,F,C
335,6,5,20,F,C
336,3,82,Unknown,M,D
337,4,83,Unknown,F,A
338,6,1,Unknown,F,F
338,6,3,Unknown,F,F
338,6,5,Unknown,F,F
339,4,84,Unknown,Unknown,C
340,3,1,Unknown,Unknown,A
340,3,3,Unknown,Unknown,A
340,3,5,Unknown,Unknown,A
341,1,85,20,M,F
342,5,86,Unknown,Unknown,C
343,2,1,22,Unknown,D
343,2,3,22,Unknown,D
343,2,5,22,Unknown,D
344,6,1,17,Unknown,A
344,6,3,17,Unknown,A
344,6,5,17,Unknown,A
345,2,1,Unknown,Unknown,F
345,2,3,Unknown,Unknown,F
345,2,5,Unknown,Unknown,F
346,2,87,Unknown,Unknown,F
347,1,1,20,M,A
347,1,3,20,M,A
347,1,5,20,M,A
348,3,88,Unknown,M,F
349,4,1,Unknown,M,C
349,4,3,Unknown,M,C
349,4,5,Unknown,M,C
350,6,1,20,M,C
350,6,3,20,M,C
350,6,5,20,M,C
351,5,1,Unknown,F,A+
351,5,3,Unknown,F,A+
351,5,5,Unknown,F,A+
352,5,89,Unknown,M,F
353,4,1,20,Unknown,A
353,4,3,20,Unknown,A
353,4,5,20,Unknown,A
354,5,1,20,F,F
354,5,3,20,F,F
354,5,5,20,F,F
355,1,90,Unknown,M,F
356,5,1,Unknown,Unknown,F
356,5,3,Unknown,Unknown,F
356,5,5,Unknown,Unknown,F
357,1,1,30,Unknown,C
357,1,3,30,Unknown,C
357,1,5,30,Unknown,C
358,6,1,Unknown,F,B
358,6,3,Unknown,F,B
358,6,5,Unknown,F,B
359,4,91,20,F,C
360,5,1,Unknown,M,B
360,5,3,Unknown,M,B
360,5,5,Unknown,M,B
361,3,1,22,M,F
361,3,3,22,M,F
361,3,5,22,M,F
362,5,1,20,F,F
362,5,3,20,F,F
362,5,5,20,F,F
363,6,1,Unknown,F,F
363,6,3,Unknown,F,F
363,6,5,Unknown,F,F
364,1,1,Unknown,F,A
364,1,3,Unknown,F,A
364,1,5,Unknown,F,A
365,3,1,Unknown,F,F
365,3,3,Unknown,F,F
365,3,5,Unknown,F,F
366,6,1,20,M,F
366,6,3,20,M,F
366,6,5,20,M,F
367,5,1,20,F,B
367,5,3,20,F,B
367,5,5,20,F,B
368,4,1,Unknown,F,B
368,4,3,Unknown,F,B
368,4,5,Unknown,F,B
369,4,1,Unknown,F,A+
369,4,3,Unknown,F,A+
369,4,5,Unknown,F,A+
370,4,1,Unknown,M,A+
370,4,3,Unknown,M,A+
370,4,5,Unknown,M,A+
371,1,92,Unknown,F,D
372,2,1,Unknown,M,B
372,2,3,Unknown,M,B
372,2,5,Unknown,M,B
373,4,1,Unknown,F,A
373,4,3,Unknown,F,A
373,4,5,Unknown,F,A
374,3,93,20,F,A
375,3,1,24,M,C
375,3,3,24,M,C
375,3,5,24,M,C
376,6,94,Unknown,Unknown,D
377,2,95,20,F,D
378,5,1,20,Unknown,A+
378,5,3,20,Unknown,A+
378,5,5,20,Unknown,A+
379,3,1,20,F,B
379,3,3,20,F,B
379,3,5,20,F,B
380,4,1,20,M,A
380,4,3,20,M,A
380,4,5,20,M,A
381,5,1,23,M,A+
381,5,3,23,M,A+
381,5,5,23,M,A+
382,6,96,19,F,F
383,4,97,Unknown,F,F
384,5,1,23,F,C
384,5,3,23,F,C
384,5,5,23,F,C
385,3,1,18,F,F
385,3,3,18,F,F
385,3,5,18,F,F
386,2,1,Unknown,M,B
386,2,3,Unknown,M,B
386,2,5,Unknown,M,B
387,2,1,Unknown,Unknown,C
387,2,3,Unknown,Unknown,C
387,2,5,Unknown,Unknown,C
388,2,98,19,M,F
389,2,1,22,Unknown,F
389,2,3,22,Unknown,F
389,2,5,22,Unknown,F
390,4,1,Unknown,F,D
390,4,3,Unknown,F,D
390,4,5,Unknown,F,D
391,4,1,20,M,F
391,4,3,20,M,F
391,4,5,20,M,F
392,2,1,20,F,A
392,2,3,20,F,A
392,2,5,20,F,A
393,2,1,Unknown,F,B
393,2,3,Unknown,F,B
393,2,5,Unknown,F,B
394,4,1,20,Unknown,A+
394,4,3,20,Unknown,A+
394,4,5,20,Unknown,A+
395,6,99,20,M,A+
396,4,1,Unknown,M,C
396,4,3,Unknown,M,C
396,4,5,Unknown,M,C
397,3,100,20,M,F
398,5,101,17,F,A+
399,2,1,19,F,F
399,2,3,19,F,F
399,2,5,19,F,F
400,4,1,Unknown,M,B
400,4,3,Unknown,M,B
400,4,5,Unknown,M,B
401,1,102,Unknown,F,F
402,1,103,26,M,F
403,5,1,Unknown,Unknown,C
403,5,3,Unknown,Unknown,C
403,5,5,Unknown,Unknown,C
404,6,104,17,F,F
405,1,1,Unknown,M,A+
405,1,3,Unknown,M,A+
405,1,5,Unknown,M,A+
406,3,1,Unknown,F,D
406,3,3,Unknown,F,D
406,3,5,Unknown,F,D
407,5,1,Unknown,F,A
407,5,3,Unknown,F,A
407,5,5,Unknown,F,A
408,3,105,Unknown,M,D
409,5,1,Unknown,F,F
409,5,3,Unknown,F,F
409,5,5,Unknown,F,F
410,6,1,Unknown,Unknown,A
410,6,3,Unknown,Unknown,A
410,6,5,Unknown,Unknown,A
411,5,1,Unknown,M,A
411,5,3,Unknown,M,A
411,5,5,Unknown,M,A
412,1,1,Unknown,Unknown,F
412,1,3,Unknown,Unknown,F
412,1,5,Unknown,Unknown,F
413,4,106,Unknown,M,F
414,2,1,Unknown,Unknown,C
414,2,3,Unknown,Unknown,C
414,2,5,Unknown,Unknown,C
415,6,107,Unknown,F,B
416,4,1,Unknown,F,D
416,4,3,Unknown,F,D
416,4,5,Unknown,F,D
417,5,108,26,F,C
418,1,1,Unknown,F,F
418,1,3,Unknown,F,F
418,1,5,Unknown,F,F
419,3,109,20,M,C
420,4,110,Unknown,M,D
421,5,1,20,Unknown,B
421,5,3,20,Unknown,B
421,5,5,20,Unknown,B
422,3,1,28,Unknown,A
422,3,3,28,Unknown,A
422,3,5,28,Unknown,A
423,5,1,Unknown,F,C
423,5,3,Unknown,F,C
423,5,5,Unknown,F,C
424,4,1,30,F,B
424,4,3,30,F,B
424,4,5,30,F,B
425,3,1,20,M,C
425,3,3,20,M,C
425,3,5,20,M,C
426,3,111,Unknown,F,C
427,4,1,Unknown,F,F
427,4,3,Unknown,F,F
427,4,5,Unknown,F,F
428,4,1,20,F,C
428,4,3,20,F,C
428,4,5,20,F,C
429,3,1,Unknown,Unknown,F
429,3,3,Unknown,Unknown,F
429,3,5,Unknown,Unknown,F
430,2,1,20,F,B
430,2,3,20,F,B
430,2,5,20,F,B
431,6,1,20,F,D
431,6,3,20,F,D
431,6,5,20,F,D
432,1,1,20,M,A
432,1,3,20,M,A
432,1,5,20,M,A
433,2,1,20,Unknown,A
433,2,3,20,Unknown,A
433,2,5,20,Unknown,A
434,2,1,Unknown,Unknown,F
434,2,3,Unknown,Unknown,F
434,2,5,Unknown,Unknown,F
435,2,112,28,M,F
436,6,1,17,F,F
436,6,3,17,F,F
436,6,5,17,F,F
437,6,1,20,F,A+
437,6,3,20,F,A+
437,6,5,20,F,A+
438,4,1,Unknown,F,F
438,4,3,Unknown,F,F
438,4,5,Unknown,F,F
439,2,1,Unknown,M,F
439,2,3,Unknown,M,F
439,2,5,Unknown,M,F
440,1,1,Unknown,M,F
440,1,3,Unknown,M,F
440,1,5,Unknown,M,F
441,4,1,Unknown,M,C
441,4,3,Unknown,M,C
441,4,5,Unknown,M,C
442,5,1,Unknown,Unknown,D
442,5,3,Unknown,Unknown,D
442,5,5,Unknown,Unknown,D
443,4,1,20,Unknown,D
443,4,3,20,Unknown,D
443,4,5,20,Unknown,D
444,4,1,Unknown,Unknown,A
444,4,3,Unknown,Unknown,A
444,4,5,Unknown,Unknown,A
445,6,1,21,F,A
445,6,3,21,F,A
445,6,5,21,F,A
446,2,1,30,M,A
446,2,3,30,M,A
446,2,5,30,M,A
447,3,1,19,F,B
447,3,3,19,F,B
447,3,5,19,F,B
448,5,113,20,M,B
449,6,1,Unknown,F,C
449,6,3,Unknown,F,C
449,6,5,Unknown,F,C
450,4,1,23,Unknown,C
450,4,3,23,Unknown,C
450,4,5,23,Unknown,C
451,1,1,20,Unknown,C
451,1,3,20,Unknown,C
451,1,5,20,Unknown,C
452,2,1,Unknown,M,D
452,2,3,Unknown,M,D
452,2,5,Unknown,M,D
453,6,1,20,F,D
453,6,3,20,F,D
453,6,5,20,F,D
454,6,1,20,Unknown,F
454,6,3,20,Unknown,F
454,6,5,20,Unknown,F
455,6,114,Unknown,F,C
456,1,1,Unknown,M,A
456,1,3,Unknown,M,A
456,1,5,Unknown,M,A
457,3,1,20,F,F
457,3,3,20,F,F
457,3,5,20,F,F
458,3,1,Unknown,Unknown,D
458,3,3,Unknown,Unknown,D
458,3,5,Unknown,Unknown,D
459,3,115,29,M,D
460,3,1,Unknown,F,A+
460,3,3,Unknown,F,A+
460,3,5,Unknown,F,A+
461,3,116,20,M,F
462,6,1,20,Unknown,A
462,6,3,20,Unknown,A
462,6,5,20,Unknown,A
463,2,117,Unknown,F,B
464,5,118,Unknown,F,C
465,3,1,20,M,F
465,3,3,20,M,F
465,3,5,20,M,F
466,6,1,Unknown,F,A+
466,6,3,Unknown,F,A+
466,6,5,Unknown,F,A+
467,2,119,Unknown,M,B
468,3,1,20,F,F
468,3,3,20,F,F
468,3,5,20,F,F
469,5,120,Unknown,F,A+
470,4,1,Unknown,F,A+
470,4,3,Unknown,F,A+
470,4,5,Unknown,F,A+
471,6,121,Unknown,F,A
472,3,122,Unknown,M,A+
473,4,1,20,M,C
473,4,3,20,M,C
473,4,5,20,M,C
474,5,1,20,M,D
474,5,3,20,M,D
474,5,5,20,M,D
475,6,1,29,F,A
475,6,3,29,F,A
475,6,5,29,F,A
476,5,123,Unknown,F,A
477,1,1,20,F,F
477,1,3,20,F,F
477,1,5,20,F,F
478,6,1,20,Unknown,F
478,6,3,20,Unknown,F
478,6,5,20,Unknown,F
479,4,124,Unknown,M,A+
480,6,125,20,F,D
481,2,1,25,Unknown,C
481,2,3,25,Unknown,C
481,2,5,25,Unknown,C
482,6,1,20,F,A+
482,6,3,20,F,A+
482,6,5,20,F,A+
483,2,126,21,M,A
484,5,1,Unknown,F,A+
484,5,3,Unknown,F,A+
484,5,5,Unknown,F,A+
485,3,1,23,F,F
485,3,3,23,F,F
485,3,5,23,F,F
486,5,47,Unknown,Unknown,C
487,1,1,20,M,F
487,1,3,20,M,F
487,1,5,20,M,F
488,6,1,Unknown,M,C
488,6,3,Unknown,M,C
488,6,5,Unknown,M,C
489,2,127,20,F,F
490,5,1,Unknown,F,B
490,5,3,Unknown,F,B
490,5,5,Unknown,F,B
491,3,1,Unknown,F,F
491,3,3,Unknown,F,F
491,3,5,Unknown,F,F
492,3,128,20,M,F
493,2,1,Unknown,M,F
493,2,3,Unknown,M,F
493,2,5,Unknown,M,F
494,2,1,Unknown,M,A+
494,2,3,Unknown,M,A+
494,2,5,Unknown,M,A+
495,2,1,20,M,F
495,2,3,20,M,F
495,2,5,20,M,F
496,4,1,26,M,A+
496,4,3,26,M,A+
496,4,5,26,M,A+
497,2,1,Unknown,M,B
497,2,3,Unknown,M,B
497,2,5,Unknown,M,B
498,6,1,20,F,D
498,6,3,20,F,D
498,6,5,20,F,D
499,5,1,20,F,A+
499,5,3,20,F,A+
499,5,5,20,F,A+
500,5,1,Unknown,F,F
500,5,3,Unknown,F,F
500,5,5,Unknown,F,F
501,2,1,Unknown,F,C
501,2,3,Unknown,F,C
501,2,5,Unknown,F,C
502,4,129,20,M,C
503,4,130,20,Unknown,F
504,6,75,Unknown,Unknown,F
505,4,1,Unknown,M,A+
505,4,3,Unknown,M,A+
505,4,5,Unknown,M,A+
506,6,131,27,F,A+
507,2,1,20,M,F
507,2,3,20,M,F
507,2,5,20,M,F
508,6,1,Unknown,M,A
508,6,3,Unknown,M,A
508,6,5,Unknown,M,A
509,5,1,17,M,B
509,5,3,17,M,B
509,5,5,17,M,B
510,1,1,23,F,C
510,1,3,23,F,C
510,1,5,23,F,C
511,6,30,Unknown,F,F
512,5,1,20,F,F
512,5,3,20,F,F
512,5,5,20,F,F
513,6,132,Unknown,F,A
514,5,1,20,M,A
514,5,3,20,M,A
514,5,5,20,M,A
515,3,1,Unknown,M,F
515,3,3,Unknown,M,F
515,3,5,Unknown,M,F
516,5,1,20,Unknown,B
516,5,3,20,Unknown,B
516,5,5,20,Unknown,B
517,3,1,27,F,A
517,3,3,27,F,A
517,3,5,27,F,A
518,3,1,Unknown,M,A
518,3,3,Unknown,M,A
518,3,5,Unknown,M,A
519,5,1,20,F,B
519,5,3,20,F,B
519,5,5,20,F,B
520,2,1,Unknown,M,F
520,2,3,Unknown,M,F
520,2,5,Unknown,M,F
521,2,1,Unknown,Unknown,C
521,2,3,Unknown,Unknown,C
521,2,5,Unknown,Unknown,C
522,2,1,Unknown,M,C
522,2,3,Unknown,M,C
522,2,5,Unknown,M,C
523,3,1,Unknown,F,F
523,3,3,Unknown,F,F
523,3,5,Unknown,F,F
524,2,1,Unknown,M,A
524,2,3,Unknown,M,A
524,2,5,Unknown,M,A
525,4,1,20,M,A+
525,4,3,20,M,A+
525,4,5,20,M,A+
526,2,133,23,F,F
527,1,134,26,M,A
528,1,135,23,Unknown,A+
529,2,1,25,M,C
529,2,3,25,M,C
529,2,5,25,M,C
530,6,1,20,Unknown,F
530,6,3,20,Unknown,F
530,6,5,20,Unknown,F
531,1,1,Unknown,M,F
531,1,3,Unknown,M,F
531,1,5,Unknown,M,F
532,6,136,24,Unknown,C
533,2,1,20,Unknown,F
533,2,3,20,Unknown,F
533,2,5,20,Unknown,F
534,1,1,Unknown,M,F
534,1,3,Unknown,M,F
534,1,5,Unknown,M,F
535,1,1,Unknown,M,F
535,1,3,Unknown,M,F
535,1,5,Unknown,M,F
536,2,1,20,F,D
536,2,3,20,F,D
536,2,5,20,F,D
537,2,1,20,Unknown,D
537,2,3,20,Unknown,D
537,2,5,20,Unknown,D
538,3,1,Unknown,Unknown,D
538,3,3,Unknown,Unknown,D
538,3,5,Unknown,Unknown,D
539,3,1,Unknown,F,F
539,3,3,Unknown,F,F
539,3,5,Unknown,F,F
540,2,1,Unknown,F,F
540,2,3,Unknown,F,F
540,2,5,Unknown,F,F
541,1,1,21,Unknown,F
541,1,3,21,Unknown,F
541,1,5,21,Unknown,F
542,3,1,Unknown,Unknown,B
542,3,3,Unknown,Unknown,B
542,3,5,Unknown,Unknown,B
543,2,1,Unknown,F,F
543,2,3,Unknown,F,F
543,2,5,Unknown,F,F
544,5,1,Unknown,Unknown,F
544,5,3,Unknown,Unknown,F
544,5,5,Unknown,Unknown,F
545,2,1,Unknown,F,C
545,2,3,Unknown,F,C
545,2,5,Unknown,F,C
546,2,137,20,F,A+
547,1,1,20,F,B
547,1,3,20,F,B
547,1,5,20,F,B
548,4,1,21,M,F
548,4,3,21,M,F
548,4,5,21,M,F
549,3,138,26,F,F
550,3,1,Unknown,M,C
550,3,3,Unknown,M,C
550,3,5,Unknown,M,C
551,1,139,Unknown,F,A+
552,4,1,Unknown,M,A
552,4,3,Unknown,M,A
552,4,5,Unknown,M,A
553,4,1,Unknown,F,A
553,4,3,Unknown,F,A
553,4,5,Unknown,F,A
554,4,1,20,F,A+
554,4,3,20,F,A+
554,4,5,20,F,A+
555,2,1,25,F,F
555,2,3,25,F,F
555,2,5,25,F,F
556,4,1,17,M,F
556,4,3,17,M,F
556,4,5,17,M,F
557,4,1,Unknown,M,D
557,4,3,Unknown,M,D
557,4,5,Unknown,M,D
558,6,140,Unknown,M,D
559,3,1,Unknown,Unknown,D
559,3,3,Unknown,Unknown,D
559,3,5,Unknown,Unknown,D
560,5,1,29,F,B
560,5,3,29,F,B
560,5,5,29,F,B
561,1,1,20,F,C
561,1,3,20,F,C
561,1,5,20,F,C
562,5,1,22,M,F
562,5,3,22,M,F
562,5,5,22,M,F
563,3,1,20,F,B
563,3,3,20,F,B
563,3,5,20,F,B
564,1,1,Unknown,F,D
564,1,3,Unknown,F,D
564,1,5,Unknown,F,D
565,3,141,Unknown,M,F
566,5,1,Unknown,M,C
566,5,3,Unknown,M,C
566,5,5,Unknown,M,C
567,3,1,Unknown,F,A
567,3,3,Unknown,F,A
567,3,5,Unknown,F,A
568,5,142,Unknown,M,A
569,5,1,Unknown,F,F
569,5,3,Unknown,F,F
569,5,5,Unknown,F,F
570,5,1,Unknown,Unknown,C
570,5,3,Unknown,Unknown,C
570,5,5,Unknown,Unknown,C
571,5,143,20,F,B
572,5,1,25,Unknown,A+
572,5,3,25,Unknown,A+
572,5,5,25,Unknown,A+
573,2,1,20,F,A+
573,2,3,20,F,A+
573,2,5,20,F,A+
574,2,144,Unknown,Unknown,A+
575,2,1,27,M,F
575,2,3,27,M,F
575,2,5,27,M,F
576,6,1,29,F,D
576,6,3,29,F,D
576,6,5,29,F,D
577,1,1,20,F,F
577,1,3,20,F,F
577,1,5,20,F,F
578,6,1,20,M,B
578,6,3,20,M,B
578,6,5,20,M,B
579,2,1,Unknown,Unknown,F
579,2,3,Unknown,Unknown,F
579,2,5,Unknown,Unknown,F
580,6,1,28,Unknown,F
580,6,3,28,Unknown,F
580,6,5,28,Unknown,F
581,3,145,30,F,A
582,6,146,Unknown,F,F
583,6,1,Unknown,F,F
583,6,3,Unknown,F,F
583,6,5,Unknown,F,F
584,2,1,21,Unknown,F
584,2,3,21,Unknown,F
584,2,5,21,Unknown,F
585,3,1,Unknown,M,B
585,3,3,Unknown,M,B
585,3,5,Unknown,M,B
586,6,1,25,F,A+
586,6,3,25,F,A+
586,6,5,25,F,A+
587,6,147,Unknown,F,B
588,3,1,Unknown,F,B
588,3,3,Unknown,F,B
588,3,5,Unknown,F,B
589,4,148,Unknown,Unknown,C
590,6,1,28,F,B
590,6,3,28,F,B
590,6,5,28,F,B
591,3,1,Unknown,F,F
591,3,3,Unknown,F,F
591,3,5,Unknown,F,F
592,2,1,Unknown,M,C
592,2,3,Unknown,M,C
592,2,5,Unknown,M,C
593,6,1,Unknown,Unknown,A
593,6,3,Unknown,Unknown,A
593,6,5,Unknown,Unknown,A
594,2,1,17,M,F
594,2,3,17,M,F
594,2,5,17,M,F
595,6,1,20,F,F
595,6,3,20,F,F
595,6,5,20,F,F
596,3,1,25,F,B
596,3,3,25,F,B
596,3,5,25,F,B
597,4,149,Unknown,Unknown,F
598,3,150,Unknown,Unknown,B
599,1,1,29,M,B
599,1,3,29,M,B
599,1,5,29,M,B
600,4,1,20,F,F
600,4,3,20,F,F
600,4,5,20,F,F
601,2,1,Unknown,Unknown,C
601,2,3,Unknown,Unknown,C
601,2,5,Unknown,Unknown,C
602,5,1,Unknown,F,A
602,5,3,Unknown,F,A
602,5,5,Unknown,F,A
603,5,1,Unknown,F,A
603,5,3,Unknown,F,A
603,5,5,Unknown,F,A
604,6,1,Unknown,F,A
604,6,3,Unknown,F,A
604,6,5,Unknown,F,A
605,2,1,17,M,D
605,2,3,17,M,D
605,2,5,17,M,D
606,3,1,Unknown,M,A
606,3,3,Unknown,M,A
606,3,5,Unknown,M,A
607,5,1,20,M,B
607,5,3,20,M,B
607,5,5,20,M,B
608,1,1,Unknown,Unknown,F
608,1,3,Unknown,Unknown,F
608,1,5,Unknown,Unknown,F
609,1,1,20,F,D
609,1,3,20,F,D
609,1,5,20,F,D
610,5,151,20,F,D
611,4,1,Unknown,M,F
611,4,3,Unknown,M,F
611,4,5,Unknown,M,F
612,1,152,Unknown,M,C
613,3,153,29,M,A
614,1,154,Unknown,M,D
615,2,155,20,F,F
616,6,1,Unknown,Unknown,A
616,6,3,Unknown,Unknown,A
616,6,5,Unknown,Unknown,A
617,2,1,Unknown,F,A
617,2,3,Unknown,F,A
617,2,5,Unknown,F,A
618,4,1,20,M,C
618,4,3,20,M,C
618,4,5,20,M,C
619,4,1,20,M,F
619,4,3,20,M,F
619,4,5,20,M,F
620,4,1,Unknown,M,B
620,4,3,Unknown,M,B
620,4,5,Unknown,M,B
621,3,156,Unknown,Unknown,F
622,4,1,Unknown,M,F
622,4,3,Unknown,M,F
622,4,5,Unknown,M,F
623,1,1,Unknown,M,C
623,1,3,Unknown,M,C
623,1,5,Unknown,M,C
624,6,1,30,M,C
624,6,3,30,M,C
624,6,5,30,M,C
625,2,157,Unknown,F,A+
626,4,158,19,M,B
627,5,1,20,Unknown,A+
627,5,3,20,Unknown,A+
627,5,5,20,Unknown,A+
628,3,1,20,M,B
628,3,3,20,M,B
628,3,5,20,M,B
629,3,1,Unknown,F,D
629,3,3,Unknown,F,D
629,3,5,Unknown,F,D
630,1,1,29,M,A
630,1,3,29,M,A
630,1,5,29,M,A
631,5,159,19,M,D
632,4,1,Unknown,F,F
632,4,3,Unknown,F,F
632,4,5,Unknown,F,F
633,5,1,Unknown,F,A
633,5,3,Unknown,F,A
633,5,5,Unknown,F,A
634,6,1,Unknown,F,D
634,6,3,Unknown,F,D
634,6,5,Unknown,F,D
635,5,1,20,F,F
635,5,3,20,F,F
635,5,5,20,F,F
636,6,160,23,F,F
637,5,1,20,F,F
637,5,3,20,F,F
637,5,5,20,F,F
638,6,1,20,M,F
638,6,3,20,M,F
638,6,5,20,M,F
639,3,161,Unknown,M,F
640,5,162,20,M,C
641,3,163,Unknown,M,D
642,6,1,Unknown,Unknown,A+
642,6,3,Unknown,Unknown,A+
642,6,5,Unknown,Unknown,A+
643,3,1,20,Unknown,D
643,3,3,20,Unknown,D
643,3,5,20,Unknown,D
644,6,1,Unknown,M,C
644,6,3,Unknown,M,C
644,6,5,Unknown,M,C
645,2,164,Unknown,F,C
646,2,1,Unknown,F,A+
646,2,3,Unknown,F,A+
646,2,5,Unknown,F,A+
647,2,102,20,F,A+
648,3,1,Unknown,F,C
648,3,3,Unknown,F,C
648,3,5,Unknown,F,C
649,3,1,20,M,A+
649,3,3,20,M,A+
649,3,5,20,M,A+
650,1,165,Unknown,M,F
651,6,166,26,F,C
652,6,167,Unknown,Unknown,A+
653,2,1,Unknown,F,D
653,2,3,Unknown,F,D
653,2,5,Unknown,F,D
654,6,1,Unknown,F,F
654,6,3,Unknown,F,F
654,6,5,Unknown,F,F
655,6,1,20,Unknown,C
655,6,3,20,Unknown,C
655,6,5,20,Unknown,C
656,1,1,23,F,A+
656,1,3,23,F,A+
656,1,5,23,F,A+
657,1,168,20,F,A
658,1,169,Unknown,F,C
659,1,1,20,F,F
659,1,3,20,F,F
659,1,5,20,F,F
660,6,170,20,F,A
661,6,1,20,M,F
661,6,3,20,M,F
661,6,5,20,M,F
662,2,1,Unknown,F,F
662,2,3,Unknown,F,F
662,2,5,Unknown,F,F
663,5,1,24,Unknown,C
663,5,3,24,Unknown,C
663,5,5,24,Unknown,C
664,1,1,Unknown,M,A
664,1,3,Unknown,M,A
664,1,5,Unknown,M,A
665,1,171,20,F,B
666,4,1,21,F,C
666,4,3,21,F,C
666,4,5,21,F,C
667,5,1,Unknown,M,C
667,5,3,Unknown,M,C
667,5,5,Unknown,M,C
668,6,1,Unknown,M,A+
668,6,3,Unknown,M,A+
668,6,5,Unknown,M,A+
669,5,1,25,F,C
669,5,3,25,F,C
669,5,5,25,F,C
670,4,1,23,M,F
670,4,3,23,M,F
670,4,5,23,M,F
671,3,1,Unknown,F,A
671,3,3,Unknown,F,A
671,3,5,Unknown,F,A
672,2,172,20,M,F
673,3,173,Unknown,M,D
674,4,174,20,F,D
675,3,1,20,M,A
675,3,3,20,M,A
675,3,5,20,M,A
676,3,1,20,M,B
676,3,3,20,M,B
676,3,5,20,M,B
677,1,1,Unknown,Unknown,B
677,1,3,Unknown,Unknown,B
677,1,5,Unknown,Unknown,B
678,4,175,27,F,D
679,3,1,Unknown,F,B
679,3,3,Unknown,F,B
679,3,5,Unknown,F,B
680,2,1,Unknown,M,B
680,2,3,Unknown,M,B
680,2,5,Unknown,M,B
681,2,176,24,M,D
682,1,1,20,M,D
682,1,3,20,M,D
682,1,5,20,M,D
683,1,1,28,M,A
683,1,3,28,M,A
683,1,5,28,M,A
684,5,1,19,M,F
684,5,3,19,M,F
684,5,5,19,M,F
685,3,1,20,Unknown,B
685,3,3,20,Unknown,B
685,3,5,20,Unknown,B
686,5,1,Unknown,F,B
686,5,3,Unknown,F,B
686,5,5,Unknown,F,B
687,6,1,20,F,F
687,6,3,20,F,F
687,6,5,20,F,F
688,4,1,27,F,A+
688,4,3,27,F,A+
688,4,5,27,F,A+
689,5,177,Unknown,F,F
690,2,1,Unknown,F,F
690,2,3,Unknown,F,F
690,2,5,Unknown,F,F
691,6,1,20,F,F
691,6,3,20,F,F
691,6,5,20,F,F
692,2,178,21,Unknown,B
693,6,1,20,F,C
693,6,3,20,F,C
693,6,5,20,F,C
694,1,1,Unknown,F,A+
694,1,3,Unknown,F,A+
694,1,5,Unknown,F,A+
695,4,1,Unknown,Unknown,D
695,4,3,Unknown,Unknown,D
695,4,5,Unknown,Unknown,D
696,5,1,Unknown,Unknown,F
696,5,3,Unknown,Unknown,F
696,5,5,Unknown,Unknown,F
697,6,179,Unknown,Unknown,C
698,5,180,Unknown,Unknown,B
699,4,1,20,M,A+
699,4,3,20,M,A+
699,4,5,20,M,A+
700,2,1,20,Unknown,F
700,2,3,20,Unknown,F
700,2,5,20,Unknown,F
701,2,1,Unknown,M,A
701,2,3,Unknown,M,A
701,2,5,Unknown,M,A
702,2,1,20,F,C
702,2,3,20,F,C
702,2,5,20,F,C
703,3,1,Unknown,M,D
703,3,3,Unknown,M,D
703,3,5,Unknown,M,D
704,3,181,Unknown,M,B
705,5,1,20,F,F
705,5,3,20,F,F
705,5,5,20,F,F
706,4,1,Unknown,F,B
706,4,3,Unknown,F,B
706,4,5,Unknown,F,B
707,2,1,21,Unknown,A+
707,2,3,21,Unknown,A+
707,2,5,21,Unknown,A+
708,4,182,Unknown,F,F
709,6,1,Unknown,F,A+
709,6,3,Unknown,F,A+
709,6,5,Unknown,F,A+
710,3,183,Unknown,F,D
711,1,1,Unknown,M,F
711,1,3,Unknown,M,F
711,1,5,Unknown,M,F
712,2,1,Unknown,M,F
712,2,3,Unknown,M,F
712,2,5,Unknown,M,F
713,2,184,20,F,C
714,2,1,20,F,A+
714,2,3,20,F,A+
714,2,5,20,F,A+
715,3,1,Unknown,M,D
715,3,3,Unknown,M,D
715,3,5,Unknown,M,D
716,5,1,Unknown,M,F
716,5,3,Unknown,M,F
716,5,5,Unknown,M,F
717,2,1,Unknown,M,F
717,2,3,Unknown,M,F
717,2,5,Unknown,M,F
718,4,185,27,M,A+
719,4,1,Unknown,M,F
719,4,3,Unknown,M,F
719,4,5,Unknown,M,F
720,6,1,Unknown,F,A
720,6,3,Unknown,F,A
720,6,5,Unknown,F,A
721,2,186,Unknown,F,A
722,2,187,28,M,B
723,6,1,Unknown,M,B
723,6,3,Unknown,M,B
723,6,5,Unknown,M,B
724,6,188,29,F,C
725,1,189,20,F,A
726,3,1,Unknown,M,B
726,3,3,Unknown,M,B
726,3,5,Unknown,M,B
727,3,1,Unknown,F,A
727,3,3,Unknown,F,A
727,3,5,Unknown,F,A
728,5,1,Unknown,Unknown,A
728,5,3,Unknown,Unknown,A
728,5,5,Unknown,Unknown,A
729,6,1,20,F,D
729,6,3,20,F,D
729,6,5,20,F,D
730,1,1,19,M,B
730,1,3,19,M,B
730,1,5,19,M,B
731,4,1,27,M,F
731,4,3,27,M,F
731,4,5,27,M,F
732,3,1,Unknown,M,F
732,3,3,Unknown,M,F
732,3,5,Unknown,M,F
733,1,77,Unknown,M,A
734,5,1,Unknown,Unknown,A+
734,5,3,Unknown,Unknown,A+
734,5,5,Unknown,Unknown,A+
735,2,190,17,F,D
736,5,1,19,F,A+
736,5,3,19,F,A+
736,5,5,19,F,A+
737,5,1,17,F,F
737,5,3,17,F,F
737,5,5,17,F,F
738,5,137,20,F,F
739,3,1,Unknown,M,D
739,3,3,Unknown,M,D
739,3,5,Unknown,M,D
740,2,1,Unknown,Unknown,C
740,2,3,Unknown,Unknown,C
740,2,5,Unknown,Unknown,C
741,2,1,Unknown,Unknown,C
741,2,3,Unknown,Unknown,C
741,2,5,Unknown,Unknown,C
742,5,191,Unknown,M,A+
743,6,192,20,F,A+
744,4,1,Unknown,F,F
744,4,3,Unknown,F,F
744,4,5,Unknown,F,F
745,6,171,20,M,F
746,4,1,Unknown,M,A+
746,4,3,Unknown,M,A+
746,4,5,Unknown,M,A+
747,2,1,Unknown,M,A+
747,2,3,Unknown,M,A+
747,2,5,Unknown,M,A+
748,1,1,Unknown,M,C
748,1,3,Unknown,M,C
748,1,5,Unknown,M,C
749,3,1,20,F,B
749,3,3,20,F,B
749,3,5,20,F,B
750,4,1,20,Unknown,A
750,4,3,20,Unknown,A
750,4,5,20,Unknown,A
751,6,1,25,M,A+
751,6,3,25,M,A+
751,6,5,25,M,A+
752,3,193,18,Unknown,C
753,3,1,Unknown,Unknown,D
753,3,3,Unknown,Unknown,D
753,3,5,Unknown,Unknown,D
754,1,1,20,F,A
754,1,3,20,F,A
754,1,5,20,F,A
755,4,1,20,Unknown,F
755,4,3,20,Unknown,F
755,4,5,20,Unknown,F
756,1,1,Unknown,M,A
756,1,3,Unknown,M,A
756,1,5,Unknown,M,A
757,1,1,Unknown,M,A
757,1,3,Unknown,M,A
757,1,5,Unknown,M,A
758,3,1,20,M,A
758,3,3,20,M,A
758,3,5,20,M,A
759,1,1,Unknown,Unknown,A
759,1,3,Unknown,Unknown,A
759,1,5,Unknown,Unknown,A
760,6,1,Unknown,M,C
760,6,3,Unknown,M,C
760,6,5,Unknown,M,C
761,2,1,Unknown,Unknown,C
761,2,3,Unknown,Unknown,C
761,2,5,Unknown,Unknown,C
762,3,194,Unknown,F,F
763,2,1,28,Unknown,D
763,2,3,28,Unknown,D
763,2,5,28,Unknown,D
764,3,1,20,Unknown,C
764,3,3,20,Unknown,C
764,3,5,20,Unknown,C
765,6,1,24,M,D
765,6,3,24,M,D
765,6,5,24,M,D
766,6,195,Unknown,M,B
767,2,1,20,M,A+
767,2,3,20,M,A+
767,2,5,20,M,A+
768,4,1,Unknown,F,F
768,4,3,Unknown,F,F
768,4,5,Unknown,F,F
769,5,1,20,M,F
769,5,3,20,M,F
769,5,5,20,M,F
770,6,1,20,M,A+
770,6,3,20,M,A+
770,6,5,20,M,A+
771,5,1,27,Unknown,C
771,5,3,27,Unknown,C
771,5,5,27,Unknown,C
772,3,1,20,F,A+
772,3,3,20,F,A+
772,3,5,20,F,A+
773,3,196,Unknown,F,B
774,1,1,20,M,A
774,1,3,20,M,A
774,1,5,20,M,A
775,2,1,20,F,F
775,2,3,20,F,F
775,2,5,20,F,F
776,5,1,Unknown,M,B
776,5,3,Unknown,M,B
776,5,5,Unknown,M,B
777,3,1,Unknown,F,F
777,3,3,Unknown,F,F
777,3,5,Unknown,F,F
778,4,1,20,F,D
778,4,3,20,F,D
778,4,5,20,F,D
779,6,1,Unknown,M,C
779,6,3,Unknown,M,C
779,6,5,Unknown,M,C
780,2,1,20,F,B
780,2,3,20,F,B
780,2,5,20,F,B
781,5,1,Unknown,Unknown,A
781,5,3,Unknown,Unknown,A
781,5,5,Unknown,Unknown,A
782,4,1,Unknown,M,D
782,4,3,Unknown,M,D
782,4,5,Unknown,M,D
783,6,197,Unknown,M,A
784,3,1,Unknown,M,D
784,3,3,Unknown,M,D
784,3,5,Unknown,M,D
785,1,1,Unknown,M,A+
785,1,3,Unknown,M,A+
785,1,5,Unknown,M,A+
786,1,1,27,Unknown,C
786,1,3,27,Unknown,C
786,1,5,27,Unknown,C
787,5,1,21,F,F
787,5,3,21,F,F
787,5,5,21,F,F
788,2,1,Unknown,Unknown,F
788,2,3,Unknown,Unknown,F
788,2,5,Unknown,Unknown,F
789,1,198,Unknown,F,B
790,2,1,20,F,A
790,2,3,20,F,A
790,2,5,20,F,A
791,4,199,Unknown,M,D
792,4,1,22,F,A
792,4,3,22,F,A
792,4,5,22,F,A
793,2,200,Unknown,F,A
794,4,201,Unknown,F,C
795,4,1,Unknown,F,A+
795,4,3,Unknown,F,A+
795,4,5,Unknown,F,A+
796,3,1,20,F,C
796,3,3,20,F,C
796,3,5,20,F,C
797,6,202,Unknown,F,F
798,2,1,20,F,F
798,2,3,20,F,F
798,2,5,20,F,F
799,5,203,Unknown,F,A
800,4,1,Unknown,F,F
800,4,3,Unknown,F,F
800,4,5,Unknown,F,F
801,2,204,Unknown,Unknown,D
802,4,205,30,Unknown,C
803,1,1,19,M,F
803,1,3,19,M,F
803,1,5,19,M,F
804,3,1,Unknown,M,C
804,3,3,Unknown,M,C
804,3,5,Unknown,M,C
805,3,1,Unknown,M,A+
805,3,3,Unknown,M,A+
805,3,5,Unknown,M,A+
806,4,1,Unknown,M,A
806,4,3,Unknown,M,A
806,4,5,Unknown,M,A
807,3,1,28,F,C
807,3,3,28,F,C
807,3,5,28,F,C
808,1,1,Unknown,M,A
808,1,3,Unknown,M,A
808,1,5,Unknown,M,A
809,5,1,Unknown,F,D
809,5,3,Unknown,F,D
809,5,5,Unknown,F,D
810,5,1,20,Unknown,D
810,5,3,20,Unknown,D
810,5,5,20,Unknown,D
811,1,1,20,F,F
811,1,3,20,F,F
811,1,5,20,F,F
812,3,1,Unknown,F,F
812,3,3,Unknown,F,F
812,3,5,Unknown,F,F
813,4,1,Unknown,M,B
813,4,3,Unknown,M,B
813,4,5,Unknown,M,B
814,1,1,Unknown,F,D
814,1,3,Unknown,F,D
814,1,5,Unknown,F,D
815,2,1,Unknown,Unknown,C
815,2,3,Unknown,Unknown,C
815,2,5,Unknown,Unknown,C
816,5,206,Unknown,F,B
817,3,1,Unknown,F,C
817,3,3,Unknown,F,C
817,3,5,Unknown,F,C
818,5,207,24,Unknown,F
819,1,1,Unknown,M,D
819,1,3,Unknown,M,D
819,1,5,Unknown,M,D
820,3,1,23,M,A
820,3,3,23,M,A
820,3,5,23,M,A
821,4,1,22,Unknown,B
821,4,3,22,Unknown,B
821,4,5,22,Unknown,B
822,1,1,Unknown,M,B
822,1,3,Unknown,M,B
822,1,5,Unknown,M,B
823,6,1,Unknown,M,F
823,6,3,Unknown,M,F
823,6,5,Unknown,M,F
824,4,208,27,F,D
825,6,1,26,F,F
825,6,3,26,F,F
825,6,5,26,F,F
826,4,1,Unknown,M,F
826,4,3,Unknown,M,F
826,4,5,Unknown,M,F
827,5,1,Unknown,F,F
827,5,3,Unknown,F,F
827,5,5,Unknown,F,F
828,2,1,18,M,D
828,2,3,18,M,D
828,2,5,18,M,D
829,1,1,Unknown,F,B
829,1,3,Unknown,F,B
829,1,5,Unknown,F,B
830,3,1,Unknown,F,D
830,3,3,Unknown,F,D
830,3,5,Unknown,F,D
831,1,1,30,M,D
831,1,3,30,M,D
831,1,5,30,M,D
832,4,1,20,M,A
832,4,3,20,M,A
832,4,5,20,M,A
833,2,1,Unknown,Unknown,F
833,2,3,Unknown,Unknown,F
833,2,5,Unknown,Unknown,F
834,3,1,Unknown,F,F
834,3,3,Unknown,F,F
834,3,5,Unknown,F,F
835,4,209,Unknown,Unknown,B
836,3,1,20,M,F
836,3,3,20,M,F
836,3,5,20,M,F
837,2,1,Unknown,Unknown,A
837,2,3,Unknown,Unknown,A
837,2,5,Unknown,Unknown,A
838,4,210,Unknown,F,D
839,3,211,23,M,A
840,5,1,20,M,C
840,5,3,20,M,C
840,5,5,20,M,C
841,2,212,Unknown,M,D
842,5,1,29,F,A+
842,5,3,29,F,A+
842,5,5,29,F,A+
843,3,213,Unknown,F,A
844,4,1,Unknown,F,F
844,4,3,Unknown,F,F
844,4,5,Unknown,F,F
845,4,1,20,M,A
845,4,3,20,M,A
845,4,5,20,M,A
846,2,1,18,Unknown,C
846,2,3,18,Unknown,C
846,2,5,18,Unknown,C
847,2,1,20,M,F
847,2,3,20,M,F
847,2,5,20,M,F
848,2,214,Unknown,M,B
849,5,1,Unknown,M,F
849,5,3,Unknown,M,F
849,5,5,Unknown,M,F
850,2,215,Unknown,F,C
851,3,216,Unknown,F,B
852,4,1,20,Unknown,D
852,4,3,20,Unknown,D
852,4,5,20,Unknown,D
853,6,217,23,M,D
854,1,1,Unknown,Unknown,C
854,1,3,Unknown,Unknown,C
854,1,5,Unknown,Unknown,C
855,1,1,Unknown,M,B
855,1,3,Unknown,M,B
855,1,5,Unknown,M,B
856,4,1,Unknown,F,C
856,4,3,Unknown,F,C
856,4,5,Unknown,F,C
857,4,215,20,M,F
858,6,1,Unknown,Unknown,A
858,6,3,Unknown,Unknown,A
858,6,5,Unknown,Unknown,A
859,5,1,21,M,F
859,5,3,21,M,F
859,5,5,21,M,F
860,1,1,Unknown,F,A+
860,1,3,Unknown,F,A+
860,1,5,Unknown,F,A+
861,2,1,Unknown,F,A+
861,2,3,Unknown,F,A+
861,2,5,Unknown,F,A+
862,4,1,Unknown,Unknown,B
862,4,3,Unknown,Unknown,B
862,4,5,Unknown,Unknown,B
863,4,218,21,M,A+
864,4,219,20,F,A
865,5,1,20,M,F
865,5,3,20,M,F
865,5,5,20,M,F
866,4,220,Unknown,F,F
867,3,1,Unknown,M,A
867,3,3,Unknown,M,A
867,3,5,Unknown,M,A
868,1,1,20,M,A
868,1,3,20,M,A
868,1,5,20,M,A
869,1,1,Unknown,Unknown,A
869,1,3,Unknown,Unknown,A
869,1,5,Unknown,Unknown,A
870,6,221,27,F,F
871,5,222,Unknown,M,A
872,4,1,Unknown,M,A+
872,4,3,Unknown,M,A+
872,4,5,Unknown,M,A+
873,4,1,22,M,A
873,4,3,22,M,A
873,4,5,22,M,A
874,3,1,20,F,F
874,3,3,20,F,F
874,3,5,20,F,F
875,6,1,20,F,A
875,6,3,20,F,A
875,6,5,20,F,A
876,1,1,Unknown,F,C
876,1,3,Unknown,F,C
876,1,5,Unknown,F,C
877,1,1,Unknown,F,F
877,1,3,Unknown,F,F
877,1,5,Unknown,F,F
878,1,1,Unknown,Unknown,C
878,1,3,Unknown,Unknown,C
878,1,5,Unknown,Unknown,C
879,1,1,29,M,F
879,1,3,29,M,F
879,1,5,29,M,F
880,4,1,20,F,A
880,4,3,20,F,A
880,4,5,20,F,A
881,1,1,Unknown,F,B
881,1,3,Unknown,F,B
881,1,5,Unknown,F,B
882,4,223,20,F,A+
883,2,1,Unknown,F,F
883,2,3,Unknown,F,F
883,2,5,Unknown,F,F
884,1,1,Unknown,Unknown,F
884,1,3,Unknown,Unknown,F
884,1,5,Unknown,Unknown,F
885,6,1,Unknown,Unknown,D
885,6,3,Unknown,Unknown,D
885,6,5,Unknown,Unknown,D
886,1,224,20,M,D
887,2,1,20,F,D
887,2,3,20,F,D
887,2,5,20,F,D
888,3,225,20,M,A+
889,6,1,Unknown,M,A
889,6,3,Unknown,M,A
889,6,5,Unknown,M,A
890,3,1,Unknown,F,F
890,3,3,Unknown,F,F
890,3,5,Unknown,F,F
891,5,1,Unknown,F,F
891,5,3,Unknown,F,F
891,5,5,Unknown,F,F
892,6,1,Unknown,F,F
892,6,3,Unknown,F,F
892,6,5,Unknown,F,F
893,2,1,20,M,A
893,2,3,20,M,A
893,2,5,20,M,A
894,1,1,26,F,A+
894,1,3,26,F,A+
894,1,5,26,F,A+
895,5,1,Unknown,F,D
895,5,3,Unknown,F,D
895,5,5,Unknown,F,D
896,6,1,19,F,C
896,6,3,19,F,C
896,6,5,19,F,C
897,4,226,20,F,F
898,3,227,Unknown,F,D
899,4,1,21,F,A+
899,4,3,21,F,A+
899,4,5,21,F,A+
900,1,228,Unknown,F,A+
901,3,1,Unknown,M,F
901,3,3,Unknown,M,F
901,3,5,Unknown,M,F
902,4,229,Unknown,F,C
903,6,1,20,Unknown,F
903,6,3,20,Unknown,F
903,6,5,20,Unknown,F
904,4,1,21,F,B
904,4,3,21,F,B
904,4,5,21,F,B
905,1,1,29,M,A
905,1,3,29,M,A
905,1,5,29,M,A
906,6,1,20,F,F
906,6,3,20,F,F
906,6,5,20,F,F
907,2,230,20,M,F
908,4,1,20,Unknown,A
908,4,3,20,Unknown,A
908,4,5,20,Unknown,A
909,5,1,Unknown,M,B
909,5,3,Unknown,M,B
909,5,5,Unknown,M,B
910,2,1,21,F,F
910,2,3,21,F,F
910,2,5,21,F,F
911,5,1,Unknown,M,F
911,5,3,Unknown,M,F
911,5,5,Unknown,M,F
912,1,1,Unknown,M,B
912,1,3,Unknown,M,B
912,1,5,Unknown,M,B
913,4,1,20,M,D
913,4,3,20,M,D
913,4,5,20,M,D
914,6,1,20,M,C
914,6,3,20,M,C
914,6,5,20,M,C
915,4,1,Unknown,M,D
915,4,3,Unknown,M,D
915,4,5,Unknown,M,D
916,2,1,20,M,A+
916,2,3,20,M,A+
916,2,5,20,M,A+
917,4,1,25,Unknown,C
917,4,3,25,Unknown,C
917,4,5,25,Unknown,C
918,5,231,25,M,A+
919,2,232,21,F,D
920,1,1,Unknown,F,B
920,1,3,Unknown,F,B
920,1,5,Unknown,F,B
921,4,1,20,F,B
921,4,3,20,F,B
921,4,5,20,F,B
922,6,233,Unknown,F,A
923,2,234,20,Unknown,F
924,2,1,21,M,A
924,2,3,21,M,A
924,2,5,21,M,A
925,6,235,Unknown,F,F
926,5,1,20,F,A+
926,5,3,20,F,A+
926,5,5,20,F,A+
927,5,1,Unknown,F,F
927,5,3,Unknown,F,F
927,5,5,Unknown,F,F
928,4,236,20,F,B
929,3,1,20,Unknown,A+
929,3,3,20,Unknown,A+
929,3,5,20,Unknown,A+
930,2,1,28,F,F
930,2,3,28,F,F
930,2,5,28,F,F
931,4,237,20,F,A+
932,2,1,Unknown,F,B
932,2,3,Unknown,F,B
932,2,5,Unknown,F,B
933,2,1,Unknown,M,A
933,2,3,Unknown,M,A
933,2,5,Unknown,M,A
934,5,1,Unknown,F,A
934,5,3,Unknown,F,A
934,5,5,Unknown,F,A
935,4,1,Unknown,Unknown,D
935,4,3,Unknown,Unknown,D
935,4,5,Unknown,Unknown,D
936,6,1,20,Unknown,F
936,6,3,20,Unknown,F
936,6,5,20,Unknown,F
937,2,238,24,M,D
938,5,239,Unknown,M,F
939,5,1,20,F,C
939,5,3,20,F,C
939,5,5,20,F,C
940,3,1,18,M,F
940,3,3,18,M,F
940,3,5,18,M,F
941,2,1,Unknown,M,D
941,2,3,Unknown,M,D
941,2,5,Unknown,M,D
942,3,1,Unknown,M,F
942,3,3,Unknown,M,F
942,3,5,Unknown,M,F
943,6,240,Unknown,Unknown,F
944,4,1,Unknown,M,F
944,4,3,Unknown,M,F
944,4,5,Unknown,M,F
945,6,241,17,M,F
946,1,1,Unknown,F,A+
946,1,3,Unknown,F,A+
946,1,5,Unknown,F,A+
947,4,242,Unknown,F,B
948,2,1,20,M,A+
948,2,3,20,M,A+
948,2,5,20,M,A+
949,3,1,28,M,D
949,3,3,28,M,D
949,3,5,28,M,D
950,6,1,Unknown,F,F
950,6,3,Unknown,F,F
950,6,5,Unknown,F,F
951,3,243,Unknown,F,B
952,1,1,Unknown,M,A
952,1,3,Unknown,M,A
952,1,5,Unknown,M,A
953,3,1,20,Unknown,B
953,3,3,20,Unknown,B
953,3,5,20,Unknown,B
954,1,1,Unknown,M,B
954,1,3,Unknown,M,B
954,1,5,Unknown,M,B
955,2,244,20,F,F
956,2,1,25,M,A+
956,2,3,25,M,A+
956,2,5,25,M,A+
957,5,1,Unknown,F,C
957,5,3,Unknown,F,C
957,5,5,Unknown,F,C
958,4,1,18,Unknown,D
958,4,3,18,Unknown,D
958,4,5,18,Unknown,D
959,4,1,28,M,F
959,4,3,28,M,F
959,4,5,28,M,F
960,6,1,28,Unknown,C
960,6,3,28,Unknown,C
960,6,5,28,Unknown,C
961,1,1,Unknown,F,D
961,1,3,Unknown,F,D
961,1,5,Unknown,F,D
962,1,1,23,F,F
962,1,3,23,F,F
962,1,5,23,F,F
963,1,1,Unknown,F,F
963,1,3,Unknown,F,F
963,1,5,Unknown,F,F
964,4,1,Unknown,Unknown,C
964,4,3,Unknown,Unknown,C
964,4,5,Unknown,Unknown,C
965,1,1,Unknown,F,F
965,1,3,Unknown,F,F
965,1,5,Unknown,F,F
966,3,1,20,M,C
966,3,3,20,M,C
966,3,5,20,M,C
967,6,1,Unknown,M,A+
967,6,3,Unknown,M,A+
967,6,5,Unknown,M,A+
968,5,245,Unknown,M,A
969,5,1,24,M,F
969,5,3,24,M,F
969,5,5,24,M,F
970,4,1,25,M,A+
970,4,3,25,M,A+
970,4,5,25,M,A+
971,4,1,20,F,A+
971,4,3,20,F,A+
971,4,5,20,F,A+
972,4,1,Unknown,Unknown,D
972,4,3,Unknown,Unknown,D
972,4,5,Unknown,Unknown,D
973,4,1,Unknown,F,F
973,4,3,Unknown,F,F
973,4,5,Unknown,F,F
974,3,1,Unknown,M,A+
974,3,3,Unknown,M,A+
974,3,5,Unknown,M,A+
975,2,1,20,F,C
975,2,3,20,F,C
975,2,5,20,F,C
976,2,246,20,F,A
977,6,1,Unknown,M,A+
977,6,3,Unknown,M,A+
977,6,5,Unknown,M,A+
978,3,1,20,F,B
978,3,3,20,F,B
978,3,5,20,F,B
979,4,1,Unknown,Unknown,C
979,4,3,Unknown,Unknown,C
979,4,5,Unknown,Unknown,C
980,2,1,24,F,A+
980,2,3,24,F,A+
980,2,5,24,F,A+
981,3,247,Unknown,F,C
982,6,1,Unknown,M,B
982,6,3,Unknown,M,B
982,6,5,Unknown,M,B
983,3,1,Unknown,Unknown,C
983,3,3,Unknown,Unknown,C
983,3,5,Unknown,Unknown,C
984,4,1,Unknown,M,D
984,4,3,Unknown,M,D
984,4,5,Unknown,M,D
985,6,1,20,F,D
985,6,3,20,F,D
985,6,5,20,F,D
986,2,1,Unknown,F,D
986,2,3,Unknown,F,D
986,2,5,Unknown,F,D
987,1,1,Unknown,F,B
987,1,3,Unknown,F,B
987,1,5,Unknown,F,B
988,6,1,Unknown,F,A
988,6,3,Unknown,F,A
988,6,5,Unknown,F,A
989,5,1,25,M,D
989,5,3,25,M,D
989,5,5,25,M,D
990,5,1,Unknown,F,C
990,5,3,Unknown,F,C
990,5,5,Unknown,F,C
991,2,248,20,M,D
992,3,249,Unknown,F,F
993,2,1,Unknown,F,C
993,2,3,Unknown,F,C
993,2,5,Unknown,F,C
994,3,1,20,Unknown,F
994,3,3,20,Unknown,F
994,3,5,20,Unknown,F
995,3,1,20,Unknown,F
995,3,3,20,Unknown,F
995,3,5,20,Unknown,F
996,4,1,20,Unknown,C
996,4,3,20,Unknown,C
996,4,5,20,Unknown,C
997,4,1,20,Unknown,A+
997,4,3,20,Unknown,A+
997,4,5,20,Unknown,A+
998,1,1,Unknown,M,F
998,1,3,Unknown,M,F
998,1,5,Unknown,M,F
999,6,1,20,M,A
999,6,3,20,M,A
999,6,5,20,M,A
1000,2,1,20,M,D
1000,2,3,20,M,D
1000,2,5,20,M,D
