product_id,category_id,supplier_id,date_id,quantity,price,total_amount
1,1,1.0,209.0,12.0,0.0,0.0
709,2,1.0,209.0,12.0,0.0,0.0
815,2,1.0,209.0,12.0,0.0,0.0
2,1,2.0,,21.0,0.0,0.0
3,1,1.0,1.0,0.0,0.0,0.0
3,1,1.0,4.0,0.0,0.0,0.0
4,2,2.0,1.0,0.0,0.0,0.0
4,2,2.0,4.0,0.0,0.0,0.0
175,5,2.0,1.0,0.0,0.0,0.0
175,5,2.0,4.0,0.0,0.0,0.0
5,3,1.0,209.0,0.0,0.0,0.0
910,2,1.0,209.0,0.0,0.0,0.0
6,3,,1.0,27.0,60.42,1631.3400000000001
6,3,,4.0,27.0,60.42,1631.3400000000001
532,2,,1.0,27.0,60.42,1631.3400000000001
532,2,,4.0,27.0,60.42,1631.3400000000001
7,4,1.0,209.0,0.0,0.0,0.0
651,5,1.0,209.0,0.0,0.0,0.0
8,2,2.0,1.0,0.0,393.26,0.0
8,2,2.0,4.0,0.0,393.26,0.0
797,3,2.0,1.0,0.0,393.26,0.0
797,3,2.0,4.0,0.0,393.26,0.0
9,4,4.0,1.0,0.0,0.0,0.0
9,4,4.0,4.0,0.0,0.0,0.0
777,5,4.0,1.0,0.0,0.0,0.0
777,5,4.0,4.0,0.0,0.0,0.0
936,5,4.0,1.0,0.0,0.0,0.0
936,5,4.0,4.0,0.0,0.0,0.0
10,1,5.0,1.0,0.0,0.0,0.0
10,1,5.0,4.0,0.0,0.0,0.0
954,5,5.0,1.0,0.0,0.0,0.0
954,5,5.0,4.0,0.0,0.0,0.0
11,2,,1.0,0.0,0.0,0.0
11,2,,4.0,0.0,0.0,0.0
292,5,,1.0,0.0,0.0,0.0
292,5,,4.0,0.0,0.0,0.0
12,2,,1.0,0.0,134.93,0.0
12,2,,4.0,0.0,134.93,0.0
15,2,,1.0,0.0,134.93,0.0
15,2,,4.0,0.0,134.93,0.0
406,3,,1.0,0.0,134.93,0.0
406,3,,4.0,0.0,134.93,0.0
13,5,5.0,1.0,81.0,0.0,0.0
13,5,5.0,4.0,81.0,0.0,0.0
14,2,2.0,1.0,42.0,0.0,0.0
14,2,2.0,4.0,42.0,0.0,0.0
12,2,1.0,1.0,0.0,0.0,0.0
12,2,1.0,4.0,0.0,0.0,0.0
15,2,1.0,1.0,0.0,0.0,0.0
15,2,1.0,4.0,0.0,0.0,0.0
406,3,1.0,1.0,0.0,0.0,0.0
406,3,1.0,4.0,0.0,0.0,0.0
16,4,1.0,280.0,0.0,0.0,0.0
846,3,1.0,280.0,0.0,0.0,0.0
17,3,,,4.0,0.0,0.0
351,4,,,4.0,0.0,0.0
18,5,5.0,1.0,0.0,0.0,0.0
18,5,5.0,4.0,0.0,0.0,0.0
413,4,5.0,1.0,0.0,0.0,0.0
413,4,5.0,4.0,0.0,0.0,0.0
19,4,1.0,1.0,0.0,0.0,0.0
19,4,1.0,4.0,0.0,0.0,0.0
20,3,,1.0,66.0,420.46,27750.359999999997
20,3,,4.0,66.0,420.46,27750.359999999997
285,1,,1.0,66.0,420.46,27750.359999999997
285,1,,4.0,66.0,420.46,27750.359999999997
21,1,5.0,209.0,0.0,0.0,0.0
912,1,5.0,209.0,0.0,0.0,0.0
22,4,1.0,209.0,23.0,0.0,0.0
525,4,1.0,209.0,23.0,0.0,0.0
23,2,4.0,1.0,75.0,0.0,0.0
23,2,4.0,4.0,75.0,0.0,0.0
502,4,4.0,1.0,75.0,0.0,0.0
502,4,4.0,4.0,75.0,0.0,0.0
24,5,4.0,209.0,0.0,0.0,0.0
966,1,4.0,209.0,0.0,0.0,0.0
992,2,4.0,209.0,0.0,0.0,0.0
25,1,,1.0,0.0,0.0,0.0
25,1,,4.0,0.0,0.0,0.0
26,5,1.0,1.0,91.0,0.0,0.0
26,5,1.0,4.0,91.0,0.0,0.0
27,2,1.0,209.0,78.0,0.0,0.0
106,1,1.0,209.0,78.0,0.0,0.0
534,4,1.0,209.0,78.0,0.0,0.0
28,3,4.0,209.0,0.0,0.0,0.0
882,5,4.0,209.0,0.0,0.0,0.0
29,4,1.0,,63.0,397.63,25050.69
927,4,1.0,,63.0,397.63,25050.69
30,2,,1.0,92.0,0.0,0.0
30,2,,4.0,92.0,0.0,0.0
940,3,,1.0,92.0,0.0,0.0
940,3,,4.0,92.0,0.0,0.0
31,1,1.0,209.0,0.0,0.0,0.0
32,3,5.0,1.0,0.0,201.25,0.0
32,3,5.0,4.0,0.0,201.25,0.0
33,5,4.0,1.0,26.0,0.0,0.0
33,5,4.0,4.0,26.0,0.0,0.0
146,2,4.0,1.0,26.0,0.0,0.0
146,2,4.0,4.0,26.0,0.0,0.0
307,3,4.0,1.0,26.0,0.0,0.0
307,3,4.0,4.0,26.0,0.0,0.0
906,1,4.0,1.0,26.0,0.0,0.0
906,1,4.0,4.0,26.0,0.0,0.0
920,1,4.0,1.0,26.0,0.0,0.0
920,1,4.0,4.0,26.0,0.0,0.0
34,1,4.0,1.0,76.0,0.0,0.0
34,1,4.0,4.0,76.0,0.0,0.0
900,2,4.0,1.0,76.0,0.0,0.0
900,2,4.0,4.0,76.0,0.0,0.0
35,2,1.0,1.0,0.0,251.03,0.0
35,2,1.0,4.0,0.0,251.03,0.0
274,5,1.0,1.0,0.0,251.03,0.0
274,5,1.0,4.0,0.0,251.03,0.0
596,4,1.0,1.0,0.0,251.03,0.0
596,4,1.0,4.0,0.0,251.03,0.0
36,4,2.0,1.0,0.0,0.0,0.0
36,4,2.0,4.0,0.0,0.0,0.0
981,3,2.0,1.0,0.0,0.0,0.0
981,3,2.0,4.0,0.0,0.0,0.0
37,5,4.0,1.0,0.0,0.0,0.0
37,5,4.0,4.0,0.0,0.0,0.0
179,5,4.0,1.0,0.0,0.0,0.0
179,5,4.0,4.0,0.0,0.0,0.0
247,5,4.0,1.0,0.0,0.0,0.0
247,5,4.0,4.0,0.0,0.0,0.0
38,1,2.0,209.0,0.0,0.0,0.0
39,2,5.0,209.0,0.0,0.0,0.0
40,4,1.0,1.0,83.0,0.0,0.0
40,4,1.0,4.0,83.0,0.0,0.0
726,2,1.0,1.0,83.0,0.0,0.0
726,2,1.0,4.0,83.0,0.0,0.0
41,1,5.0,209.0,0.0,0.0,0.0
42,5,1.0,1.0,0.0,0.0,0.0
42,5,1.0,4.0,0.0,0.0,0.0
43,5,4.0,209.0,0.0,0.0,0.0
44,1,2.0,,13.0,0.0,0.0
206,5,2.0,,13.0,0.0,0.0
45,5,2.0,1.0,0.0,0.0,0.0
45,5,2.0,4.0,0.0,0.0,0.0
46,1,2.0,1.0,0.0,0.0,0.0
46,1,2.0,4.0,0.0,0.0,0.0
145,1,2.0,1.0,0.0,0.0,0.0
145,1,2.0,4.0,0.0,0.0,0.0
47,2,,1.0,0.0,385.68,0.0
47,2,,4.0,0.0,385.68,0.0
48,4,1.0,1.0,0.0,0.0,0.0
48,4,1.0,4.0,0.0,0.0,0.0
118,3,1.0,1.0,0.0,0.0,0.0
118,3,1.0,4.0,0.0,0.0,0.0
620,4,1.0,1.0,0.0,0.0,0.0
620,4,1.0,4.0,0.0,0.0,0.0
49,3,2.0,209.0,0.0,0.0,0.0
293,3,2.0,209.0,0.0,0.0,0.0
570,5,2.0,209.0,0.0,0.0,0.0
50,5,5.0,,0.0,0.0,0.0
401,2,5.0,,0.0,0.0,0.0
51,3,,1.0,0.0,0.0,0.0
51,3,,4.0,0.0,0.0,0.0
52,2,1.0,209.0,0.0,0.0,0.0
144,1,1.0,209.0,0.0,0.0,0.0
400,5,1.0,209.0,0.0,0.0,0.0
668,4,1.0,209.0,0.0,0.0,0.0
921,4,1.0,209.0,0.0,0.0,0.0
53,3,4.0,1.0,0.0,0.0,0.0
53,3,4.0,4.0,0.0,0.0,0.0
199,5,4.0,1.0,0.0,0.0,0.0
199,5,4.0,4.0,0.0,0.0,0.0
355,5,4.0,1.0,0.0,0.0,0.0
355,5,4.0,4.0,0.0,0.0,0.0
54,4,5.0,,69.0,0.0,0.0
829,2,5.0,,69.0,0.0,0.0
55,2,1.0,1.0,0.0,0.0,0.0
55,2,1.0,4.0,0.0,0.0,0.0
56,2,4.0,209.0,80.0,0.0,0.0
101,1,4.0,209.0,80.0,0.0,0.0
169,3,4.0,209.0,80.0,0.0,0.0
57,2,,1.0,0.0,0.0,0.0
57,2,,4.0,0.0,0.0,0.0
252,2,,1.0,0.0,0.0,0.0
252,2,,4.0,0.0,0.0,0.0
523,5,,1.0,0.0,0.0,0.0
523,5,,4.0,0.0,0.0,0.0
58,4,,209.0,50.0,0.0,0.0
59,2,2.0,1.0,0.0,0.0,0.0
59,2,2.0,4.0,0.0,0.0,0.0
60,3,4.0,1.0,45.0,0.0,0.0
60,3,4.0,4.0,45.0,0.0,0.0
61,3,4.0,209.0,48.0,0.0,0.0
62,4,5.0,1.0,0.0,0.0,0.0
62,4,5.0,4.0,0.0,0.0,0.0
63,3,5.0,,40.0,0.0,0.0
64,2,5.0,1.0,0.0,0.0,0.0
64,2,5.0,4.0,0.0,0.0,0.0
897,4,5.0,1.0,0.0,0.0,0.0
897,4,5.0,4.0,0.0,0.0,0.0
65,1,4.0,209.0,88.0,428.48,37706.240000000005
814,1,4.0,209.0,88.0,428.48,37706.240000000005
986,4,4.0,209.0,88.0,428.48,37706.240000000005
66,1,4.0,1.0,0.0,0.0,0.0
66,1,4.0,4.0,0.0,0.0,0.0
215,1,4.0,1.0,0.0,0.0,0.0
215,1,4.0,4.0,0.0,0.0,0.0
622,2,4.0,1.0,0.0,0.0,0.0
622,2,4.0,4.0,0.0,0.0,0.0
67,2,2.0,,0.0,59.31,0.0
521,1,2.0,,0.0,59.31,0.0
68,1,4.0,,94.0,0.0,0.0
211,3,4.0,,94.0,0.0,0.0
749,4,4.0,,94.0,0.0,0.0
69,3,5.0,209.0,69.0,0.0,0.0
70,5,,1.0,0.0,0.0,0.0
70,5,,4.0,0.0,0.0,0.0
877,3,,1.0,0.0,0.0,0.0
877,3,,4.0,0.0,0.0,0.0
71,1,,1.0,0.0,0.0,0.0
71,1,,4.0,0.0,0.0,0.0
72,1,5.0,,0.0,0.0,0.0
73,4,2.0,,0.0,0.0,0.0
705,2,2.0,,0.0,0.0,0.0
74,1,1.0,33.0,0.0,339.45,0.0
445,5,1.0,33.0,0.0,339.45,0.0
75,3,4.0,,84.0,0.0,0.0
349,5,4.0,,84.0,0.0,0.0
885,1,4.0,,84.0,0.0,0.0
76,4,5.0,,0.0,0.0,0.0
916,3,5.0,,0.0,0.0,0.0
77,4,2.0,209.0,31.0,296.43,9189.33
78,4,4.0,209.0,0.0,0.0,0.0
385,2,4.0,209.0,0.0,0.0,0.0
643,5,4.0,209.0,0.0,0.0,0.0
79,3,1.0,1.0,0.0,0.0,0.0
79,3,1.0,4.0,0.0,0.0,0.0
485,5,1.0,1.0,0.0,0.0,0.0
485,5,1.0,4.0,0.0,0.0,0.0
80,5,1.0,1.0,0.0,0.0,0.0
80,5,1.0,4.0,0.0,0.0,0.0
81,4,1.0,209.0,60.0,0.0,0.0
316,5,1.0,209.0,60.0,0.0,0.0
82,3,1.0,209.0,0.0,0.0,0.0
83,5,4.0,1.0,93.0,483.11,44929.23
83,5,4.0,4.0,93.0,483.11,44929.23
84,4,2.0,,2.0,0.0,0.0
449,4,2.0,,2.0,0.0,0.0
612,5,2.0,,2.0,0.0,0.0
85,3,1.0,1.0,0.0,0.0,0.0
85,3,1.0,4.0,0.0,0.0,0.0
86,2,4.0,1.0,0.0,0.0,0.0
86,2,4.0,4.0,0.0,0.0,0.0
87,5,5.0,209.0,89.0,0.0,0.0
88,5,5.0,1.0,0.0,351.48,0.0
88,5,5.0,4.0,0.0,351.48,0.0
89,2,,1.0,0.0,0.0,0.0
89,2,,4.0,0.0,0.0,0.0
289,2,,1.0,0.0,0.0,0.0
289,2,,4.0,0.0,0.0,0.0
322,5,,1.0,0.0,0.0,0.0
322,5,,4.0,0.0,0.0,0.0
90,2,5.0,,67.0,0.0,0.0
91,2,5.0,1.0,0.0,0.0,0.0
91,2,5.0,4.0,0.0,0.0,0.0
160,1,5.0,1.0,0.0,0.0,0.0
160,1,5.0,4.0,0.0,0.0,0.0
994,3,5.0,1.0,0.0,0.0,0.0
994,3,5.0,4.0,0.0,0.0,0.0
92,4,1.0,209.0,0.0,188.09,0.0
98,3,1.0,209.0,0.0,188.09,0.0
676,3,1.0,209.0,0.0,188.09,0.0
93,2,4.0,209.0,10.0,120.48,1204.8
94,3,,209.0,86.0,0.0,0.0
95,4,2.0,1.0,47.0,0.0,0.0
95,4,2.0,4.0,47.0,0.0,0.0
96,3,,1.0,0.0,406.22,0.0
96,3,,4.0,0.0,406.22,0.0
97,1,2.0,209.0,0.0,0.0,0.0
524,1,2.0,209.0,0.0,0.0,0.0
92,4,2.0,1.0,55.0,0.0,0.0
92,4,2.0,4.0,55.0,0.0,0.0
98,3,2.0,1.0,55.0,0.0,0.0
98,3,2.0,4.0,55.0,0.0,0.0
676,3,2.0,1.0,55.0,0.0,0.0
676,3,2.0,4.0,55.0,0.0,0.0
99,2,5.0,1.0,0.0,0.0,0.0
99,2,5.0,4.0,0.0,0.0,0.0
100,4,1.0,209.0,16.0,0.0,0.0
56,2,,209.0,60.0,0.0,0.0
101,1,,209.0,60.0,0.0,0.0
169,3,,209.0,60.0,0.0,0.0
102,3,5.0,1.0,0.0,0.0,0.0
102,3,5.0,4.0,0.0,0.0,0.0
103,2,5.0,1.0,50.0,0.0,0.0
103,2,5.0,4.0,50.0,0.0,0.0
559,3,5.0,1.0,50.0,0.0,0.0
559,3,5.0,4.0,50.0,0.0,0.0
104,3,4.0,209.0,72.0,296.01,21312.72
295,5,4.0,209.0,72.0,296.01,21312.72
105,4,1.0,1.0,0.0,0.0,0.0
105,4,1.0,4.0,0.0,0.0,0.0
193,3,1.0,1.0,0.0,0.0,0.0
193,3,1.0,4.0,0.0,0.0,0.0
290,5,1.0,1.0,0.0,0.0,0.0
290,5,1.0,4.0,0.0,0.0,0.0
473,1,1.0,1.0,0.0,0.0,0.0
473,1,1.0,4.0,0.0,0.0,0.0
27,2,5.0,1.0,0.0,0.0,0.0
27,2,5.0,4.0,0.0,0.0,0.0
106,1,5.0,1.0,0.0,0.0,0.0
106,1,5.0,4.0,0.0,0.0,0.0
534,4,5.0,1.0,0.0,0.0,0.0
534,4,5.0,4.0,0.0,0.0,0.0
107,2,,209.0,0.0,0.0,0.0
108,5,5.0,209.0,0.0,0.0,0.0
901,2,5.0,209.0,0.0,0.0,0.0
109,2,5.0,1.0,0.0,0.0,0.0
109,2,5.0,4.0,0.0,0.0,0.0
762,3,5.0,1.0,0.0,0.0,0.0
762,3,5.0,4.0,0.0,0.0,0.0
110,1,4.0,201.0,83.0,388.34,32232.219999999998
934,1,4.0,201.0,83.0,388.34,32232.219999999998
111,5,2.0,209.0,12.0,0.0,0.0
112,3,4.0,209.0,0.0,13.64,0.0
113,2,2.0,1.0,0.0,0.0,0.0
113,2,2.0,4.0,0.0,0.0,0.0
183,2,2.0,1.0,0.0,0.0,0.0
183,2,2.0,4.0,0.0,0.0,0.0
530,1,2.0,1.0,0.0,0.0,0.0
530,1,2.0,4.0,0.0,0.0,0.0
835,2,2.0,1.0,0.0,0.0,0.0
835,2,2.0,4.0,0.0,0.0,0.0
114,4,4.0,1.0,0.0,0.0,0.0
114,4,4.0,4.0,0.0,0.0,0.0
361,1,4.0,1.0,0.0,0.0,0.0
361,1,4.0,4.0,0.0,0.0,0.0
115,3,2.0,1.0,0.0,0.0,0.0
115,3,2.0,4.0,0.0,0.0,0.0
116,1,2.0,1.0,0.0,0.0,0.0
116,1,2.0,4.0,0.0,0.0,0.0
457,2,2.0,1.0,0.0,0.0,0.0
457,2,2.0,4.0,0.0,0.0,0.0
117,3,4.0,,0.0,0.0,0.0
568,4,4.0,,0.0,0.0,0.0
864,4,4.0,,0.0,0.0,0.0
48,4,,1.0,0.0,0.0,0.0
48,4,,4.0,0.0,0.0,0.0
118,3,,1.0,0.0,0.0,0.0
118,3,,4.0,0.0,0.0,0.0
620,4,,1.0,0.0,0.0,0.0
620,4,,4.0,0.0,0.0,0.0
119,3,4.0,209.0,70.0,0.0,0.0
120,5,1.0,1.0,0.0,0.0,0.0
120,5,1.0,4.0,0.0,0.0,0.0
121,5,2.0,209.0,0.0,0.0,0.0
433,2,2.0,209.0,0.0,0.0,0.0
601,3,2.0,209.0,0.0,0.0,0.0
122,1,,1.0,26.0,0.0,0.0
122,1,,4.0,26.0,0.0,0.0
123,2,,1.0,0.0,0.0,0.0
123,2,,4.0,0.0,0.0,0.0
982,1,,1.0,0.0,0.0,0.0
982,1,,4.0,0.0,0.0,0.0
124,1,1.0,1.0,82.0,0.0,0.0
124,1,1.0,4.0,82.0,0.0,0.0
125,5,1.0,209.0,0.0,0.0,0.0
799,1,1.0,209.0,0.0,0.0,0.0
917,1,1.0,209.0,0.0,0.0,0.0
126,4,,1.0,0.0,0.0,0.0
126,4,,4.0,0.0,0.0,0.0
127,2,1.0,1.0,0.0,182.6,0.0
127,2,1.0,4.0,0.0,182.6,0.0
974,2,1.0,1.0,0.0,182.6,0.0
974,2,1.0,4.0,0.0,182.6,0.0
128,3,2.0,1.0,0.0,0.0,0.0
128,3,2.0,4.0,0.0,0.0,0.0
372,3,2.0,1.0,0.0,0.0,0.0
372,3,2.0,4.0,0.0,0.0,0.0
129,2,4.0,209.0,0.0,160.0,0.0
644,1,4.0,209.0,0.0,160.0,0.0
130,4,2.0,1.0,0.0,0.0,0.0
130,4,2.0,4.0,0.0,0.0,0.0
871,3,2.0,1.0,0.0,0.0,0.0
871,3,2.0,4.0,0.0,0.0,0.0
131,1,2.0,1.0,90.0,0.0,0.0
131,1,2.0,4.0,90.0,0.0,0.0
132,5,2.0,209.0,0.0,0.0,0.0
133,2,5.0,1.0,0.0,12.03,0.0
133,2,5.0,4.0,0.0,12.03,0.0
272,2,5.0,1.0,0.0,12.03,0.0
272,2,5.0,4.0,0.0,12.03,0.0
528,4,5.0,1.0,0.0,12.03,0.0
528,4,5.0,4.0,0.0,12.03,0.0
134,2,4.0,1.0,0.0,0.0,0.0
134,2,4.0,4.0,0.0,0.0,0.0
546,4,4.0,1.0,0.0,0.0,0.0
546,4,4.0,4.0,0.0,0.0,0.0
135,5,1.0,1.0,85.0,0.0,0.0
135,5,1.0,4.0,85.0,0.0,0.0
902,1,1.0,1.0,85.0,0.0,0.0
902,1,1.0,4.0,85.0,0.0,0.0
136,4,,1.0,0.0,0.0,0.0
136,4,,4.0,0.0,0.0,0.0
137,3,2.0,209.0,0.0,0.0,0.0
724,2,2.0,209.0,0.0,0.0,0.0
138,3,2.0,1.0,0.0,0.0,0.0
138,3,2.0,4.0,0.0,0.0,0.0
447,4,2.0,1.0,0.0,0.0,0.0
447,4,2.0,4.0,0.0,0.0,0.0
681,2,2.0,1.0,0.0,0.0,0.0
681,2,2.0,4.0,0.0,0.0,0.0
139,3,,1.0,0.0,0.0,0.0
139,3,,4.0,0.0,0.0,0.0
650,2,,1.0,0.0,0.0,0.0
650,2,,4.0,0.0,0.0,0.0
964,5,,1.0,0.0,0.0,0.0
964,5,,4.0,0.0,0.0,0.0
140,3,2.0,1.0,71.0,161.38,11457.98
140,3,2.0,4.0,71.0,161.38,11457.98
301,4,2.0,1.0,71.0,161.38,11457.98
301,4,2.0,4.0,71.0,161.38,11457.98
141,3,4.0,1.0,0.0,0.0,0.0
141,3,4.0,4.0,0.0,0.0,0.0
993,1,4.0,1.0,0.0,0.0,0.0
993,1,4.0,4.0,0.0,0.0,0.0
142,5,4.0,1.0,0.0,0.0,0.0
142,5,4.0,4.0,0.0,0.0,0.0
725,3,4.0,1.0,0.0,0.0,0.0
725,3,4.0,4.0,0.0,0.0,0.0
742,3,4.0,1.0,0.0,0.0,0.0
742,3,4.0,4.0,0.0,0.0,0.0
143,2,2.0,1.0,0.0,102.88,0.0
143,2,2.0,4.0,0.0,102.88,0.0
923,3,2.0,1.0,0.0,102.88,0.0
923,3,2.0,4.0,0.0,102.88,0.0
970,1,2.0,1.0,0.0,102.88,0.0
970,1,2.0,4.0,0.0,102.88,0.0
52,2,2.0,1.0,61.0,0.0,0.0
52,2,2.0,4.0,61.0,0.0,0.0
144,1,2.0,1.0,61.0,0.0,0.0
144,1,2.0,4.0,61.0,0.0,0.0
400,5,2.0,1.0,61.0,0.0,0.0
400,5,2.0,4.0,61.0,0.0,0.0
668,4,2.0,1.0,61.0,0.0,0.0
668,4,2.0,4.0,61.0,0.0,0.0
921,4,2.0,1.0,61.0,0.0,0.0
921,4,2.0,4.0,61.0,0.0,0.0
46,1,2.0,,0.0,439.88,0.0
145,1,2.0,,0.0,439.88,0.0
33,5,1.0,209.0,0.0,124.16,0.0
146,2,1.0,209.0,0.0,124.16,0.0
307,3,1.0,209.0,0.0,124.16,0.0
906,1,1.0,209.0,0.0,124.16,0.0
920,1,1.0,209.0,0.0,124.16,0.0
147,5,5.0,1.0,76.0,408.46,31042.96
147,5,5.0,4.0,76.0,408.46,31042.96
148,3,2.0,1.0,86.0,102.78,8839.08
148,3,2.0,4.0,86.0,102.78,8839.08
149,4,1.0,,52.0,0.0,0.0
150,4,4.0,1.0,0.0,169.26,0.0
150,4,4.0,4.0,0.0,169.26,0.0
575,4,4.0,1.0,0.0,169.26,0.0
575,4,4.0,4.0,0.0,169.26,0.0
913,5,4.0,1.0,0.0,169.26,0.0
913,5,4.0,4.0,0.0,169.26,0.0
151,4,1.0,1.0,0.0,0.0,0.0
151,4,1.0,4.0,0.0,0.0,0.0
271,1,1.0,1.0,0.0,0.0,0.0
271,1,1.0,4.0,0.0,0.0,0.0
558,2,1.0,1.0,0.0,0.0,0.0
558,2,1.0,4.0,0.0,0.0,0.0
152,2,5.0,1.0,60.0,267.53,16051.8
152,2,5.0,4.0,60.0,267.53,16051.8
153,3,1.0,1.0,0.0,0.0,0.0
153,3,1.0,4.0,0.0,0.0,0.0
154,2,,209.0,0.0,0.0,0.0
352,5,,209.0,0.0,0.0,0.0
155,4,,209.0,0.0,421.24,0.0
744,5,,209.0,0.0,421.24,0.0
156,4,5.0,209.0,60.0,0.0,0.0
157,4,5.0,209.0,0.0,352.97,0.0
768,4,5.0,209.0,0.0,352.97,0.0
158,1,2.0,1.0,97.0,0.0,0.0
158,1,2.0,4.0,97.0,0.0,0.0
204,1,2.0,1.0,97.0,0.0,0.0
204,1,2.0,4.0,97.0,0.0,0.0
430,3,2.0,1.0,97.0,0.0,0.0
430,3,2.0,4.0,97.0,0.0,0.0
718,4,2.0,1.0,97.0,0.0,0.0
718,4,2.0,4.0,97.0,0.0,0.0
159,1,4.0,1.0,0.0,0.0,0.0
159,1,4.0,4.0,0.0,0.0,0.0
91,2,4.0,209.0,75.0,0.0,0.0
160,1,4.0,209.0,75.0,0.0,0.0
994,3,4.0,209.0,75.0,0.0,0.0
161,3,1.0,1.0,0.0,0.0,0.0
161,3,1.0,4.0,0.0,0.0,0.0
162,1,5.0,209.0,0.0,464.08,0.0
357,2,5.0,209.0,0.0,464.08,0.0
434,3,5.0,209.0,0.0,464.08,0.0
163,4,5.0,209.0,76.0,0.0,0.0
164,3,2.0,209.0,26.0,70.33,1828.58
165,2,5.0,1.0,97.0,0.0,0.0
165,2,5.0,4.0,97.0,0.0,0.0
383,3,5.0,1.0,97.0,0.0,0.0
383,3,5.0,4.0,97.0,0.0,0.0
166,2,,1.0,0.0,0.0,0.0
166,2,,4.0,0.0,0.0,0.0
167,5,1.0,,0.0,0.0,0.0
168,3,2.0,1.0,0.0,0.0,0.0
168,3,2.0,4.0,0.0,0.0,0.0
240,4,2.0,1.0,0.0,0.0,0.0
240,4,2.0,4.0,0.0,0.0,0.0
56,2,2.0,209.0,51.0,0.0,0.0
101,1,2.0,209.0,51.0,0.0,0.0
169,3,2.0,209.0,51.0,0.0,0.0
170,5,4.0,1.0,2.0,0.0,0.0
170,5,4.0,4.0,2.0,0.0,0.0
245,1,4.0,1.0,2.0,0.0,0.0
245,1,4.0,4.0,2.0,0.0,0.0
171,4,2.0,1.0,0.0,0.0,0.0
171,4,2.0,4.0,0.0,0.0,0.0
667,4,2.0,1.0,0.0,0.0,0.0
667,4,2.0,4.0,0.0,0.0,0.0
172,5,1.0,1.0,9.0,495.33,4457.97
172,5,1.0,4.0,9.0,495.33,4457.97
787,1,1.0,1.0,9.0,495.33,4457.97
787,1,1.0,4.0,9.0,495.33,4457.97
173,2,5.0,,0.0,0.0,0.0
321,5,5.0,,0.0,0.0,0.0
883,3,5.0,,0.0,0.0,0.0
174,4,1.0,1.0,0.0,0.0,0.0
174,4,1.0,4.0,0.0,0.0,0.0
461,4,1.0,1.0,0.0,0.0,0.0
461,4,1.0,4.0,0.0,0.0,0.0
4,2,2.0,1.0,0.0,0.0,0.0
4,2,2.0,4.0,0.0,0.0,0.0
175,5,2.0,1.0,0.0,0.0,0.0
175,5,2.0,4.0,0.0,0.0,0.0
176,2,4.0,1.0,0.0,0.0,0.0
176,2,4.0,4.0,0.0,0.0,0.0
597,3,4.0,1.0,0.0,0.0,0.0
597,3,4.0,4.0,0.0,0.0,0.0
177,2,2.0,209.0,99.0,0.0,0.0
812,2,2.0,209.0,99.0,0.0,0.0
178,5,,209.0,0.0,389.85,0.0
363,2,,209.0,0.0,389.85,0.0
367,1,,209.0,0.0,389.85,0.0
731,4,,209.0,0.0,389.85,0.0
37,5,1.0,209.0,0.0,0.0,0.0
179,5,1.0,209.0,0.0,0.0,0.0
247,5,1.0,209.0,0.0,0.0,0.0
180,3,5.0,209.0,0.0,0.0,0.0
424,1,5.0,209.0,0.0,0.0,0.0
730,4,5.0,209.0,0.0,0.0,0.0
886,5,5.0,209.0,0.0,0.0,0.0
181,5,,1.0,0.0,0.0,0.0
181,5,,4.0,0.0,0.0,0.0
983,2,,1.0,0.0,0.0,0.0
983,2,,4.0,0.0,0.0,0.0
182,4,2.0,1.0,0.0,0.0,0.0
182,4,2.0,4.0,0.0,0.0,0.0
708,2,2.0,1.0,0.0,0.0,0.0
708,2,2.0,4.0,0.0,0.0,0.0
113,2,2.0,209.0,0.0,0.0,0.0
183,2,2.0,209.0,0.0,0.0,0.0
530,1,2.0,209.0,0.0,0.0,0.0
835,2,2.0,209.0,0.0,0.0,0.0
184,1,1.0,251.0,0.0,308.15,0.0
337,4,1.0,251.0,0.0,308.15,0.0
185,2,4.0,1.0,39.0,0.0,0.0
185,2,4.0,4.0,39.0,0.0,0.0
410,1,4.0,1.0,39.0,0.0,0.0
410,1,4.0,4.0,39.0,0.0,0.0
186,4,2.0,209.0,0.0,0.0,0.0
187,1,1.0,209.0,95.0,0.0,0.0
291,5,1.0,209.0,95.0,0.0,0.0
188,2,2.0,1.0,0.0,0.0,0.0
188,2,2.0,4.0,0.0,0.0,0.0
699,4,2.0,1.0,0.0,0.0,0.0
699,4,2.0,4.0,0.0,0.0,0.0
189,3,2.0,1.0,68.0,0.0,0.0
189,3,2.0,4.0,68.0,0.0,0.0
190,4,,1.0,0.0,0.0,0.0
190,4,,4.0,0.0,0.0,0.0
501,4,,1.0,0.0,0.0,0.0
501,4,,4.0,0.0,0.0,0.0
191,1,,1.0,0.0,0.0,0.0
191,1,,4.0,0.0,0.0,0.0
686,5,,1.0,0.0,0.0,0.0
686,5,,4.0,0.0,0.0,0.0
192,1,2.0,1.0,0.0,0.0,0.0
192,1,2.0,4.0,0.0,0.0,0.0
872,2,2.0,1.0,0.0,0.0,0.0
872,2,2.0,4.0,0.0,0.0,0.0
944,4,2.0,1.0,0.0,0.0,0.0
944,4,2.0,4.0,0.0,0.0,0.0
105,4,,209.0,75.0,0.0,0.0
193,3,,209.0,75.0,0.0,0.0
290,5,,209.0,75.0,0.0,0.0
473,1,,209.0,75.0,0.0,0.0
194,5,1.0,,48.0,0.0,0.0
340,2,1.0,,48.0,0.0,0.0
195,5,,1.0,95.0,0.0,0.0
195,5,,4.0,95.0,0.0,0.0
196,5,5.0,308.0,0.0,0.0,0.0
197,5,,209.0,0.0,0.0,0.0
198,2,2.0,209.0,60.0,432.2,25932.0
53,3,,209.0,0.0,0.0,0.0
199,5,,209.0,0.0,0.0,0.0
355,5,,209.0,0.0,0.0,0.0
200,1,,67.0,73.0,107.57,7852.61
234,2,,67.0,73.0,107.57,7852.61
201,1,5.0,1.0,97.0,0.0,0.0
201,1,5.0,4.0,97.0,0.0,0.0
202,5,,209.0,0.0,0.0,0.0
203,3,,1.0,0.0,0.0,0.0
203,3,,4.0,0.0,0.0,0.0
158,1,,209.0,0.0,0.0,0.0
204,1,,209.0,0.0,0.0,0.0
430,3,,209.0,0.0,0.0,0.0
718,4,,209.0,0.0,0.0,0.0
205,5,,209.0,0.0,55.33,0.0
44,1,4.0,1.0,0.0,160.93,0.0
44,1,4.0,4.0,0.0,160.93,0.0
206,5,4.0,1.0,0.0,160.93,0.0
206,5,4.0,4.0,0.0,160.93,0.0
207,4,2.0,209.0,0.0,215.79,0.0
419,1,2.0,209.0,0.0,215.79,0.0
208,1,,1.0,0.0,0.0,0.0
208,1,,4.0,0.0,0.0,0.0
209,1,2.0,1.0,0.0,350.22,0.0
209,1,2.0,4.0,0.0,350.22,0.0
631,4,2.0,1.0,0.0,350.22,0.0
631,4,2.0,4.0,0.0,350.22,0.0
694,2,2.0,1.0,0.0,350.22,0.0
694,2,2.0,4.0,0.0,350.22,0.0
210,1,4.0,209.0,0.0,0.0,0.0
68,1,5.0,1.0,0.0,365.13,0.0
68,1,5.0,4.0,0.0,365.13,0.0
211,3,5.0,1.0,0.0,365.13,0.0
211,3,5.0,4.0,0.0,365.13,0.0
749,4,5.0,1.0,0.0,365.13,0.0
749,4,5.0,4.0,0.0,365.13,0.0
212,1,1.0,,74.0,0.0,0.0
990,5,1.0,,74.0,0.0,0.0
213,5,,209.0,45.0,0.0,0.0
214,3,1.0,1.0,0.0,0.0,0.0
214,3,1.0,4.0,0.0,0.0,0.0
875,1,1.0,1.0,0.0,0.0,0.0
875,1,1.0,4.0,0.0,0.0,0.0
66,1,1.0,1.0,0.0,0.0,0.0
66,1,1.0,4.0,0.0,0.0,0.0
215,1,1.0,1.0,0.0,0.0,0.0
215,1,1.0,4.0,0.0,0.0,0.0
622,2,1.0,1.0,0.0,0.0,0.0
622,2,1.0,4.0,0.0,0.0,0.0
216,5,1.0,1.0,0.0,118.45,0.0
216,5,1.0,4.0,0.0,118.45,0.0
646,1,1.0,1.0,0.0,118.45,0.0
646,1,1.0,4.0,0.0,118.45,0.0
766,4,1.0,1.0,0.0,118.45,0.0
766,4,1.0,4.0,0.0,118.45,0.0
217,5,1.0,209.0,0.0,0.0,0.0
218,2,2.0,209.0,0.0,0.0,0.0
237,1,2.0,209.0,0.0,0.0,0.0
436,5,2.0,209.0,0.0,0.0,0.0
219,3,2.0,1.0,0.0,0.0,0.0
219,3,2.0,4.0,0.0,0.0,0.0
220,2,4.0,1.0,0.0,292.14,0.0
220,2,4.0,4.0,0.0,292.14,0.0
221,2,,209.0,0.0,0.0,0.0
697,4,,209.0,0.0,0.0,0.0
222,5,5.0,1.0,0.0,0.0,0.0
222,5,5.0,4.0,0.0,0.0,0.0
223,2,4.0,1.0,0.0,0.0,0.0
223,2,4.0,4.0,0.0,0.0,0.0
224,4,2.0,1.0,68.0,0.0,0.0
224,4,2.0,4.0,68.0,0.0,0.0
497,3,2.0,1.0,68.0,0.0,0.0
497,3,2.0,4.0,68.0,0.0,0.0
786,5,2.0,1.0,68.0,0.0,0.0
786,5,2.0,4.0,68.0,0.0,0.0
225,4,1.0,1.0,0.0,0.0,0.0
225,4,1.0,4.0,0.0,0.0,0.0
226,3,1.0,209.0,0.0,0.0,0.0
860,1,1.0,209.0,0.0,0.0,0.0
932,5,1.0,209.0,0.0,0.0,0.0
227,2,,1.0,0.0,0.0,0.0
227,2,,4.0,0.0,0.0,0.0
451,3,,1.0,0.0,0.0,0.0
451,3,,4.0,0.0,0.0,0.0
615,5,,1.0,0.0,0.0,0.0
615,5,,4.0,0.0,0.0,0.0
228,3,1.0,1.0,35.0,0.0,0.0
228,3,1.0,4.0,35.0,0.0,0.0
229,5,5.0,1.0,0.0,0.0,0.0
229,5,5.0,4.0,0.0,0.0,0.0
388,5,5.0,1.0,0.0,0.0,0.0
388,5,5.0,4.0,0.0,0.0,0.0
230,2,1.0,1.0,30.0,125.04,3751.2000000000003
230,2,1.0,4.0,30.0,125.04,3751.2000000000003
231,2,4.0,209.0,0.0,0.0,0.0
232,5,,1.0,0.0,0.0,0.0
232,5,,4.0,0.0,0.0,0.0
319,4,,1.0,0.0,0.0,0.0
319,4,,4.0,0.0,0.0,0.0
233,1,1.0,1.0,0.0,0.0,0.0
233,1,1.0,4.0,0.0,0.0,0.0
200,1,,1.0,0.0,0.0,0.0
200,1,,4.0,0.0,0.0,0.0
234,2,,1.0,0.0,0.0,0.0
234,2,,4.0,0.0,0.0,0.0
235,4,5.0,209.0,0.0,0.0,0.0
238,4,5.0,209.0,0.0,0.0,0.0
458,5,5.0,209.0,0.0,0.0,0.0
778,5,5.0,209.0,0.0,0.0,0.0
788,3,5.0,209.0,0.0,0.0,0.0
236,2,,209.0,0.0,0.0,0.0
382,2,,209.0,0.0,0.0,0.0
548,1,,209.0,0.0,0.0,0.0
869,5,,209.0,0.0,0.0,0.0
218,2,2.0,1.0,55.0,0.0,0.0
218,2,2.0,4.0,55.0,0.0,0.0
237,1,2.0,1.0,55.0,0.0,0.0
237,1,2.0,4.0,55.0,0.0,0.0
436,5,2.0,1.0,55.0,0.0,0.0
436,5,2.0,4.0,55.0,0.0,0.0
235,4,1.0,1.0,0.0,0.0,0.0
235,4,1.0,4.0,0.0,0.0,0.0
238,4,1.0,1.0,0.0,0.0,0.0
238,4,1.0,4.0,0.0,0.0,0.0
458,5,1.0,1.0,0.0,0.0,0.0
458,5,1.0,4.0,0.0,0.0,0.0
778,5,1.0,1.0,0.0,0.0,0.0
778,5,1.0,4.0,0.0,0.0,0.0
788,3,1.0,1.0,0.0,0.0,0.0
788,3,1.0,4.0,0.0,0.0,0.0
239,1,1.0,1.0,91.0,0.0,0.0
239,1,1.0,4.0,91.0,0.0,0.0
242,2,1.0,1.0,91.0,0.0,0.0
242,2,1.0,4.0,91.0,0.0,0.0
168,3,1.0,1.0,46.0,0.0,0.0
168,3,1.0,4.0,46.0,0.0,0.0
240,4,1.0,1.0,46.0,0.0,0.0
240,4,1.0,4.0,46.0,0.0,0.0
241,3,2.0,209.0,20.0,0.0,0.0
239,1,4.0,209.0,39.0,0.0,0.0
242,2,4.0,209.0,39.0,0.0,0.0
243,1,4.0,209.0,0.0,55.95,0.0
332,5,4.0,209.0,0.0,55.95,0.0
244,4,,1.0,0.0,0.0,0.0
244,4,,4.0,0.0,0.0,0.0
467,4,,1.0,0.0,0.0,0.0
467,4,,4.0,0.0,0.0,0.0
170,5,4.0,209.0,0.0,0.0,0.0
245,1,4.0,209.0,0.0,0.0,0.0
246,2,4.0,1.0,0.0,0.0,0.0
246,2,4.0,4.0,0.0,0.0,0.0
37,5,4.0,209.0,65.0,0.0,0.0
179,5,4.0,209.0,65.0,0.0,0.0
247,5,4.0,209.0,65.0,0.0,0.0
248,5,,1.0,80.0,0.0,0.0
248,5,,4.0,80.0,0.0,0.0
249,5,1.0,1.0,29.0,0.0,0.0
249,5,1.0,4.0,29.0,0.0,0.0
336,3,1.0,1.0,29.0,0.0,0.0
336,3,1.0,4.0,29.0,0.0,0.0
531,4,1.0,1.0,29.0,0.0,0.0
531,4,1.0,4.0,29.0,0.0,0.0
873,4,1.0,1.0,29.0,0.0,0.0
873,4,1.0,4.0,29.0,0.0,0.0
250,3,,1.0,27.0,0.0,0.0
250,3,,4.0,27.0,0.0,0.0
341,3,,1.0,27.0,0.0,0.0
341,3,,4.0,27.0,0.0,0.0
538,5,,1.0,27.0,0.0,0.0
538,5,,4.0,27.0,0.0,0.0
251,3,1.0,209.0,59.0,0.0,0.0
57,2,5.0,209.0,0.0,0.0,0.0
252,2,5.0,209.0,0.0,0.0,0.0
523,5,5.0,209.0,0.0,0.0,0.0
253,5,,209.0,0.0,0.0,0.0
254,5,,209.0,0.0,0.0,0.0
441,4,,209.0,0.0,0.0,0.0
867,4,,209.0,0.0,0.0,0.0
255,1,4.0,209.0,0.0,0.0,0.0
669,2,4.0,209.0,0.0,0.0,0.0
256,1,,,0.0,0.0,0.0
582,1,,,0.0,0.0,0.0
257,4,,1.0,0.0,0.0,0.0
257,4,,4.0,0.0,0.0,0.0
258,1,1.0,1.0,4.0,0.0,0.0
258,1,1.0,4.0,4.0,0.0,0.0
294,5,1.0,1.0,4.0,0.0,0.0
294,5,1.0,4.0,4.0,0.0,0.0
259,1,,209.0,0.0,0.0,0.0
260,3,2.0,209.0,0.0,60.11,0.0
370,4,2.0,209.0,0.0,60.11,0.0
763,2,2.0,209.0,0.0,60.11,0.0
261,2,2.0,209.0,0.0,0.0,0.0
929,5,2.0,209.0,0.0,0.0,0.0
262,5,2.0,209.0,0.0,0.0,0.0
263,3,1.0,1.0,12.0,0.0,0.0
263,3,1.0,4.0,12.0,0.0,0.0
264,1,,,51.0,0.0,0.0
265,3,4.0,1.0,0.0,0.0,0.0
265,3,4.0,4.0,0.0,0.0,0.0
266,3,,209.0,0.0,0.0,0.0
267,1,,209.0,0.0,0.0,0.0
268,1,5.0,1.0,0.0,0.0,0.0
268,1,5.0,4.0,0.0,0.0,0.0
269,3,2.0,1.0,0.0,0.0,0.0
269,3,2.0,4.0,0.0,0.0,0.0
938,3,2.0,1.0,0.0,0.0,0.0
938,3,2.0,4.0,0.0,0.0,0.0
270,1,4.0,209.0,0.0,0.0,0.0
151,4,1.0,1.0,89.0,0.0,0.0
151,4,1.0,4.0,89.0,0.0,0.0
271,1,1.0,1.0,89.0,0.0,0.0
271,1,1.0,4.0,89.0,0.0,0.0
558,2,1.0,1.0,89.0,0.0,0.0
558,2,1.0,4.0,89.0,0.0,0.0
133,2,,1.0,85.0,0.0,0.0
133,2,,4.0,85.0,0.0,0.0
272,2,,1.0,85.0,0.0,0.0
272,2,,4.0,85.0,0.0,0.0
528,4,,1.0,85.0,0.0,0.0
528,4,,4.0,85.0,0.0,0.0
273,5,5.0,1.0,0.0,0.0,0.0
273,5,5.0,4.0,0.0,0.0,0.0
298,1,5.0,1.0,0.0,0.0,0.0
298,1,5.0,4.0,0.0,0.0,0.0
35,2,1.0,209.0,0.0,0.0,0.0
274,5,1.0,209.0,0.0,0.0,0.0
596,4,1.0,209.0,0.0,0.0,0.0
275,5,5.0,1.0,100.0,0.0,0.0
275,5,5.0,4.0,100.0,0.0,0.0
522,2,5.0,1.0,100.0,0.0,0.0
522,2,5.0,4.0,100.0,0.0,0.0
276,2,,209.0,0.0,0.0,0.0
988,5,,209.0,0.0,0.0,0.0
277,2,5.0,1.0,0.0,0.0,0.0
277,2,5.0,4.0,0.0,0.0,0.0
278,1,1.0,1.0,0.0,3.52,0.0
278,1,1.0,4.0,0.0,3.52,0.0
279,4,1.0,1.0,0.0,0.0,0.0
279,4,1.0,4.0,0.0,0.0,0.0
346,5,1.0,1.0,0.0,0.0,0.0
346,5,1.0,4.0,0.0,0.0,0.0
280,1,5.0,209.0,0.0,0.0,0.0
281,2,4.0,1.0,0.0,402.54,0.0
281,2,4.0,4.0,0.0,402.54,0.0
852,5,4.0,1.0,0.0,402.54,0.0
852,5,4.0,4.0,0.0,402.54,0.0
282,3,2.0,1.0,0.0,487.36,0.0
282,3,2.0,4.0,0.0,487.36,0.0
283,1,1.0,209.0,0.0,0.0,0.0
747,3,1.0,209.0,0.0,0.0,0.0
284,3,5.0,209.0,0.0,0.0,0.0
358,3,5.0,209.0,0.0,0.0,0.0
941,4,5.0,209.0,0.0,0.0,0.0
20,3,4.0,209.0,28.0,0.0,0.0
285,1,4.0,209.0,28.0,0.0,0.0
286,1,,1.0,0.0,0.0,0.0
286,1,,4.0,0.0,0.0,0.0
287,1,4.0,209.0,0.0,0.0,0.0
444,3,4.0,209.0,0.0,0.0,0.0
579,1,4.0,209.0,0.0,0.0,0.0
288,3,1.0,1.0,0.0,0.0,0.0
288,3,1.0,4.0,0.0,0.0,0.0
800,3,1.0,1.0,0.0,0.0,0.0
800,3,1.0,4.0,0.0,0.0,0.0
89,2,5.0,1.0,0.0,0.0,0.0
89,2,5.0,4.0,0.0,0.0,0.0
289,2,5.0,1.0,0.0,0.0,0.0
289,2,5.0,4.0,0.0,0.0,0.0
322,5,5.0,1.0,0.0,0.0,0.0
322,5,5.0,4.0,0.0,0.0,0.0
105,4,,1.0,0.0,0.0,0.0
105,4,,4.0,0.0,0.0,0.0
193,3,,1.0,0.0,0.0,0.0
193,3,,4.0,0.0,0.0,0.0
290,5,,1.0,0.0,0.0,0.0
290,5,,4.0,0.0,0.0,0.0
473,1,,1.0,0.0,0.0,0.0
473,1,,4.0,0.0,0.0,0.0
187,1,5.0,209.0,8.0,0.0,0.0
291,5,5.0,209.0,8.0,0.0,0.0
11,2,5.0,1.0,0.0,0.0,0.0
11,2,5.0,4.0,0.0,0.0,0.0
292,5,5.0,1.0,0.0,0.0,0.0
292,5,5.0,4.0,0.0,0.0,0.0
49,3,,,89.0,0.0,0.0
293,3,,,89.0,0.0,0.0
570,5,,,89.0,0.0,0.0
258,1,,209.0,54.0,0.0,0.0
294,5,,209.0,54.0,0.0,0.0
104,3,5.0,209.0,5.0,0.0,0.0
295,5,5.0,209.0,5.0,0.0,0.0
296,2,2.0,1.0,1.0,0.0,0.0
296,2,2.0,4.0,1.0,0.0,0.0
297,2,2.0,97.0,48.0,0.0,0.0
273,5,5.0,209.0,0.0,0.0,0.0
298,1,5.0,209.0,0.0,0.0,0.0
299,1,2.0,1.0,0.0,339.52,0.0
299,1,2.0,4.0,0.0,339.52,0.0
300,3,2.0,1.0,0.0,0.0,0.0
300,3,2.0,4.0,0.0,0.0,0.0
140,3,1.0,209.0,0.0,0.0,0.0
301,4,1.0,209.0,0.0,0.0,0.0
302,4,1.0,209.0,0.0,180.86,0.0
806,1,1.0,209.0,0.0,180.86,0.0
303,3,5.0,1.0,0.0,89.77,0.0
303,3,5.0,4.0,0.0,89.77,0.0
304,2,4.0,209.0,0.0,326.44,0.0
305,3,5.0,1.0,0.0,0.0,0.0
305,3,5.0,4.0,0.0,0.0,0.0
306,5,5.0,209.0,0.0,0.0,0.0
431,4,5.0,209.0,0.0,0.0,0.0
33,5,4.0,209.0,7.0,0.0,0.0
146,2,4.0,209.0,7.0,0.0,0.0
307,3,4.0,209.0,7.0,0.0,0.0
906,1,4.0,209.0,7.0,0.0,0.0
920,1,4.0,209.0,7.0,0.0,0.0
308,3,1.0,209.0,38.0,365.03,13871.14
957,2,1.0,209.0,38.0,365.03,13871.14
309,5,1.0,1.0,61.0,0.0,0.0
309,5,1.0,4.0,61.0,0.0,0.0
328,3,1.0,1.0,61.0,0.0,0.0
328,3,1.0,4.0,61.0,0.0,0.0
985,4,1.0,1.0,61.0,0.0,0.0
985,4,1.0,4.0,61.0,0.0,0.0
310,4,4.0,1.0,95.0,0.0,0.0
310,4,4.0,4.0,95.0,0.0,0.0
311,2,1.0,1.0,34.0,320.02,10880.68
311,2,1.0,4.0,34.0,320.02,10880.68
312,5,5.0,,0.0,0.0,0.0
409,4,5.0,,0.0,0.0,0.0
313,1,2.0,1.0,0.0,0.0,0.0
313,1,2.0,4.0,0.0,0.0,0.0
314,1,4.0,1.0,0.0,336.0,0.0
314,1,4.0,4.0,0.0,336.0,0.0
315,4,4.0,209.0,0.0,0.0,0.0
657,2,4.0,209.0,0.0,0.0,0.0
678,5,4.0,209.0,0.0,0.0,0.0
960,1,4.0,209.0,0.0,0.0,0.0
81,4,2.0,209.0,53.0,0.0,0.0
316,5,2.0,209.0,53.0,0.0,0.0
317,1,,1.0,80.0,0.0,0.0
317,1,,4.0,80.0,0.0,0.0
318,4,2.0,,0.0,0.0,0.0
232,5,2.0,1.0,88.0,461.99,40655.12
232,5,2.0,4.0,88.0,461.99,40655.12
319,4,2.0,1.0,88.0,461.99,40655.12
319,4,2.0,4.0,88.0,461.99,40655.12
320,5,,209.0,0.0,0.0,0.0
366,5,,209.0,0.0,0.0,0.0
909,3,,209.0,0.0,0.0,0.0
173,2,2.0,1.0,0.0,0.0,0.0
173,2,2.0,4.0,0.0,0.0,0.0
321,5,2.0,1.0,0.0,0.0,0.0
321,5,2.0,4.0,0.0,0.0,0.0
883,3,2.0,1.0,0.0,0.0,0.0
883,3,2.0,4.0,0.0,0.0,0.0
89,2,4.0,1.0,0.0,0.0,0.0
89,2,4.0,4.0,0.0,0.0,0.0
289,2,4.0,1.0,0.0,0.0,0.0
289,2,4.0,4.0,0.0,0.0,0.0
322,5,4.0,1.0,0.0,0.0,0.0
322,5,4.0,4.0,0.0,0.0,0.0
323,4,4.0,209.0,82.0,0.0,0.0
324,1,4.0,209.0,0.0,0.0,0.0
325,4,4.0,209.0,0.0,0.0,0.0
326,3,,1.0,87.0,0.0,0.0
326,3,,4.0,87.0,0.0,0.0
327,5,,1.0,0.0,0.0,0.0
327,5,,4.0,0.0,0.0,0.0
309,5,1.0,1.0,0.0,0.0,0.0
309,5,1.0,4.0,0.0,0.0,0.0
328,3,1.0,1.0,0.0,0.0,0.0
328,3,1.0,4.0,0.0,0.0,0.0
985,4,1.0,1.0,0.0,0.0,0.0
985,4,1.0,4.0,0.0,0.0,0.0
329,4,,1.0,76.0,0.0,0.0
329,4,,4.0,76.0,0.0,0.0
839,3,,1.0,76.0,0.0,0.0
839,3,,4.0,76.0,0.0,0.0
330,1,5.0,209.0,0.0,0.0,0.0
480,2,5.0,209.0,0.0,0.0,0.0
557,2,5.0,209.0,0.0,0.0,0.0
640,1,5.0,209.0,0.0,0.0,0.0
331,1,,209.0,0.0,0.0,0.0
243,1,,1.0,0.0,0.0,0.0
243,1,,4.0,0.0,0.0,0.0
332,5,,1.0,0.0,0.0,0.0
332,5,,4.0,0.0,0.0,0.0
333,2,1.0,,15.0,0.0,0.0
659,4,1.0,,15.0,0.0,0.0
334,4,1.0,1.0,0.0,0.0,0.0
334,4,1.0,4.0,0.0,0.0,0.0
743,4,1.0,1.0,0.0,0.0,0.0
743,4,1.0,4.0,0.0,0.0,0.0
335,2,4.0,1.0,33.0,0.0,0.0
335,2,4.0,4.0,33.0,0.0,0.0
858,3,4.0,1.0,33.0,0.0,0.0
858,3,4.0,4.0,33.0,0.0,0.0
249,5,1.0,209.0,0.0,0.0,0.0
336,3,1.0,209.0,0.0,0.0,0.0
531,4,1.0,209.0,0.0,0.0,0.0
873,4,1.0,209.0,0.0,0.0,0.0
184,1,4.0,1.0,70.0,0.0,0.0
184,1,4.0,4.0,70.0,0.0,0.0
337,4,4.0,1.0,70.0,0.0,0.0
337,4,4.0,4.0,70.0,0.0,0.0
338,2,,1.0,61.0,0.0,0.0
338,2,,4.0,61.0,0.0,0.0
339,3,5.0,1.0,0.0,27.7,0.0
339,3,5.0,4.0,0.0,27.7,0.0
621,4,5.0,1.0,0.0,27.7,0.0
621,4,5.0,4.0,0.0,27.7,0.0
194,5,5.0,1.0,27.0,0.0,0.0
194,5,5.0,4.0,27.0,0.0,0.0
340,2,5.0,1.0,27.0,0.0,0.0
340,2,5.0,4.0,27.0,0.0,0.0
250,3,1.0,,0.0,0.0,0.0
341,3,1.0,,0.0,0.0,0.0
538,5,1.0,,0.0,0.0,0.0
342,5,4.0,1.0,0.0,0.0,0.0
342,5,4.0,4.0,0.0,0.0,0.0
343,3,,209.0,0.0,0.0,0.0
680,3,,209.0,0.0,0.0,0.0
914,3,,209.0,0.0,0.0,0.0
344,2,5.0,1.0,65.0,0.0,0.0
344,2,5.0,4.0,65.0,0.0,0.0
374,5,5.0,1.0,65.0,0.0,0.0
374,5,5.0,4.0,65.0,0.0,0.0
345,5,4.0,209.0,0.0,338.5,0.0
279,4,1.0,1.0,0.0,0.0,0.0
279,4,1.0,4.0,0.0,0.0,0.0
346,5,1.0,1.0,0.0,0.0,0.0
346,5,1.0,4.0,0.0,0.0,0.0
347,2,2.0,1.0,0.0,0.0,0.0
347,2,2.0,4.0,0.0,0.0,0.0
536,5,2.0,1.0,0.0,0.0,0.0
536,5,2.0,4.0,0.0,0.0,0.0
635,3,2.0,1.0,0.0,0.0,0.0
635,3,2.0,4.0,0.0,0.0,0.0
671,4,2.0,1.0,0.0,0.0,0.0
671,4,2.0,4.0,0.0,0.0,0.0
348,3,,,0.0,180.82,0.0
876,1,,,0.0,180.82,0.0
75,3,4.0,209.0,0.0,0.0,0.0
349,5,4.0,209.0,0.0,0.0,0.0
885,1,4.0,209.0,0.0,0.0,0.0
350,2,1.0,1.0,0.0,404.37,0.0
350,2,1.0,4.0,0.0,404.37,0.0
17,3,4.0,209.0,0.0,0.0,0.0
351,4,4.0,209.0,0.0,0.0,0.0
154,2,2.0,1.0,0.0,174.65,0.0
154,2,2.0,4.0,0.0,174.65,0.0
352,5,2.0,1.0,0.0,174.65,0.0
352,5,2.0,4.0,0.0,174.65,0.0
353,1,4.0,1.0,0.0,367.3,0.0
353,1,4.0,4.0,0.0,367.3,0.0
354,1,4.0,1.0,0.0,0.0,0.0
354,1,4.0,4.0,0.0,0.0,0.0
748,2,4.0,1.0,0.0,0.0,0.0
748,2,4.0,4.0,0.0,0.0,0.0
53,3,4.0,1.0,0.0,0.0,0.0
53,3,4.0,4.0,0.0,0.0,0.0
199,5,4.0,1.0,0.0,0.0,0.0
199,5,4.0,4.0,0.0,0.0,0.0
355,5,4.0,1.0,0.0,0.0,0.0
355,5,4.0,4.0,0.0,0.0,0.0
356,2,,1.0,0.0,409.29,0.0
356,2,,4.0,0.0,409.29,0.0
162,1,5.0,209.0,0.0,366.21,0.0
357,2,5.0,209.0,0.0,366.21,0.0
434,3,5.0,209.0,0.0,366.21,0.0
284,3,1.0,1.0,0.0,0.0,0.0
284,3,1.0,4.0,0.0,0.0,0.0
358,3,1.0,1.0,0.0,0.0,0.0
358,3,1.0,4.0,0.0,0.0,0.0
941,4,1.0,1.0,0.0,0.0,0.0
941,4,1.0,4.0,0.0,0.0,0.0
359,5,1.0,1.0,0.0,0.0,0.0
359,5,1.0,4.0,0.0,0.0,0.0
360,3,5.0,309.0,52.0,0.0,0.0
114,4,1.0,1.0,0.0,0.0,0.0
114,4,1.0,4.0,0.0,0.0,0.0
361,1,1.0,1.0,0.0,0.0,0.0
361,1,1.0,4.0,0.0,0.0,0.0
362,5,2.0,1.0,30.0,263.32,7899.599999999999
362,5,2.0,4.0,30.0,263.32,7899.599999999999
178,5,1.0,1.0,0.0,0.0,0.0
178,5,1.0,4.0,0.0,0.0,0.0
363,2,1.0,1.0,0.0,0.0,0.0
363,2,1.0,4.0,0.0,0.0,0.0
367,1,1.0,1.0,0.0,0.0,0.0
367,1,1.0,4.0,0.0,0.0,0.0
731,4,1.0,1.0,0.0,0.0,0.0
731,4,1.0,4.0,0.0,0.0,0.0
364,1,1.0,1.0,14.0,0.0,0.0
364,1,1.0,4.0,14.0,0.0,0.0
617,5,1.0,1.0,14.0,0.0,0.0
617,5,1.0,4.0,14.0,0.0,0.0
775,2,1.0,1.0,14.0,0.0,0.0
775,2,1.0,4.0,14.0,0.0,0.0
365,1,4.0,1.0,95.0,0.0,0.0
365,1,4.0,4.0,95.0,0.0,0.0
320,5,2.0,1.0,23.0,0.0,0.0
320,5,2.0,4.0,23.0,0.0,0.0
366,5,2.0,1.0,23.0,0.0,0.0
366,5,2.0,4.0,23.0,0.0,0.0
909,3,2.0,1.0,23.0,0.0,0.0
909,3,2.0,4.0,23.0,0.0,0.0
178,5,5.0,1.0,31.0,0.0,0.0
178,5,5.0,4.0,31.0,0.0,0.0
363,2,5.0,1.0,31.0,0.0,0.0
363,2,5.0,4.0,31.0,0.0,0.0
367,1,5.0,1.0,31.0,0.0,0.0
367,1,5.0,4.0,31.0,0.0,0.0
731,4,5.0,1.0,31.0,0.0,0.0
731,4,5.0,4.0,31.0,0.0,0.0
368,5,4.0,1.0,28.0,0.0,0.0
368,5,4.0,4.0,28.0,0.0,0.0
450,1,4.0,1.0,28.0,0.0,0.0
450,1,4.0,4.0,28.0,0.0,0.0
848,2,4.0,1.0,28.0,0.0,0.0
848,2,4.0,4.0,28.0,0.0,0.0
369,1,5.0,199.0,8.0,464.09,3712.72
677,4,5.0,199.0,8.0,464.09,3712.72
260,3,2.0,209.0,0.0,0.0,0.0
370,4,2.0,209.0,0.0,0.0,0.0
763,2,2.0,209.0,0.0,0.0,0.0
371,2,1.0,1.0,0.0,156.54,0.0
371,2,1.0,4.0,0.0,156.54,0.0
641,3,1.0,1.0,0.0,156.54,0.0
641,3,1.0,4.0,0.0,156.54,0.0
128,3,1.0,1.0,0.0,0.0,0.0
128,3,1.0,4.0,0.0,0.0,0.0
372,3,1.0,1.0,0.0,0.0,0.0
372,3,1.0,4.0,0.0,0.0,0.0
373,2,,1.0,73.0,0.0,0.0
373,2,,4.0,73.0,0.0,0.0
344,2,2.0,209.0,69.0,0.0,0.0
374,5,2.0,209.0,69.0,0.0,0.0
375,5,,1.0,66.0,0.0,0.0
375,5,,4.0,66.0,0.0,0.0
376,2,5.0,209.0,0.0,0.0,0.0
625,5,5.0,209.0,0.0,0.0,0.0
377,3,,1.0,0.0,0.0,0.0
377,3,,4.0,0.0,0.0,0.0
764,5,,1.0,0.0,0.0,0.0
764,5,,4.0,0.0,0.0,0.0
378,5,1.0,,0.0,0.0,0.0
593,5,1.0,,0.0,0.0,0.0
379,3,1.0,1.0,97.0,347.75,33731.75
379,3,1.0,4.0,97.0,347.75,33731.75
712,1,1.0,1.0,97.0,347.75,33731.75
712,1,1.0,4.0,97.0,347.75,33731.75
802,1,1.0,1.0,97.0,347.75,33731.75
802,1,1.0,4.0,97.0,347.75,33731.75
380,5,,1.0,0.0,0.0,0.0
380,5,,4.0,0.0,0.0,0.0
381,5,1.0,1.0,0.0,0.0,0.0
381,5,1.0,4.0,0.0,0.0,0.0
572,1,1.0,1.0,0.0,0.0,0.0
572,1,1.0,4.0,0.0,0.0,0.0
236,2,4.0,209.0,0.0,0.0,0.0
382,2,4.0,209.0,0.0,0.0,0.0
548,1,4.0,209.0,0.0,0.0,0.0
869,5,4.0,209.0,0.0,0.0,0.0
165,2,5.0,1.0,0.0,83.97,0.0
165,2,5.0,4.0,0.0,83.97,0.0
383,3,5.0,1.0,0.0,83.97,0.0
383,3,5.0,4.0,0.0,83.97,0.0
384,3,4.0,,31.0,0.0,0.0
598,4,4.0,,31.0,0.0,0.0
604,4,4.0,,31.0,0.0,0.0
660,5,4.0,,31.0,0.0,0.0
78,4,2.0,1.0,0.0,0.0,0.0
78,4,2.0,4.0,0.0,0.0,0.0
385,2,2.0,1.0,0.0,0.0,0.0
385,2,2.0,4.0,0.0,0.0,0.0
643,5,2.0,1.0,0.0,0.0,0.0
643,5,2.0,4.0,0.0,0.0,0.0
386,3,4.0,1.0,54.0,0.0,0.0
386,3,4.0,4.0,54.0,0.0,0.0
387,2,4.0,209.0,18.0,0.0,0.0
229,5,4.0,1.0,0.0,388.46,0.0
229,5,4.0,4.0,0.0,388.46,0.0
388,5,4.0,1.0,0.0,388.46,0.0
388,5,4.0,4.0,0.0,388.46,0.0
389,1,1.0,1.0,0.0,0.0,0.0
389,1,1.0,4.0,0.0,0.0,0.0
390,1,5.0,209.0,0.0,0.0,0.0
391,4,5.0,1.0,0.0,0.0,0.0
391,4,5.0,4.0,0.0,0.0,0.0
392,4,5.0,1.0,0.0,0.0,0.0
392,4,5.0,4.0,0.0,0.0,0.0
943,2,5.0,1.0,0.0,0.0,0.0
943,2,5.0,4.0,0.0,0.0,0.0
393,4,4.0,1.0,0.0,328.69,0.0
393,4,4.0,4.0,0.0,328.69,0.0
394,3,5.0,209.0,50.0,78.58,3929.0
721,1,5.0,209.0,50.0,78.58,3929.0
395,1,1.0,303.0,0.0,0.0,0.0
642,2,1.0,303.0,0.0,0.0,0.0
396,4,2.0,1.0,0.0,0.0,0.0
396,4,2.0,4.0,0.0,0.0,0.0
438,4,2.0,1.0,0.0,0.0,0.0
438,4,2.0,4.0,0.0,0.0,0.0
397,3,1.0,1.0,0.0,102.7,0.0
397,3,1.0,4.0,0.0,102.7,0.0
606,4,1.0,1.0,0.0,102.7,0.0
606,4,1.0,4.0,0.0,102.7,0.0
398,1,2.0,209.0,100.0,0.0,0.0
399,2,1.0,1.0,0.0,0.0,0.0
399,2,1.0,4.0,0.0,0.0,0.0
637,3,1.0,1.0,0.0,0.0,0.0
637,3,1.0,4.0,0.0,0.0,0.0
52,2,5.0,209.0,0.0,0.0,0.0
144,1,5.0,209.0,0.0,0.0,0.0
400,5,5.0,209.0,0.0,0.0,0.0
668,4,5.0,209.0,0.0,0.0,0.0
921,4,5.0,209.0,0.0,0.0,0.0
50,5,4.0,1.0,0.0,0.0,0.0
50,5,4.0,4.0,0.0,0.0,0.0
401,2,4.0,1.0,0.0,0.0,0.0
401,2,4.0,4.0,0.0,0.0,0.0
402,5,4.0,209.0,0.0,217.65,0.0
618,2,4.0,209.0,0.0,217.65,0.0
403,2,5.0,1.0,0.0,223.38,0.0
403,2,5.0,4.0,0.0,223.38,0.0
404,4,,1.0,47.0,0.0,0.0
404,4,,4.0,47.0,0.0,0.0
498,5,,1.0,47.0,0.0,0.0
498,5,,4.0,47.0,0.0,0.0
405,2,,209.0,0.0,0.0,0.0
12,2,5.0,209.0,0.0,25.31,0.0
15,2,5.0,209.0,0.0,25.31,0.0
406,3,5.0,209.0,0.0,25.31,0.0
407,5,5.0,209.0,0.0,0.0,0.0
529,3,5.0,209.0,0.0,0.0,0.0
855,5,5.0,209.0,0.0,0.0,0.0
408,1,5.0,1.0,0.0,0.0,0.0
408,1,5.0,4.0,0.0,0.0,0.0
770,2,5.0,1.0,0.0,0.0,0.0
770,2,5.0,4.0,0.0,0.0,0.0
312,5,5.0,1.0,0.0,0.0,0.0
312,5,5.0,4.0,0.0,0.0,0.0
409,4,5.0,1.0,0.0,0.0,0.0
409,4,5.0,4.0,0.0,0.0,0.0
185,2,1.0,209.0,89.0,312.19,27784.91
410,1,1.0,209.0,89.0,312.19,27784.91
411,1,5.0,1.0,0.0,0.0,0.0
411,1,5.0,4.0,0.0,0.0,0.0
429,2,5.0,1.0,0.0,0.0,0.0
429,2,5.0,4.0,0.0,0.0,0.0
412,1,,1.0,0.0,0.0,0.0
412,1,,4.0,0.0,0.0,0.0
18,5,5.0,1.0,0.0,0.0,0.0
18,5,5.0,4.0,0.0,0.0,0.0
413,4,5.0,1.0,0.0,0.0,0.0
413,4,5.0,4.0,0.0,0.0,0.0
414,1,2.0,1.0,82.0,0.0,0.0
414,1,2.0,4.0,82.0,0.0,0.0
415,1,5.0,,73.0,331.69,24213.37
750,5,5.0,,73.0,331.69,24213.37
416,2,,1.0,43.0,0.0,0.0
416,2,,4.0,43.0,0.0,0.0
490,3,,1.0,43.0,0.0,0.0
490,3,,4.0,43.0,0.0,0.0
896,2,,1.0,43.0,0.0,0.0
896,2,,4.0,43.0,0.0,0.0
417,2,5.0,1.0,0.0,0.0,0.0
417,2,5.0,4.0,0.0,0.0,0.0
418,4,5.0,1.0,40.0,126.49,5059.599999999999
418,4,5.0,4.0,40.0,126.49,5059.599999999999
696,3,5.0,1.0,40.0,126.49,5059.599999999999
696,3,5.0,4.0,40.0,126.49,5059.599999999999
207,4,1.0,1.0,0.0,0.0,0.0
207,4,1.0,4.0,0.0,0.0,0.0
419,1,1.0,1.0,0.0,0.0,0.0
419,1,1.0,4.0,0.0,0.0,0.0
420,3,1.0,1.0,0.0,0.0,0.0
420,3,1.0,4.0,0.0,0.0,0.0
719,5,1.0,1.0,0.0,0.0,0.0
719,5,1.0,4.0,0.0,0.0,0.0
421,2,2.0,1.0,0.0,0.0,0.0
421,2,2.0,4.0,0.0,0.0,0.0
422,2,2.0,209.0,0.0,379.4,0.0
423,2,2.0,209.0,0.0,0.0,0.0
180,3,,,58.0,212.87,12346.460000000001
424,1,,,58.0,212.87,12346.460000000001
730,4,,,58.0,212.87,12346.460000000001
886,5,,,58.0,212.87,12346.460000000001
425,5,1.0,209.0,58.0,0.0,0.0
469,2,1.0,209.0,58.0,0.0,0.0
426,1,2.0,1.0,0.0,0.0,0.0
426,1,2.0,4.0,0.0,0.0,0.0
542,4,2.0,1.0,0.0,0.0,0.0
542,4,2.0,4.0,0.0,0.0,0.0
427,2,5.0,1.0,0.0,0.0,0.0
427,2,5.0,4.0,0.0,0.0,0.0
428,5,,1.0,95.0,0.0,0.0
428,5,,4.0,95.0,0.0,0.0
411,1,1.0,33.0,69.0,0.0,0.0
429,2,1.0,33.0,69.0,0.0,0.0
158,1,5.0,,0.0,0.0,0.0
204,1,5.0,,0.0,0.0,0.0
430,3,5.0,,0.0,0.0,0.0
718,4,5.0,,0.0,0.0,0.0
306,5,2.0,1.0,0.0,0.0,0.0
306,5,2.0,4.0,0.0,0.0,0.0
431,4,2.0,1.0,0.0,0.0,0.0
431,4,2.0,4.0,0.0,0.0,0.0
432,4,2.0,209.0,0.0,100.56,0.0
533,1,2.0,209.0,0.0,100.56,0.0
121,5,2.0,209.0,5.0,0.0,0.0
433,2,2.0,209.0,5.0,0.0,0.0
601,3,2.0,209.0,5.0,0.0,0.0
162,1,,1.0,0.0,0.0,0.0
162,1,,4.0,0.0,0.0,0.0
357,2,,1.0,0.0,0.0,0.0
357,2,,4.0,0.0,0.0,0.0
434,3,,1.0,0.0,0.0,0.0
434,3,,4.0,0.0,0.0,0.0
435,4,5.0,1.0,7.0,0.0,0.0
435,4,5.0,4.0,7.0,0.0,0.0
218,2,2.0,209.0,78.0,0.0,0.0
237,1,2.0,209.0,78.0,0.0,0.0
436,5,2.0,209.0,78.0,0.0,0.0
437,1,4.0,209.0,0.0,0.0,0.0
396,4,4.0,,0.0,0.0,0.0
438,4,4.0,,0.0,0.0,0.0
439,3,5.0,1.0,0.0,133.77,0.0
439,3,5.0,4.0,0.0,133.77,0.0
440,1,1.0,1.0,0.0,0.0,0.0
440,1,1.0,4.0,0.0,0.0,0.0
254,5,5.0,1.0,0.0,0.0,0.0
254,5,5.0,4.0,0.0,0.0,0.0
441,4,5.0,1.0,0.0,0.0,0.0
441,4,5.0,4.0,0.0,0.0,0.0
867,4,5.0,1.0,0.0,0.0,0.0
867,4,5.0,4.0,0.0,0.0,0.0
442,3,1.0,1.0,0.0,0.0,0.0
442,3,1.0,4.0,0.0,0.0,0.0
459,5,1.0,1.0,0.0,0.0,0.0
459,5,1.0,4.0,0.0,0.0,0.0
561,3,1.0,1.0,0.0,0.0,0.0
561,3,1.0,4.0,0.0,0.0,0.0
630,1,1.0,1.0,0.0,0.0,0.0
630,1,1.0,4.0,0.0,0.0,0.0
443,2,5.0,1.0,74.0,0.0,0.0
443,2,5.0,4.0,74.0,0.0,0.0
287,1,1.0,1.0,59.0,0.0,0.0
287,1,1.0,4.0,59.0,0.0,0.0
444,3,1.0,1.0,59.0,0.0,0.0
444,3,1.0,4.0,59.0,0.0,0.0
579,1,1.0,1.0,59.0,0.0,0.0
579,1,1.0,4.0,59.0,0.0,0.0
74,1,,209.0,0.0,0.0,0.0
445,5,,209.0,0.0,0.0,0.0
446,3,1.0,,0.0,0.0,0.0
884,3,1.0,,0.0,0.0,0.0
138,3,2.0,1.0,59.0,18.93,1116.87
138,3,2.0,4.0,59.0,18.93,1116.87
447,4,2.0,1.0,59.0,18.93,1116.87
447,4,2.0,4.0,59.0,18.93,1116.87
681,2,2.0,1.0,59.0,18.93,1116.87
681,2,2.0,4.0,59.0,18.93,1116.87
448,1,,,0.0,0.0,0.0
771,2,,,0.0,0.0,0.0
84,4,5.0,1.0,0.0,47.9,0.0
84,4,5.0,4.0,0.0,47.9,0.0
449,4,5.0,1.0,0.0,47.9,0.0
449,4,5.0,4.0,0.0,47.9,0.0
612,5,5.0,1.0,0.0,47.9,0.0
612,5,5.0,4.0,0.0,47.9,0.0
368,5,1.0,1.0,0.0,0.0,0.0
368,5,1.0,4.0,0.0,0.0,0.0
450,1,1.0,1.0,0.0,0.0,0.0
450,1,1.0,4.0,0.0,0.0,0.0
848,2,1.0,1.0,0.0,0.0,0.0
848,2,1.0,4.0,0.0,0.0,0.0
227,2,,1.0,0.0,19.84,0.0
227,2,,4.0,0.0,19.84,0.0
451,3,,1.0,0.0,19.84,0.0
451,3,,4.0,0.0,19.84,0.0
615,5,,1.0,0.0,19.84,0.0
615,5,,4.0,0.0,19.84,0.0
452,4,,,0.0,0.0,0.0
453,2,4.0,209.0,0.0,0.0,0.0
454,1,4.0,1.0,0.0,0.0,0.0
454,1,4.0,4.0,0.0,0.0,0.0
455,5,1.0,1.0,0.0,410.9,0.0
455,5,1.0,4.0,0.0,410.9,0.0
456,1,,1.0,56.0,0.0,0.0
456,1,,4.0,56.0,0.0,0.0
880,1,,1.0,56.0,0.0,0.0
880,1,,4.0,56.0,0.0,0.0
887,3,,1.0,56.0,0.0,0.0
887,3,,4.0,56.0,0.0,0.0
116,1,5.0,209.0,0.0,0.0,0.0
457,2,5.0,209.0,0.0,0.0,0.0
235,4,2.0,1.0,0.0,0.0,0.0
235,4,2.0,4.0,0.0,0.0,0.0
238,4,2.0,1.0,0.0,0.0,0.0
238,4,2.0,4.0,0.0,0.0,0.0
458,5,2.0,1.0,0.0,0.0,0.0
458,5,2.0,4.0,0.0,0.0,0.0
778,5,2.0,1.0,0.0,0.0,0.0
778,5,2.0,4.0,0.0,0.0,0.0
788,3,2.0,1.0,0.0,0.0,0.0
788,3,2.0,4.0,0.0,0.0,0.0
442,3,1.0,209.0,34.0,0.0,0.0
459,5,1.0,209.0,34.0,0.0,0.0
561,3,1.0,209.0,34.0,0.0,0.0
630,1,1.0,209.0,34.0,0.0,0.0
460,4,,1.0,0.0,59.61,0.0
460,4,,4.0,0.0,59.61,0.0
174,4,2.0,209.0,0.0,0.0,0.0
461,4,2.0,209.0,0.0,0.0,0.0
462,3,,209.0,0.0,0.0,0.0
463,2,4.0,1.0,0.0,0.0,0.0
463,2,4.0,4.0,0.0,0.0,0.0
857,1,4.0,1.0,0.0,0.0,0.0
857,1,4.0,4.0,0.0,0.0,0.0
464,1,,1.0,5.0,453.91,2269.55
464,1,,4.0,5.0,453.91,2269.55
470,4,,1.0,5.0,453.91,2269.55
470,4,,4.0,5.0,453.91,2269.55
465,2,,1.0,0.0,0.0,0.0
465,2,,4.0,0.0,0.0,0.0
716,5,,1.0,0.0,0.0,0.0
716,5,,4.0,0.0,0.0,0.0
773,4,,1.0,0.0,0.0,0.0
773,4,,4.0,0.0,0.0,0.0
466,2,2.0,205.0,0.0,0.0,0.0
244,4,4.0,1.0,5.0,146.77,733.85
244,4,4.0,4.0,5.0,146.77,733.85
467,4,4.0,1.0,5.0,146.77,733.85
467,4,4.0,4.0,5.0,146.77,733.85
468,2,4.0,1.0,0.0,450.53,0.0
468,2,4.0,4.0,0.0,450.53,0.0
425,5,2.0,1.0,84.0,0.0,0.0
425,5,2.0,4.0,84.0,0.0,0.0
469,2,2.0,1.0,84.0,0.0,0.0
469,2,2.0,4.0,84.0,0.0,0.0
464,1,,1.0,52.0,0.0,0.0
464,1,,4.0,52.0,0.0,0.0
470,4,,1.0,52.0,0.0,0.0
470,4,,4.0,52.0,0.0,0.0
471,2,2.0,209.0,0.0,0.0,0.0
472,4,5.0,1.0,0.0,29.9,0.0
472,4,5.0,4.0,0.0,29.9,0.0
105,4,,157.0,0.0,113.41,0.0
193,3,,157.0,0.0,113.41,0.0
290,5,,157.0,0.0,113.41,0.0
473,1,,157.0,0.0,113.41,0.0
474,1,1.0,1.0,0.0,0.0,0.0
474,1,1.0,4.0,0.0,0.0,0.0
673,4,1.0,1.0,0.0,0.0,0.0
673,4,1.0,4.0,0.0,0.0,0.0
475,2,,209.0,0.0,0.0,0.0
476,2,5.0,209.0,51.0,0.0,0.0
477,5,1.0,1.0,0.0,0.0,0.0
477,5,1.0,4.0,0.0,0.0,0.0
478,1,5.0,1.0,0.0,461.19,0.0
478,1,5.0,4.0,0.0,461.19,0.0
479,5,,1.0,0.0,0.0,0.0
479,5,,4.0,0.0,0.0,0.0
658,1,,1.0,0.0,0.0,0.0
658,1,,4.0,0.0,0.0,0.0
330,1,4.0,1.0,0.0,0.0,0.0
330,1,4.0,4.0,0.0,0.0,0.0
480,2,4.0,1.0,0.0,0.0,0.0
480,2,4.0,4.0,0.0,0.0,0.0
557,2,4.0,1.0,0.0,0.0,0.0
557,2,4.0,4.0,0.0,0.0,0.0
640,1,4.0,1.0,0.0,0.0,0.0
640,1,4.0,4.0,0.0,0.0,0.0
481,2,4.0,1.0,0.0,0.0,0.0
481,2,4.0,4.0,0.0,0.0,0.0
633,4,4.0,1.0,0.0,0.0,0.0
633,4,4.0,4.0,0.0,0.0,0.0
688,2,4.0,1.0,0.0,0.0,0.0
688,2,4.0,4.0,0.0,0.0,0.0
482,4,,209.0,0.0,0.0,0.0
562,2,,209.0,0.0,0.0,0.0
483,3,1.0,1.0,0.0,0.0,0.0
483,3,1.0,4.0,0.0,0.0,0.0
808,5,1.0,1.0,0.0,0.0,0.0
808,5,1.0,4.0,0.0,0.0,0.0
484,2,2.0,1.0,0.0,0.0,0.0
484,2,2.0,4.0,0.0,0.0,0.0
79,3,,1.0,0.0,0.0,0.0
79,3,,4.0,0.0,0.0,0.0
485,5,,1.0,0.0,0.0,0.0
485,5,,4.0,0.0,0.0,0.0
486,5,1.0,209.0,0.0,0.0,0.0
602,1,1.0,209.0,0.0,0.0,0.0
487,4,1.0,161.0,0.0,31.64,0.0
503,1,1.0,161.0,0.0,31.64,0.0
600,4,1.0,161.0,0.0,31.64,0.0
488,2,1.0,1.0,72.0,0.0,0.0
488,2,1.0,4.0,72.0,0.0,0.0
489,5,4.0,209.0,0.0,0.0,0.0
541,4,4.0,209.0,0.0,0.0,0.0
416,2,,209.0,0.0,327.86,0.0
490,3,,209.0,0.0,327.86,0.0
896,2,,209.0,0.0,327.86,0.0
491,3,5.0,1.0,0.0,290.67,0.0
491,3,5.0,4.0,0.0,290.67,0.0
492,4,,1.0,47.0,0.0,0.0
492,4,,4.0,47.0,0.0,0.0
629,1,,1.0,47.0,0.0,0.0
629,1,,4.0,47.0,0.0,0.0
851,4,,1.0,47.0,0.0,0.0
851,4,,4.0,47.0,0.0,0.0
493,5,,1.0,19.0,0.0,0.0
493,5,,4.0,19.0,0.0,0.0
494,1,5.0,1.0,40.0,0.0,0.0
494,1,5.0,4.0,40.0,0.0,0.0
891,2,5.0,1.0,40.0,0.0,0.0
891,2,5.0,4.0,40.0,0.0,0.0
495,2,,1.0,0.0,0.0,0.0
495,2,,4.0,0.0,0.0,0.0
556,3,,1.0,0.0,0.0,0.0
556,3,,4.0,0.0,0.0,0.0
496,5,2.0,1.0,0.0,0.0,0.0
496,5,2.0,4.0,0.0,0.0,0.0
656,1,2.0,1.0,0.0,0.0,0.0
656,1,2.0,4.0,0.0,0.0,0.0
753,4,2.0,1.0,0.0,0.0,0.0
753,4,2.0,4.0,0.0,0.0,0.0
224,4,,1.0,0.0,400.52,0.0
224,4,,4.0,0.0,400.52,0.0
497,3,,1.0,0.0,400.52,0.0
497,3,,4.0,0.0,400.52,0.0
786,5,,1.0,0.0,400.52,0.0
786,5,,4.0,0.0,400.52,0.0
404,4,4.0,1.0,0.0,0.0,0.0
404,4,4.0,4.0,0.0,0.0,0.0
498,5,4.0,1.0,0.0,0.0,0.0
498,5,4.0,4.0,0.0,0.0,0.0
499,2,4.0,209.0,49.0,0.0,0.0
500,3,,209.0,0.0,0.0,0.0
190,4,2.0,,0.0,0.0,0.0
501,4,2.0,,0.0,0.0,0.0
23,2,4.0,1.0,85.0,0.0,0.0
23,2,4.0,4.0,85.0,0.0,0.0
502,4,4.0,1.0,85.0,0.0,0.0
502,4,4.0,4.0,85.0,0.0,0.0
487,4,4.0,209.0,90.0,0.0,0.0
503,1,4.0,209.0,90.0,0.0,0.0
600,4,4.0,209.0,90.0,0.0,0.0
504,5,1.0,1.0,0.0,0.0,0.0
504,5,1.0,4.0,0.0,0.0,0.0
505,5,,,0.0,0.0,0.0
506,2,4.0,1.0,94.0,450.71,42366.74
506,2,4.0,4.0,94.0,450.71,42366.74
507,4,,1.0,0.0,0.0,0.0
507,4,,4.0,0.0,0.0,0.0
508,5,,1.0,0.0,0.0,0.0
508,5,,4.0,0.0,0.0,0.0
571,2,,1.0,0.0,0.0,0.0
571,2,,4.0,0.0,0.0,0.0
585,5,,1.0,0.0,0.0,0.0
585,5,,4.0,0.0,0.0,0.0
509,4,,1.0,0.0,0.0,0.0
509,4,,4.0,0.0,0.0,0.0
984,1,,1.0,0.0,0.0,0.0
984,1,,4.0,0.0,0.0,0.0
510,1,1.0,230.0,39.0,0.0,0.0
511,3,1.0,1.0,0.0,0.0,0.0
511,3,1.0,4.0,0.0,0.0,0.0
512,4,1.0,209.0,0.0,65.34,0.0
809,1,1.0,209.0,0.0,65.34,0.0
903,2,1.0,209.0,0.0,65.34,0.0
513,1,5.0,1.0,0.0,0.0,0.0
513,1,5.0,4.0,0.0,0.0,0.0
751,2,5.0,1.0,0.0,0.0,0.0
751,2,5.0,4.0,0.0,0.0,0.0
514,3,1.0,1.0,0.0,0.0,0.0
514,3,1.0,4.0,0.0,0.0,0.0
515,3,,209.0,43.0,0.0,0.0
516,3,4.0,1.0,0.0,318.94,0.0
516,3,4.0,4.0,0.0,318.94,0.0
785,5,4.0,1.0,0.0,318.94,0.0
785,5,4.0,4.0,0.0,318.94,0.0
517,1,1.0,,0.0,0.0,0.0
720,5,1.0,,0.0,0.0,0.0
918,2,1.0,,0.0,0.0,0.0
956,4,1.0,,0.0,0.0,0.0
518,1,5.0,209.0,0.0,0.0,0.0
519,3,4.0,209.0,0.0,0.0,0.0
611,4,4.0,209.0,0.0,0.0,0.0
520,5,2.0,1.0,14.0,0.0,0.0
520,5,2.0,4.0,14.0,0.0,0.0
590,3,2.0,1.0,14.0,0.0,0.0
590,3,2.0,4.0,14.0,0.0,0.0
734,2,2.0,1.0,14.0,0.0,0.0
734,2,2.0,4.0,14.0,0.0,0.0
834,4,2.0,1.0,14.0,0.0,0.0
834,4,2.0,4.0,14.0,0.0,0.0
978,1,2.0,1.0,14.0,0.0,0.0
978,1,2.0,4.0,14.0,0.0,0.0
67,2,2.0,1.0,0.0,0.0,0.0
67,2,2.0,4.0,0.0,0.0,0.0
521,1,2.0,1.0,0.0,0.0,0.0
521,1,2.0,4.0,0.0,0.0,0.0
275,5,2.0,1.0,0.0,0.0,0.0
275,5,2.0,4.0,0.0,0.0,0.0
522,2,2.0,1.0,0.0,0.0,0.0
522,2,2.0,4.0,0.0,0.0,0.0
57,2,,1.0,0.0,0.0,0.0
57,2,,4.0,0.0,0.0,0.0
252,2,,1.0,0.0,0.0,0.0
252,2,,4.0,0.0,0.0,0.0
523,5,,1.0,0.0,0.0,0.0
523,5,,4.0,0.0,0.0,0.0
97,1,2.0,1.0,0.0,0.0,0.0
97,1,2.0,4.0,0.0,0.0,0.0
524,1,2.0,1.0,0.0,0.0,0.0
524,1,2.0,4.0,0.0,0.0,0.0
22,4,1.0,1.0,0.0,102.71,0.0
22,4,1.0,4.0,0.0,102.71,0.0
525,4,1.0,1.0,0.0,102.71,0.0
525,4,1.0,4.0,0.0,102.71,0.0
526,5,2.0,209.0,0.0,0.0,0.0
527,3,5.0,1.0,70.0,494.8,34636.0
527,3,5.0,4.0,70.0,494.8,34636.0
933,1,5.0,1.0,70.0,494.8,34636.0
933,1,5.0,4.0,70.0,494.8,34636.0
133,2,5.0,209.0,94.0,323.3,30390.2
272,2,5.0,209.0,94.0,323.3,30390.2
528,4,5.0,209.0,94.0,323.3,30390.2
407,5,1.0,1.0,55.0,0.0,0.0
407,5,1.0,4.0,55.0,0.0,0.0
529,3,1.0,1.0,55.0,0.0,0.0
529,3,1.0,4.0,55.0,0.0,0.0
855,5,1.0,1.0,55.0,0.0,0.0
855,5,1.0,4.0,55.0,0.0,0.0
113,2,,209.0,67.0,195.97,13129.99
183,2,,209.0,67.0,195.97,13129.99
530,1,,209.0,67.0,195.97,13129.99
835,2,,209.0,67.0,195.97,13129.99
249,5,4.0,1.0,40.0,0.0,0.0
249,5,4.0,4.0,40.0,0.0,0.0
336,3,4.0,1.0,40.0,0.0,0.0
336,3,4.0,4.0,40.0,0.0,0.0
531,4,4.0,1.0,40.0,0.0,0.0
531,4,4.0,4.0,40.0,0.0,0.0
873,4,4.0,1.0,40.0,0.0,0.0
873,4,4.0,4.0,40.0,0.0,0.0
6,3,4.0,1.0,0.0,0.0,0.0
6,3,4.0,4.0,0.0,0.0,0.0
532,2,4.0,1.0,0.0,0.0,0.0
532,2,4.0,4.0,0.0,0.0,0.0
432,4,4.0,209.0,0.0,0.0,0.0
533,1,4.0,209.0,0.0,0.0,0.0
27,2,1.0,209.0,0.0,0.0,0.0
106,1,1.0,209.0,0.0,0.0,0.0
534,4,1.0,209.0,0.0,0.0,0.0
535,5,,1.0,0.0,0.0,0.0
535,5,,4.0,0.0,0.0,0.0
347,2,,1.0,87.0,0.0,0.0
347,2,,4.0,87.0,0.0,0.0
536,5,,1.0,87.0,0.0,0.0
536,5,,4.0,87.0,0.0,0.0
635,3,,1.0,87.0,0.0,0.0
635,3,,4.0,87.0,0.0,0.0
671,4,,1.0,87.0,0.0,0.0
671,4,,4.0,87.0,0.0,0.0
537,3,4.0,209.0,0.0,0.0,0.0
250,3,5.0,209.0,0.0,318.42,0.0
341,3,5.0,209.0,0.0,318.42,0.0
538,5,5.0,209.0,0.0,318.42,0.0
539,3,4.0,1.0,0.0,0.0,0.0
539,3,4.0,4.0,0.0,0.0,0.0
540,1,5.0,,0.0,0.0,0.0
489,5,4.0,1.0,21.0,0.0,0.0
489,5,4.0,4.0,21.0,0.0,0.0
541,4,4.0,1.0,21.0,0.0,0.0
541,4,4.0,4.0,21.0,0.0,0.0
426,1,1.0,,0.0,352.87,0.0
542,4,1.0,,0.0,352.87,0.0
543,3,2.0,1.0,98.0,0.0,0.0
543,3,2.0,4.0,98.0,0.0,0.0
937,4,2.0,1.0,98.0,0.0,0.0
937,4,2.0,4.0,98.0,0.0,0.0
544,3,2.0,209.0,0.0,0.0,0.0
545,5,,209.0,0.0,0.0,0.0
134,2,4.0,1.0,0.0,0.0,0.0
134,2,4.0,4.0,0.0,0.0,0.0
546,4,4.0,1.0,0.0,0.0,0.0
546,4,4.0,4.0,0.0,0.0,0.0
547,4,4.0,1.0,34.0,0.0,0.0
547,4,4.0,4.0,34.0,0.0,0.0
661,4,4.0,1.0,34.0,0.0,0.0
661,4,4.0,4.0,34.0,0.0,0.0
236,2,,1.0,0.0,0.0,0.0
236,2,,4.0,0.0,0.0,0.0
382,2,,1.0,0.0,0.0,0.0
382,2,,4.0,0.0,0.0,0.0
548,1,,1.0,0.0,0.0,0.0
548,1,,4.0,0.0,0.0,0.0
869,5,,1.0,0.0,0.0,0.0
869,5,,4.0,0.0,0.0,0.0
549,4,,209.0,65.0,0.0,0.0
550,5,4.0,1.0,51.0,126.34,6443.34
550,5,4.0,4.0,51.0,126.34,6443.34
583,5,4.0,1.0,51.0,126.34,6443.34
583,5,4.0,4.0,51.0,126.34,6443.34
551,5,5.0,209.0,0.0,316.64,0.0
958,3,5.0,209.0,0.0,316.64,0.0
552,1,5.0,209.0,0.0,0.0,0.0
553,4,2.0,209.0,0.0,0.0,0.0
554,2,1.0,209.0,0.0,0.0,0.0
807,2,1.0,209.0,0.0,0.0,0.0
555,3,5.0,209.0,9.0,0.0,0.0
495,2,5.0,1.0,0.0,0.0,0.0
495,2,5.0,4.0,0.0,0.0,0.0
556,3,5.0,1.0,0.0,0.0,0.0
556,3,5.0,4.0,0.0,0.0,0.0
330,1,1.0,,0.0,0.0,0.0
480,2,1.0,,0.0,0.0,0.0
557,2,1.0,,0.0,0.0,0.0
640,1,1.0,,0.0,0.0,0.0
151,4,1.0,209.0,100.0,109.51,10951.0
271,1,1.0,209.0,100.0,109.51,10951.0
558,2,1.0,209.0,100.0,109.51,10951.0
103,2,,1.0,0.0,0.0,0.0
103,2,,4.0,0.0,0.0,0.0
559,3,,1.0,0.0,0.0,0.0
559,3,,4.0,0.0,0.0,0.0
560,1,4.0,1.0,0.0,194.07,0.0
560,1,4.0,4.0,0.0,194.07,0.0
442,3,2.0,1.0,0.0,0.0,0.0
442,3,2.0,4.0,0.0,0.0,0.0
459,5,2.0,1.0,0.0,0.0,0.0
459,5,2.0,4.0,0.0,0.0,0.0
561,3,2.0,1.0,0.0,0.0,0.0
561,3,2.0,4.0,0.0,0.0,0.0
630,1,2.0,1.0,0.0,0.0,0.0
630,1,2.0,4.0,0.0,0.0,0.0
482,4,1.0,1.0,47.0,70.97,3335.59
482,4,1.0,4.0,47.0,70.97,3335.59
562,2,1.0,1.0,47.0,70.97,3335.59
562,2,1.0,4.0,47.0,70.97,3335.59
563,3,2.0,1.0,6.0,0.0,0.0
563,3,2.0,4.0,6.0,0.0,0.0
564,5,,209.0,26.0,0.0,0.0
565,1,1.0,1.0,0.0,0.0,0.0
565,1,1.0,4.0,0.0,0.0,0.0
566,1,5.0,1.0,0.0,77.02,0.0
566,1,5.0,4.0,0.0,77.02,0.0
735,1,5.0,1.0,0.0,77.02,0.0
735,1,5.0,4.0,0.0,77.02,0.0
567,5,,1.0,0.0,0.0,0.0
567,5,,4.0,0.0,0.0,0.0
752,5,,1.0,0.0,0.0,0.0
752,5,,4.0,0.0,0.0,0.0
117,3,,1.0,0.0,258.42,0.0
117,3,,4.0,0.0,258.42,0.0
568,4,,1.0,0.0,258.42,0.0
568,4,,4.0,0.0,258.42,0.0
864,4,,1.0,0.0,258.42,0.0
864,4,,4.0,0.0,258.42,0.0
569,4,5.0,1.0,0.0,0.0,0.0
569,4,5.0,4.0,0.0,0.0,0.0
49,3,,209.0,0.0,0.0,0.0
293,3,,209.0,0.0,0.0,0.0
570,5,,209.0,0.0,0.0,0.0
508,5,1.0,209.0,97.0,223.71,21699.87
571,2,1.0,209.0,97.0,223.71,21699.87
585,5,1.0,209.0,97.0,223.71,21699.87
381,5,4.0,209.0,0.0,0.0,0.0
572,1,4.0,209.0,0.0,0.0,0.0
573,4,2.0,209.0,0.0,0.0,0.0
856,2,2.0,209.0,0.0,0.0,0.0
574,3,4.0,209.0,0.0,17.74,0.0
150,4,4.0,209.0,0.0,282.25,0.0
575,4,4.0,209.0,0.0,282.25,0.0
913,5,4.0,209.0,0.0,282.25,0.0
576,3,5.0,1.0,3.0,46.6,139.8
576,3,5.0,4.0,3.0,46.6,139.8
922,5,5.0,1.0,3.0,46.6,139.8
922,5,5.0,4.0,3.0,46.6,139.8
948,1,5.0,1.0,3.0,46.6,139.8
948,1,5.0,4.0,3.0,46.6,139.8
577,4,1.0,209.0,0.0,0.0,0.0
663,1,1.0,209.0,0.0,0.0,0.0
767,4,1.0,209.0,0.0,0.0,0.0
828,1,1.0,209.0,0.0,0.0,0.0
578,2,4.0,1.0,0.0,0.0,0.0
578,2,4.0,4.0,0.0,0.0,0.0
863,4,4.0,1.0,0.0,0.0,0.0
863,4,4.0,4.0,0.0,0.0,0.0
287,1,5.0,209.0,0.0,0.0,0.0
444,3,5.0,209.0,0.0,0.0,0.0
579,1,5.0,209.0,0.0,0.0,0.0
580,5,4.0,1.0,0.0,0.0,0.0
580,5,4.0,4.0,0.0,0.0,0.0
728,1,4.0,1.0,0.0,0.0,0.0
728,1,4.0,4.0,0.0,0.0,0.0
581,5,,,0.0,0.0,0.0
733,3,,,0.0,0.0,0.0
256,1,5.0,1.0,0.0,0.0,0.0
256,1,5.0,4.0,0.0,0.0,0.0
582,1,5.0,1.0,0.0,0.0,0.0
582,1,5.0,4.0,0.0,0.0,0.0
550,5,1.0,1.0,46.0,0.0,0.0
550,5,1.0,4.0,46.0,0.0,0.0
583,5,1.0,1.0,46.0,0.0,0.0
583,5,1.0,4.0,46.0,0.0,0.0
584,3,2.0,1.0,0.0,0.0,0.0
584,3,2.0,4.0,0.0,0.0,0.0
508,5,4.0,209.0,23.0,0.0,0.0
571,2,4.0,209.0,23.0,0.0,0.0
585,5,4.0,209.0,23.0,0.0,0.0
586,5,5.0,209.0,0.0,0.0,0.0
737,3,5.0,209.0,0.0,0.0,0.0
587,5,2.0,1.0,0.0,215.75,0.0
587,5,2.0,4.0,0.0,215.75,0.0
588,2,4.0,209.0,0.0,0.0,0.0
589,1,4.0,1.0,30.0,0.0,0.0
589,1,4.0,4.0,30.0,0.0,0.0
870,5,4.0,1.0,30.0,0.0,0.0
870,5,4.0,4.0,30.0,0.0,0.0
520,5,1.0,1.0,12.0,0.0,0.0
520,5,1.0,4.0,12.0,0.0,0.0
590,3,1.0,1.0,12.0,0.0,0.0
590,3,1.0,4.0,12.0,0.0,0.0
734,2,1.0,1.0,12.0,0.0,0.0
734,2,1.0,4.0,12.0,0.0,0.0
834,4,1.0,1.0,12.0,0.0,0.0
834,4,1.0,4.0,12.0,0.0,0.0
978,1,1.0,1.0,12.0,0.0,0.0
978,1,1.0,4.0,12.0,0.0,0.0
591,5,,,0.0,319.83,0.0
949,4,,,0.0,319.83,0.0
592,5,5.0,209.0,65.0,286.73,18637.45
895,1,5.0,209.0,65.0,286.73,18637.45
378,5,,209.0,0.0,480.05,0.0
593,5,,209.0,0.0,480.05,0.0
594,3,,1.0,0.0,0.0,0.0
594,3,,4.0,0.0,0.0,0.0
595,4,2.0,,0.0,0.0,0.0
35,2,5.0,1.0,0.0,0.0,0.0
35,2,5.0,4.0,0.0,0.0,0.0
274,5,5.0,1.0,0.0,0.0,0.0
274,5,5.0,4.0,0.0,0.0,0.0
596,4,5.0,1.0,0.0,0.0,0.0
596,4,5.0,4.0,0.0,0.0,0.0
176,2,,1.0,0.0,0.0,0.0
176,2,,4.0,0.0,0.0,0.0
597,3,,1.0,0.0,0.0,0.0
597,3,,4.0,0.0,0.0,0.0
384,3,2.0,1.0,20.0,0.0,0.0
384,3,2.0,4.0,20.0,0.0,0.0
598,4,2.0,1.0,20.0,0.0,0.0
598,4,2.0,4.0,20.0,0.0,0.0
604,4,2.0,1.0,20.0,0.0,0.0
604,4,2.0,4.0,20.0,0.0,0.0
660,5,2.0,1.0,20.0,0.0,0.0
660,5,2.0,4.0,20.0,0.0,0.0
599,1,1.0,,0.0,0.0,0.0
999,1,1.0,,0.0,0.0,0.0
487,4,5.0,209.0,0.0,0.0,0.0
503,1,5.0,209.0,0.0,0.0,0.0
600,4,5.0,209.0,0.0,0.0,0.0
121,5,2.0,209.0,0.0,318.93,0.0
433,2,2.0,209.0,0.0,318.93,0.0
601,3,2.0,209.0,0.0,318.93,0.0
486,5,2.0,209.0,0.0,0.0,0.0
602,1,2.0,209.0,0.0,0.0,0.0
603,1,2.0,1.0,53.0,492.42,26098.260000000002
603,1,2.0,4.0,53.0,492.42,26098.260000000002
950,2,2.0,1.0,53.0,492.42,26098.260000000002
950,2,2.0,4.0,53.0,492.42,26098.260000000002
384,3,5.0,1.0,0.0,0.0,0.0
384,3,5.0,4.0,0.0,0.0,0.0
598,4,5.0,1.0,0.0,0.0,0.0
598,4,5.0,4.0,0.0,0.0,0.0
604,4,5.0,1.0,0.0,0.0,0.0
604,4,5.0,4.0,0.0,0.0,0.0
660,5,5.0,1.0,0.0,0.0,0.0
660,5,5.0,4.0,0.0,0.0,0.0
605,5,5.0,1.0,0.0,0.0,0.0
605,5,5.0,4.0,0.0,0.0,0.0
397,3,1.0,1.0,0.0,437.54,0.0
397,3,1.0,4.0,0.0,437.54,0.0
606,4,1.0,1.0,0.0,437.54,0.0
606,4,1.0,4.0,0.0,437.54,0.0
607,1,5.0,1.0,0.0,7.07,0.0
607,1,5.0,4.0,0.0,7.07,0.0
924,2,5.0,1.0,0.0,7.07,0.0
924,2,5.0,4.0,0.0,7.07,0.0
608,2,,1.0,0.0,0.0,0.0
608,2,,4.0,0.0,0.0,0.0
609,1,,1.0,0.0,0.0,0.0
609,1,,4.0,0.0,0.0,0.0
868,1,,1.0,0.0,0.0,0.0
868,1,,4.0,0.0,0.0,0.0
610,1,4.0,1.0,7.0,0.0,0.0
610,1,4.0,4.0,7.0,0.0,0.0
976,1,4.0,1.0,7.0,0.0,0.0
976,1,4.0,4.0,7.0,0.0,0.0
519,3,4.0,209.0,0.0,69.5,0.0
611,4,4.0,209.0,0.0,69.5,0.0
84,4,4.0,1.0,0.0,0.0,0.0
84,4,4.0,4.0,0.0,0.0,0.0
449,4,4.0,1.0,0.0,0.0,0.0
449,4,4.0,4.0,0.0,0.0,0.0
612,5,4.0,1.0,0.0,0.0,0.0
612,5,4.0,4.0,0.0,0.0,0.0
613,5,5.0,1.0,0.0,0.0,0.0
613,5,5.0,4.0,0.0,0.0,0.0
614,4,,1.0,0.0,298.75,0.0
614,4,,4.0,0.0,298.75,0.0
227,2,5.0,209.0,47.0,0.0,0.0
451,3,5.0,209.0,47.0,0.0,0.0
615,5,5.0,209.0,47.0,0.0,0.0
616,4,,209.0,64.0,0.0,0.0
672,1,,209.0,64.0,0.0,0.0
769,2,,209.0,64.0,0.0,0.0
364,1,5.0,209.0,91.0,0.0,0.0
617,5,5.0,209.0,91.0,0.0,0.0
775,2,5.0,209.0,91.0,0.0,0.0
402,5,1.0,1.0,22.0,0.0,0.0
402,5,1.0,4.0,22.0,0.0,0.0
618,2,1.0,1.0,22.0,0.0,0.0
618,2,1.0,4.0,22.0,0.0,0.0
619,3,5.0,209.0,52.0,34.21,1778.92
874,3,5.0,209.0,52.0,34.21,1778.92
48,4,1.0,1.0,0.0,366.83,0.0
48,4,1.0,4.0,0.0,366.83,0.0
118,3,1.0,1.0,0.0,366.83,0.0
118,3,1.0,4.0,0.0,366.83,0.0
620,4,1.0,1.0,0.0,366.83,0.0
620,4,1.0,4.0,0.0,366.83,0.0
339,3,5.0,1.0,0.0,90.05,0.0
339,3,5.0,4.0,0.0,90.05,0.0
621,4,5.0,1.0,0.0,90.05,0.0
621,4,5.0,4.0,0.0,90.05,0.0
66,1,,1.0,0.0,229.46,0.0
66,1,,4.0,0.0,229.46,0.0
215,1,,1.0,0.0,229.46,0.0
215,1,,4.0,0.0,229.46,0.0
622,2,,1.0,0.0,229.46,0.0
622,2,,4.0,0.0,229.46,0.0
623,5,2.0,251.0,92.0,0.0,0.0
624,1,2.0,1.0,51.0,0.0,0.0
624,1,2.0,4.0,51.0,0.0,0.0
376,2,2.0,121.0,0.0,0.0,0.0
625,5,2.0,121.0,0.0,0.0,0.0
626,2,1.0,1.0,0.0,0.0,0.0
626,2,1.0,4.0,0.0,0.0,0.0
805,4,1.0,1.0,0.0,0.0,0.0
805,4,1.0,4.0,0.0,0.0,0.0
627,4,4.0,44.0,0.0,0.0,0.0
628,1,5.0,209.0,0.0,0.0,0.0
492,4,5.0,1.0,0.0,0.0,0.0
492,4,5.0,4.0,0.0,0.0,0.0
629,1,5.0,1.0,0.0,0.0,0.0
629,1,5.0,4.0,0.0,0.0,0.0
851,4,5.0,1.0,0.0,0.0,0.0
851,4,5.0,4.0,0.0,0.0,0.0
442,3,5.0,209.0,33.0,0.0,0.0
459,5,5.0,209.0,33.0,0.0,0.0
561,3,5.0,209.0,33.0,0.0,0.0
630,1,5.0,209.0,33.0,0.0,0.0
209,1,5.0,1.0,0.0,0.0,0.0
209,1,5.0,4.0,0.0,0.0,0.0
631,4,5.0,1.0,0.0,0.0,0.0
631,4,5.0,4.0,0.0,0.0,0.0
694,2,5.0,1.0,0.0,0.0,0.0
694,2,5.0,4.0,0.0,0.0,0.0
632,2,,1.0,97.0,444.38,43104.86
632,2,,4.0,97.0,444.38,43104.86
481,2,5.0,,50.0,220.41,11020.5
633,4,5.0,,50.0,220.41,11020.5
688,2,5.0,,50.0,220.41,11020.5
634,2,4.0,155.0,0.0,0.0,0.0
347,2,4.0,,0.0,0.0,0.0
536,5,4.0,,0.0,0.0,0.0
635,3,4.0,,0.0,0.0,0.0
671,4,4.0,,0.0,0.0,0.0
636,4,1.0,1.0,2.0,27.84,55.68
636,4,1.0,4.0,2.0,27.84,55.68
399,2,4.0,1.0,65.0,309.53,20119.449999999997
399,2,4.0,4.0,65.0,309.53,20119.449999999997
637,3,4.0,1.0,65.0,309.53,20119.449999999997
637,3,4.0,4.0,65.0,309.53,20119.449999999997
638,2,5.0,1.0,0.0,0.0,0.0
638,2,5.0,4.0,0.0,0.0,0.0
639,1,2.0,209.0,0.0,0.0,0.0
330,1,2.0,209.0,0.0,408.17,0.0
480,2,2.0,209.0,0.0,408.17,0.0
557,2,2.0,209.0,0.0,408.17,0.0
640,1,2.0,209.0,0.0,408.17,0.0
371,2,1.0,1.0,0.0,0.0,0.0
371,2,1.0,4.0,0.0,0.0,0.0
641,3,1.0,1.0,0.0,0.0,0.0
641,3,1.0,4.0,0.0,0.0,0.0
395,1,5.0,1.0,0.0,0.0,0.0
395,1,5.0,4.0,0.0,0.0,0.0
642,2,5.0,1.0,0.0,0.0,0.0
642,2,5.0,4.0,0.0,0.0,0.0
78,4,1.0,1.0,0.0,113.27,0.0
78,4,1.0,4.0,0.0,113.27,0.0
385,2,1.0,1.0,0.0,113.27,0.0
385,2,1.0,4.0,0.0,113.27,0.0
643,5,1.0,1.0,0.0,113.27,0.0
643,5,1.0,4.0,0.0,113.27,0.0
129,2,,,0.0,72.12,0.0
644,1,,,0.0,72.12,0.0
645,1,2.0,209.0,4.0,0.0,0.0
820,2,2.0,209.0,4.0,0.0,0.0
216,5,1.0,1.0,0.0,15.65,0.0
216,5,1.0,4.0,0.0,15.65,0.0
646,1,1.0,1.0,0.0,15.65,0.0
646,1,1.0,4.0,0.0,15.65,0.0
766,4,1.0,1.0,0.0,15.65,0.0
766,4,1.0,4.0,0.0,15.65,0.0
647,2,5.0,,81.0,0.0,0.0
648,3,5.0,209.0,0.0,0.0,0.0
649,5,,1.0,90.0,0.0,0.0
649,5,,4.0,90.0,0.0,0.0
139,3,5.0,209.0,0.0,0.0,0.0
650,2,5.0,209.0,0.0,0.0,0.0
964,5,5.0,209.0,0.0,0.0,0.0
7,4,4.0,,0.0,0.0,0.0
651,5,4.0,,0.0,0.0,0.0
652,1,4.0,1.0,36.0,0.0,0.0
652,1,4.0,4.0,36.0,0.0,0.0
945,4,4.0,1.0,36.0,0.0,0.0
945,4,4.0,4.0,36.0,0.0,0.0
653,1,5.0,,0.0,0.0,0.0
790,4,5.0,,0.0,0.0,0.0
654,3,4.0,,0.0,0.0,0.0
784,4,4.0,,0.0,0.0,0.0
655,4,1.0,209.0,7.0,0.0,0.0
862,2,1.0,209.0,7.0,0.0,0.0
496,5,4.0,1.0,53.0,0.0,0.0
496,5,4.0,4.0,53.0,0.0,0.0
656,1,4.0,1.0,53.0,0.0,0.0
656,1,4.0,4.0,53.0,0.0,0.0
753,4,4.0,1.0,53.0,0.0,0.0
753,4,4.0,4.0,53.0,0.0,0.0
315,4,2.0,216.0,0.0,365.13,0.0
657,2,2.0,216.0,0.0,365.13,0.0
678,5,2.0,216.0,0.0,365.13,0.0
960,1,2.0,216.0,0.0,365.13,0.0
479,5,1.0,1.0,54.0,0.0,0.0
479,5,1.0,4.0,54.0,0.0,0.0
658,1,1.0,1.0,54.0,0.0,0.0
658,1,1.0,4.0,54.0,0.0,0.0
333,2,5.0,278.0,0.0,0.0,0.0
659,4,5.0,278.0,0.0,0.0,0.0
384,3,1.0,209.0,0.0,0.0,0.0
598,4,1.0,209.0,0.0,0.0,0.0
604,4,1.0,209.0,0.0,0.0,0.0
660,5,1.0,209.0,0.0,0.0,0.0
547,4,1.0,1.0,0.0,0.0,0.0
547,4,1.0,4.0,0.0,0.0,0.0
661,4,1.0,1.0,0.0,0.0,0.0
661,4,1.0,4.0,0.0,0.0,0.0
662,3,1.0,1.0,0.0,428.93,0.0
662,3,1.0,4.0,0.0,428.93,0.0
729,1,1.0,1.0,0.0,428.93,0.0
729,1,1.0,4.0,0.0,428.93,0.0
577,4,5.0,209.0,0.0,0.0,0.0
663,1,5.0,209.0,0.0,0.0,0.0
767,4,5.0,209.0,0.0,0.0,0.0
828,1,5.0,209.0,0.0,0.0,0.0
664,2,1.0,1.0,11.0,0.0,0.0
664,2,1.0,4.0,11.0,0.0,0.0
665,3,2.0,,33.0,0.0,0.0
666,3,5.0,1.0,0.0,0.0,0.0
666,3,5.0,4.0,0.0,0.0,0.0
755,3,5.0,1.0,0.0,0.0,0.0
755,3,5.0,4.0,0.0,0.0,0.0
171,4,5.0,,0.0,0.0,0.0
667,4,5.0,,0.0,0.0,0.0
52,2,,221.0,0.0,0.0,0.0
144,1,,221.0,0.0,0.0,0.0
400,5,,221.0,0.0,0.0,0.0
668,4,,221.0,0.0,0.0,0.0
921,4,,221.0,0.0,0.0,0.0
255,1,,209.0,0.0,36.74,0.0
669,2,,209.0,0.0,36.74,0.0
670,5,4.0,1.0,0.0,0.0,0.0
670,5,4.0,4.0,0.0,0.0,0.0
347,2,2.0,1.0,0.0,0.0,0.0
347,2,2.0,4.0,0.0,0.0,0.0
536,5,2.0,1.0,0.0,0.0,0.0
536,5,2.0,4.0,0.0,0.0,0.0
635,3,2.0,1.0,0.0,0.0,0.0
635,3,2.0,4.0,0.0,0.0,0.0
671,4,2.0,1.0,0.0,0.0,0.0
671,4,2.0,4.0,0.0,0.0,0.0
616,4,1.0,1.0,0.0,0.0,0.0
616,4,1.0,4.0,0.0,0.0,0.0
672,1,1.0,1.0,0.0,0.0,0.0
672,1,1.0,4.0,0.0,0.0,0.0
769,2,1.0,1.0,0.0,0.0,0.0
769,2,1.0,4.0,0.0,0.0,0.0
474,1,2.0,,0.0,254.53,0.0
673,4,2.0,,0.0,254.53,0.0
674,3,2.0,,0.0,0.0,0.0
675,2,5.0,209.0,0.0,149.63,0.0
798,2,5.0,209.0,0.0,149.63,0.0
92,4,1.0,1.0,0.0,0.0,0.0
92,4,1.0,4.0,0.0,0.0,0.0
98,3,1.0,1.0,0.0,0.0,0.0
98,3,1.0,4.0,0.0,0.0,0.0
676,3,1.0,1.0,0.0,0.0,0.0
676,3,1.0,4.0,0.0,0.0,0.0
369,1,2.0,209.0,0.0,85.08,0.0
677,4,2.0,209.0,0.0,85.08,0.0
315,4,4.0,209.0,0.0,0.0,0.0
657,2,4.0,209.0,0.0,0.0,0.0
678,5,4.0,209.0,0.0,0.0,0.0
960,1,4.0,209.0,0.0,0.0,0.0
679,3,,1.0,41.0,403.95,16561.95
679,3,,4.0,41.0,403.95,16561.95
343,3,5.0,1.0,0.0,0.0,0.0
343,3,5.0,4.0,0.0,0.0,0.0
680,3,5.0,1.0,0.0,0.0,0.0
680,3,5.0,4.0,0.0,0.0,0.0
914,3,5.0,1.0,0.0,0.0,0.0
914,3,5.0,4.0,0.0,0.0,0.0
138,3,2.0,1.0,43.0,0.0,0.0
138,3,2.0,4.0,43.0,0.0,0.0
447,4,2.0,1.0,43.0,0.0,0.0
447,4,2.0,4.0,43.0,0.0,0.0
681,2,2.0,1.0,43.0,0.0,0.0
681,2,2.0,4.0,43.0,0.0,0.0
682,3,4.0,209.0,0.0,0.0,0.0
740,4,4.0,209.0,0.0,0.0,0.0
683,1,1.0,209.0,0.0,0.0,0.0
684,1,2.0,209.0,0.0,0.0,0.0
685,3,1.0,209.0,0.0,327.63,0.0
191,1,5.0,209.0,0.0,335.14,0.0
686,5,5.0,209.0,0.0,335.14,0.0
687,4,,209.0,0.0,0.0,0.0
481,2,,,0.0,0.0,0.0
633,4,,,0.0,0.0,0.0
688,2,,,0.0,0.0,0.0
689,2,2.0,,0.0,0.0,0.0
690,1,2.0,1.0,26.0,330.73,8598.98
690,1,2.0,4.0,26.0,330.73,8598.98
691,1,5.0,209.0,0.0,0.0,0.0
692,4,2.0,209.0,0.0,0.0,0.0
823,4,2.0,209.0,0.0,0.0,0.0
693,5,5.0,209.0,20.0,0.0,0.0
209,1,4.0,,0.0,186.85,0.0
631,4,4.0,,0.0,186.85,0.0
694,2,4.0,,0.0,186.85,0.0
695,3,5.0,1.0,0.0,0.0,0.0
695,3,5.0,4.0,0.0,0.0,0.0
758,1,5.0,1.0,0.0,0.0,0.0
758,1,5.0,4.0,0.0,0.0,0.0
418,4,,1.0,40.0,0.0,0.0
418,4,,4.0,40.0,0.0,0.0
696,3,,1.0,40.0,0.0,0.0
696,3,,4.0,40.0,0.0,0.0
221,2,5.0,209.0,0.0,0.0,0.0
697,4,5.0,209.0,0.0,0.0,0.0
698,1,4.0,1.0,0.0,0.0,0.0
698,1,4.0,4.0,0.0,0.0,0.0
188,2,4.0,1.0,22.0,0.0,0.0
188,2,4.0,4.0,22.0,0.0,0.0
699,4,4.0,1.0,22.0,0.0,0.0
699,4,4.0,4.0,22.0,0.0,0.0
700,1,2.0,209.0,0.0,0.0,0.0
926,4,2.0,209.0,0.0,0.0,0.0
701,3,5.0,1.0,77.0,0.0,0.0
701,3,5.0,4.0,77.0,0.0,0.0
702,4,4.0,209.0,31.0,0.0,0.0
703,1,1.0,209.0,0.0,0.0,0.0
975,3,1.0,209.0,0.0,0.0,0.0
704,2,1.0,1.0,0.0,0.0,0.0
704,2,1.0,4.0,0.0,0.0,0.0
73,4,4.0,1.0,14.0,432.25,6051.5
73,4,4.0,4.0,14.0,432.25,6051.5
705,2,4.0,1.0,14.0,432.25,6051.5
705,2,4.0,4.0,14.0,432.25,6051.5
706,1,2.0,166.0,0.0,458.22,0.0
707,3,2.0,1.0,0.0,495.36,0.0
707,3,2.0,4.0,0.0,495.36,0.0
182,4,,1.0,0.0,0.0,0.0
182,4,,4.0,0.0,0.0,0.0
708,2,,1.0,0.0,0.0,0.0
708,2,,4.0,0.0,0.0,0.0
1,1,5.0,1.0,0.0,0.0,0.0
1,1,5.0,4.0,0.0,0.0,0.0
709,2,5.0,1.0,0.0,0.0,0.0
709,2,5.0,4.0,0.0,0.0,0.0
815,2,5.0,1.0,0.0,0.0,0.0
815,2,5.0,4.0,0.0,0.0,0.0
710,2,1.0,1.0,57.0,0.0,0.0
710,2,1.0,4.0,57.0,0.0,0.0
711,2,5.0,1.0,62.0,11.47,711.14
711,2,5.0,4.0,62.0,11.47,711.14
898,4,5.0,1.0,62.0,11.47,711.14
898,4,5.0,4.0,62.0,11.47,711.14
379,3,2.0,209.0,0.0,0.0,0.0
712,1,2.0,209.0,0.0,0.0,0.0
802,1,2.0,209.0,0.0,0.0,0.0
713,3,1.0,,22.0,387.78,8531.16
893,2,1.0,,22.0,387.78,8531.16
714,5,5.0,1.0,96.0,0.0,0.0
714,5,5.0,4.0,96.0,0.0,0.0
919,1,5.0,1.0,96.0,0.0,0.0
919,1,5.0,4.0,96.0,0.0,0.0
715,4,4.0,209.0,0.0,0.0,0.0
930,4,4.0,209.0,0.0,0.0,0.0
465,2,2.0,209.0,36.0,0.0,0.0
716,5,2.0,209.0,36.0,0.0,0.0
773,4,2.0,209.0,36.0,0.0,0.0
717,5,,1.0,0.0,0.0,0.0
717,5,,4.0,0.0,0.0,0.0
158,1,1.0,209.0,0.0,283.93,0.0
204,1,1.0,209.0,0.0,283.93,0.0
430,3,1.0,209.0,0.0,283.93,0.0
718,4,1.0,209.0,0.0,283.93,0.0
420,3,2.0,1.0,0.0,379.18,0.0
420,3,2.0,4.0,0.0,379.18,0.0
719,5,2.0,1.0,0.0,379.18,0.0
719,5,2.0,4.0,0.0,379.18,0.0
517,1,,1.0,0.0,0.0,0.0
517,1,,4.0,0.0,0.0,0.0
720,5,,1.0,0.0,0.0,0.0
720,5,,4.0,0.0,0.0,0.0
918,2,,1.0,0.0,0.0,0.0
918,2,,4.0,0.0,0.0,0.0
956,4,,1.0,0.0,0.0,0.0
956,4,,4.0,0.0,0.0,0.0
394,3,4.0,209.0,0.0,39.92,0.0
721,1,4.0,209.0,0.0,39.92,0.0
722,5,5.0,1.0,49.0,0.0,0.0
722,5,5.0,4.0,49.0,0.0,0.0
723,5,4.0,,0.0,0.0,0.0
137,3,2.0,1.0,33.0,10.88,359.04
137,3,2.0,4.0,33.0,10.88,359.04
724,2,2.0,1.0,33.0,10.88,359.04
724,2,2.0,4.0,33.0,10.88,359.04
142,5,2.0,,0.0,336.9,0.0
725,3,2.0,,0.0,336.9,0.0
742,3,2.0,,0.0,336.9,0.0
40,4,5.0,1.0,0.0,0.0,0.0
40,4,5.0,4.0,0.0,0.0,0.0
726,2,5.0,1.0,0.0,0.0,0.0
726,2,5.0,4.0,0.0,0.0,0.0
727,2,5.0,1.0,13.0,0.0,0.0
727,2,5.0,4.0,13.0,0.0,0.0
580,5,,1.0,0.0,0.0,0.0
580,5,,4.0,0.0,0.0,0.0
728,1,,1.0,0.0,0.0,0.0
728,1,,4.0,0.0,0.0,0.0
662,3,,,0.0,0.0,0.0
729,1,,,0.0,0.0,0.0
180,3,4.0,209.0,0.0,0.0,0.0
424,1,4.0,209.0,0.0,0.0,0.0
730,4,4.0,209.0,0.0,0.0,0.0
886,5,4.0,209.0,0.0,0.0,0.0
178,5,,1.0,25.0,0.0,0.0
178,5,,4.0,25.0,0.0,0.0
363,2,,1.0,25.0,0.0,0.0
363,2,,4.0,25.0,0.0,0.0
367,1,,1.0,25.0,0.0,0.0
367,1,,4.0,25.0,0.0,0.0
731,4,,1.0,25.0,0.0,0.0
731,4,,4.0,25.0,0.0,0.0
732,3,4.0,,0.0,0.0,0.0
581,5,,1.0,0.0,0.0,0.0
581,5,,4.0,0.0,0.0,0.0
733,3,,1.0,0.0,0.0,0.0
733,3,,4.0,0.0,0.0,0.0
520,5,,1.0,0.0,0.0,0.0
520,5,,4.0,0.0,0.0,0.0
590,3,,1.0,0.0,0.0,0.0
590,3,,4.0,0.0,0.0,0.0
734,2,,1.0,0.0,0.0,0.0
734,2,,4.0,0.0,0.0,0.0
834,4,,1.0,0.0,0.0,0.0
834,4,,4.0,0.0,0.0,0.0
978,1,,1.0,0.0,0.0,0.0
978,1,,4.0,0.0,0.0,0.0
566,1,1.0,1.0,71.0,0.0,0.0
566,1,1.0,4.0,71.0,0.0,0.0
735,1,1.0,1.0,71.0,0.0,0.0
735,1,1.0,4.0,71.0,0.0,0.0
736,4,1.0,290.0,0.0,0.0,0.0
586,5,2.0,1.0,0.0,101.26,0.0
586,5,2.0,4.0,0.0,101.26,0.0
737,3,2.0,1.0,0.0,101.26,0.0
737,3,2.0,4.0,0.0,101.26,0.0
738,5,,1.0,0.0,0.0,0.0
738,5,,4.0,0.0,0.0,0.0
859,4,,1.0,0.0,0.0,0.0
859,4,,4.0,0.0,0.0,0.0
739,4,,1.0,7.0,0.0,0.0
739,4,,4.0,7.0,0.0,0.0
682,3,4.0,1.0,0.0,0.0,0.0
682,3,4.0,4.0,0.0,0.0,0.0
740,4,4.0,1.0,0.0,0.0,0.0
740,4,4.0,4.0,0.0,0.0,0.0
741,2,5.0,209.0,0.0,0.0,0.0
142,5,,1.0,0.0,0.0,0.0
142,5,,4.0,0.0,0.0,0.0
725,3,,1.0,0.0,0.0,0.0
725,3,,4.0,0.0,0.0,0.0
742,3,,1.0,0.0,0.0,0.0
742,3,,4.0,0.0,0.0,0.0
334,4,5.0,1.0,0.0,0.0,0.0
334,4,5.0,4.0,0.0,0.0,0.0
743,4,5.0,1.0,0.0,0.0,0.0
743,4,5.0,4.0,0.0,0.0,0.0
155,4,1.0,,83.0,118.98,9875.34
744,5,1.0,,83.0,118.98,9875.34
745,4,5.0,1.0,0.0,180.21,0.0
745,4,5.0,4.0,0.0,180.21,0.0
746,3,2.0,1.0,49.0,0.0,0.0
746,3,2.0,4.0,49.0,0.0,0.0
991,2,2.0,1.0,49.0,0.0,0.0
991,2,2.0,4.0,49.0,0.0,0.0
283,1,1.0,209.0,0.0,0.0,0.0
747,3,1.0,209.0,0.0,0.0,0.0
354,1,5.0,1.0,0.0,423.87,0.0
354,1,5.0,4.0,0.0,423.87,0.0
748,2,5.0,1.0,0.0,423.87,0.0
748,2,5.0,4.0,0.0,423.87,0.0
68,1,2.0,1.0,0.0,93.25,0.0
68,1,2.0,4.0,0.0,93.25,0.0
211,3,2.0,1.0,0.0,93.25,0.0
211,3,2.0,4.0,0.0,93.25,0.0
749,4,2.0,1.0,0.0,93.25,0.0
749,4,2.0,4.0,0.0,93.25,0.0
415,1,4.0,,73.0,88.08,6429.84
750,5,4.0,,73.0,88.08,6429.84
513,1,4.0,1.0,38.0,0.0,0.0
513,1,4.0,4.0,38.0,0.0,0.0
751,2,4.0,1.0,38.0,0.0,0.0
751,2,4.0,4.0,38.0,0.0,0.0
567,5,,1.0,0.0,0.0,0.0
567,5,,4.0,0.0,0.0,0.0
752,5,,1.0,0.0,0.0,0.0
752,5,,4.0,0.0,0.0,0.0
496,5,1.0,209.0,57.0,0.0,0.0
656,1,1.0,209.0,57.0,0.0,0.0
753,4,1.0,209.0,57.0,0.0,0.0
754,1,4.0,209.0,0.0,0.0,0.0
666,3,4.0,1.0,0.0,0.0,0.0
666,3,4.0,4.0,0.0,0.0,0.0
755,3,4.0,1.0,0.0,0.0,0.0
755,3,4.0,4.0,0.0,0.0,0.0
756,4,5.0,209.0,0.0,0.0,0.0
757,5,5.0,209.0,0.0,0.0,0.0
821,3,5.0,209.0,0.0,0.0,0.0
695,3,4.0,1.0,98.0,495.53,48561.939999999995
695,3,4.0,4.0,98.0,495.53,48561.939999999995
758,1,4.0,1.0,98.0,495.53,48561.939999999995
758,1,4.0,4.0,98.0,495.53,48561.939999999995
759,1,1.0,63.0,0.0,0.0,0.0
760,3,1.0,209.0,79.0,0.0,0.0
761,5,1.0,1.0,0.0,0.0,0.0
761,5,1.0,4.0,0.0,0.0,0.0
109,2,2.0,1.0,0.0,0.0,0.0
109,2,2.0,4.0,0.0,0.0,0.0
762,3,2.0,1.0,0.0,0.0,0.0
762,3,2.0,4.0,0.0,0.0,0.0
260,3,1.0,209.0,0.0,0.0,0.0
370,4,1.0,209.0,0.0,0.0,0.0
763,2,1.0,209.0,0.0,0.0,0.0
377,3,2.0,1.0,0.0,0.0,0.0
377,3,2.0,4.0,0.0,0.0,0.0
764,5,2.0,1.0,0.0,0.0,0.0
764,5,2.0,4.0,0.0,0.0,0.0
765,5,5.0,,0.0,447.2,0.0
216,5,,,0.0,0.0,0.0
646,1,,,0.0,0.0,0.0
766,4,,,0.0,0.0,0.0
577,4,,1.0,38.0,0.0,0.0
577,4,,4.0,38.0,0.0,0.0
663,1,,1.0,38.0,0.0,0.0
663,1,,4.0,38.0,0.0,0.0
767,4,,1.0,38.0,0.0,0.0
767,4,,4.0,38.0,0.0,0.0
828,1,,1.0,38.0,0.0,0.0
828,1,,4.0,38.0,0.0,0.0
157,4,4.0,1.0,0.0,458.07,0.0
157,4,4.0,4.0,0.0,458.07,0.0
768,4,4.0,1.0,0.0,458.07,0.0
768,4,4.0,4.0,0.0,458.07,0.0
616,4,1.0,,0.0,0.0,0.0
672,1,1.0,,0.0,0.0,0.0
769,2,1.0,,0.0,0.0,0.0
408,1,5.0,1.0,0.0,0.0,0.0
408,1,5.0,4.0,0.0,0.0,0.0
770,2,5.0,1.0,0.0,0.0,0.0
770,2,5.0,4.0,0.0,0.0,0.0
448,1,,209.0,0.0,0.0,0.0
771,2,,209.0,0.0,0.0,0.0
772,2,,1.0,18.0,0.0,0.0
772,2,,4.0,18.0,0.0,0.0
465,2,2.0,,0.0,24.56,0.0
716,5,2.0,,0.0,24.56,0.0
773,4,2.0,,0.0,24.56,0.0
774,4,2.0,209.0,29.0,0.0,0.0
973,5,2.0,209.0,29.0,0.0,0.0
364,1,2.0,209.0,0.0,0.0,0.0
617,5,2.0,209.0,0.0,0.0,0.0
775,2,2.0,209.0,0.0,0.0,0.0
776,5,5.0,209.0,73.0,0.0,0.0
947,1,5.0,209.0,73.0,0.0,0.0
9,4,2.0,323.0,0.0,0.0,0.0
777,5,2.0,323.0,0.0,0.0,0.0
936,5,2.0,323.0,0.0,0.0,0.0
235,4,1.0,1.0,0.0,261.54,0.0
235,4,1.0,4.0,0.0,261.54,0.0
238,4,1.0,1.0,0.0,261.54,0.0
238,4,1.0,4.0,0.0,261.54,0.0
458,5,1.0,1.0,0.0,261.54,0.0
458,5,1.0,4.0,0.0,261.54,0.0
778,5,1.0,1.0,0.0,261.54,0.0
778,5,1.0,4.0,0.0,261.54,0.0
788,3,1.0,1.0,0.0,261.54,0.0
788,3,1.0,4.0,0.0,261.54,0.0
779,4,5.0,1.0,0.0,0.0,0.0
779,4,5.0,4.0,0.0,0.0,0.0
837,1,5.0,1.0,0.0,0.0,0.0
837,1,5.0,4.0,0.0,0.0,0.0
780,5,4.0,1.0,0.0,0.0,0.0
780,5,4.0,4.0,0.0,0.0,0.0
781,5,1.0,1.0,0.0,0.0,0.0
781,5,1.0,4.0,0.0,0.0,0.0
782,2,2.0,1.0,0.0,0.0,0.0
782,2,2.0,4.0,0.0,0.0,0.0
783,1,2.0,209.0,19.0,0.0,0.0
654,3,4.0,1.0,68.0,0.0,0.0
654,3,4.0,4.0,68.0,0.0,0.0
784,4,4.0,1.0,68.0,0.0,0.0
784,4,4.0,4.0,68.0,0.0,0.0
516,3,1.0,1.0,0.0,0.0,0.0
516,3,1.0,4.0,0.0,0.0,0.0
785,5,1.0,1.0,0.0,0.0,0.0
785,5,1.0,4.0,0.0,0.0,0.0
224,4,4.0,209.0,86.0,198.08,17034.88
497,3,4.0,209.0,86.0,198.08,17034.88
786,5,4.0,209.0,86.0,198.08,17034.88
172,5,4.0,1.0,32.0,217.21,6950.72
172,5,4.0,4.0,32.0,217.21,6950.72
787,1,4.0,1.0,32.0,217.21,6950.72
787,1,4.0,4.0,32.0,217.21,6950.72
235,4,5.0,1.0,0.0,0.0,0.0
235,4,5.0,4.0,0.0,0.0,0.0
238,4,5.0,1.0,0.0,0.0,0.0
238,4,5.0,4.0,0.0,0.0,0.0
458,5,5.0,1.0,0.0,0.0,0.0
458,5,5.0,4.0,0.0,0.0,0.0
778,5,5.0,1.0,0.0,0.0,0.0
778,5,5.0,4.0,0.0,0.0,0.0
788,3,5.0,1.0,0.0,0.0,0.0
788,3,5.0,4.0,0.0,0.0,0.0
789,5,4.0,,0.0,17.85,0.0
825,3,4.0,,0.0,17.85,0.0
653,1,,1.0,0.0,0.0,0.0
653,1,,4.0,0.0,0.0,0.0
790,4,,1.0,0.0,0.0,0.0
790,4,,4.0,0.0,0.0,0.0
791,3,1.0,1.0,7.0,0.0,0.0
791,3,1.0,4.0,7.0,0.0,0.0
792,1,,,39.0,0.0,0.0
793,4,4.0,1.0,0.0,227.76,0.0
793,4,4.0,4.0,0.0,227.76,0.0
794,2,5.0,1.0,76.0,0.0,0.0
794,2,5.0,4.0,76.0,0.0,0.0
888,5,5.0,1.0,76.0,0.0,0.0
888,5,5.0,4.0,76.0,0.0,0.0
795,2,2.0,1.0,0.0,251.34,0.0
795,2,2.0,4.0,0.0,251.34,0.0
813,1,2.0,1.0,0.0,251.34,0.0
813,1,2.0,4.0,0.0,251.34,0.0
796,4,4.0,1.0,90.0,0.0,0.0
796,4,4.0,4.0,90.0,0.0,0.0
8,2,,1.0,8.0,0.0,0.0
8,2,,4.0,8.0,0.0,0.0
797,3,,1.0,8.0,0.0,0.0
797,3,,4.0,8.0,0.0,0.0
675,2,,209.0,0.0,0.0,0.0
798,2,,209.0,0.0,0.0,0.0
125,5,5.0,,34.0,0.0,0.0
799,1,5.0,,34.0,0.0,0.0
917,1,5.0,,34.0,0.0,0.0
288,3,1.0,209.0,0.0,25.23,0.0
800,3,1.0,209.0,0.0,25.23,0.0
801,5,2.0,209.0,0.0,97.85,0.0
899,4,2.0,209.0,0.0,97.85,0.0
379,3,5.0,1.0,13.0,0.0,0.0
379,3,5.0,4.0,13.0,0.0,0.0
712,1,5.0,1.0,13.0,0.0,0.0
712,1,5.0,4.0,13.0,0.0,0.0
802,1,5.0,1.0,13.0,0.0,0.0
802,1,5.0,4.0,13.0,0.0,0.0
803,1,5.0,1.0,0.0,0.0,0.0
803,1,5.0,4.0,0.0,0.0,0.0
804,3,2.0,1.0,68.0,0.0,0.0
804,3,2.0,4.0,68.0,0.0,0.0
626,2,4.0,1.0,0.0,0.0,0.0
626,2,4.0,4.0,0.0,0.0,0.0
805,4,4.0,1.0,0.0,0.0,0.0
805,4,4.0,4.0,0.0,0.0,0.0
302,4,2.0,1.0,0.0,0.0,0.0
302,4,2.0,4.0,0.0,0.0,0.0
806,1,2.0,1.0,0.0,0.0,0.0
806,1,2.0,4.0,0.0,0.0,0.0
554,2,5.0,1.0,73.0,0.0,0.0
554,2,5.0,4.0,73.0,0.0,0.0
807,2,5.0,1.0,73.0,0.0,0.0
807,2,5.0,4.0,73.0,0.0,0.0
483,3,2.0,209.0,0.0,0.0,0.0
808,5,2.0,209.0,0.0,0.0,0.0
512,4,2.0,,55.0,0.0,0.0
809,1,2.0,,55.0,0.0,0.0
903,2,2.0,,55.0,0.0,0.0
810,3,,1.0,0.0,0.0,0.0
810,3,,4.0,0.0,0.0,0.0
811,4,,209.0,0.0,0.0,0.0
177,2,,1.0,0.0,0.0,0.0
177,2,,4.0,0.0,0.0,0.0
812,2,,1.0,0.0,0.0,0.0
812,2,,4.0,0.0,0.0,0.0
795,2,,1.0,76.0,0.0,0.0
795,2,,4.0,76.0,0.0,0.0
813,1,,1.0,76.0,0.0,0.0
813,1,,4.0,76.0,0.0,0.0
65,1,1.0,209.0,60.0,0.0,0.0
814,1,1.0,209.0,60.0,0.0,0.0
986,4,1.0,209.0,60.0,0.0,0.0
1,1,1.0,209.0,4.0,120.63,482.52
709,2,1.0,209.0,4.0,120.63,482.52
815,2,1.0,209.0,4.0,120.63,482.52
816,4,4.0,,59.0,83.46,4924.139999999999
817,1,2.0,209.0,52.0,25.72,1337.44
818,2,2.0,1.0,95.0,0.0,0.0
818,2,2.0,4.0,95.0,0.0,0.0
819,4,1.0,275.0,0.0,0.0,0.0
645,1,4.0,209.0,0.0,284.8,0.0
820,2,4.0,209.0,0.0,284.8,0.0
757,5,1.0,1.0,31.0,341.11,10574.41
757,5,1.0,4.0,31.0,341.11,10574.41
821,3,1.0,1.0,31.0,341.11,10574.41
821,3,1.0,4.0,31.0,341.11,10574.41
822,1,1.0,1.0,0.0,0.0,0.0
822,1,1.0,4.0,0.0,0.0,0.0
692,4,,209.0,26.0,0.0,0.0
823,4,,209.0,26.0,0.0,0.0
824,5,1.0,,64.0,0.0,0.0
789,5,,1.0,0.0,0.0,0.0
789,5,,4.0,0.0,0.0,0.0
825,3,,1.0,0.0,0.0,0.0
825,3,,4.0,0.0,0.0,0.0
826,3,4.0,209.0,48.0,0.0,0.0
827,5,,1.0,11.0,0.0,0.0
827,5,,4.0,11.0,0.0,0.0
577,4,5.0,209.0,0.0,7.19,0.0
663,1,5.0,209.0,0.0,7.19,0.0
767,4,5.0,209.0,0.0,7.19,0.0
828,1,5.0,209.0,0.0,7.19,0.0
54,4,2.0,,58.0,0.0,0.0
829,2,2.0,,58.0,0.0,0.0
830,5,4.0,1.0,0.0,0.0,0.0
830,5,4.0,4.0,0.0,0.0,0.0
831,4,1.0,217.0,0.0,0.0,0.0
832,3,4.0,1.0,18.0,331.55,5967.900000000001
832,3,4.0,4.0,18.0,331.55,5967.900000000001
833,4,5.0,280.0,0.0,0.0,0.0
520,5,2.0,1.0,0.0,0.0,0.0
520,5,2.0,4.0,0.0,0.0,0.0
590,3,2.0,1.0,0.0,0.0,0.0
590,3,2.0,4.0,0.0,0.0,0.0
734,2,2.0,1.0,0.0,0.0,0.0
734,2,2.0,4.0,0.0,0.0,0.0
834,4,2.0,1.0,0.0,0.0,0.0
834,4,2.0,4.0,0.0,0.0,0.0
978,1,2.0,1.0,0.0,0.0,0.0
978,1,2.0,4.0,0.0,0.0,0.0
113,2,5.0,9.0,0.0,473.08,0.0
183,2,5.0,9.0,0.0,473.08,0.0
530,1,5.0,9.0,0.0,473.08,0.0
835,2,5.0,9.0,0.0,473.08,0.0
836,2,,1.0,0.0,183.93,0.0
836,2,,4.0,0.0,183.93,0.0
779,4,4.0,209.0,0.0,0.0,0.0
837,1,4.0,209.0,0.0,0.0,0.0
838,3,1.0,1.0,0.0,410.85,0.0
838,3,1.0,4.0,0.0,410.85,0.0
996,1,1.0,1.0,0.0,410.85,0.0
996,1,1.0,4.0,0.0,410.85,0.0
329,4,,,0.0,0.0,0.0
839,3,,,0.0,0.0,0.0
840,2,5.0,209.0,89.0,0.0,0.0
841,5,2.0,209.0,0.0,0.0,0.0
842,5,1.0,1.0,0.0,0.0,0.0
842,5,1.0,4.0,0.0,0.0,0.0
998,1,1.0,1.0,0.0,0.0,0.0
998,1,1.0,4.0,0.0,0.0,0.0
843,2,2.0,209.0,0.0,0.0,0.0
942,1,2.0,209.0,0.0,0.0,0.0
844,3,1.0,,53.0,0.0,0.0
845,3,,209.0,0.0,0.0,0.0
16,4,2.0,1.0,67.0,0.0,0.0
16,4,2.0,4.0,67.0,0.0,0.0
846,3,2.0,1.0,67.0,0.0,0.0
846,3,2.0,4.0,67.0,0.0,0.0
847,1,2.0,,0.0,0.0,0.0
368,5,,209.0,97.0,0.0,0.0
450,1,,209.0,97.0,0.0,0.0
848,2,,209.0,97.0,0.0,0.0
849,3,2.0,209.0,0.0,170.12,0.0
850,1,,1.0,9.0,0.0,0.0
850,1,,4.0,9.0,0.0,0.0
492,4,5.0,209.0,0.0,0.0,0.0
629,1,5.0,209.0,0.0,0.0,0.0
851,4,5.0,209.0,0.0,0.0,0.0
281,2,4.0,300.0,0.0,0.0,0.0
852,5,4.0,300.0,0.0,0.0,0.0
853,4,4.0,1.0,0.0,0.0,0.0
853,4,4.0,4.0,0.0,0.0,0.0
854,5,,1.0,32.0,157.01,5024.32
854,5,,4.0,32.0,157.01,5024.32
407,5,,209.0,0.0,0.0,0.0
529,3,,209.0,0.0,0.0,0.0
855,5,,209.0,0.0,0.0,0.0
573,4,1.0,1.0,0.0,136.35,0.0
573,4,1.0,4.0,0.0,136.35,0.0
856,2,1.0,1.0,0.0,136.35,0.0
856,2,1.0,4.0,0.0,136.35,0.0
463,2,1.0,1.0,0.0,272.84,0.0
463,2,1.0,4.0,0.0,272.84,0.0
857,1,1.0,1.0,0.0,272.84,0.0
857,1,1.0,4.0,0.0,272.84,0.0
335,2,5.0,209.0,58.0,0.0,0.0
858,3,5.0,209.0,58.0,0.0,0.0
738,5,5.0,,0.0,0.0,0.0
859,4,5.0,,0.0,0.0,0.0
226,3,,1.0,0.0,0.0,0.0
226,3,,4.0,0.0,0.0,0.0
860,1,,1.0,0.0,0.0,0.0
860,1,,4.0,0.0,0.0,0.0
932,5,,1.0,0.0,0.0,0.0
932,5,,4.0,0.0,0.0,0.0
861,5,2.0,1.0,72.0,0.0,0.0
861,5,2.0,4.0,72.0,0.0,0.0
987,3,2.0,1.0,72.0,0.0,0.0
987,3,2.0,4.0,72.0,0.0,0.0
655,4,4.0,1.0,0.0,81.33,0.0
655,4,4.0,4.0,0.0,81.33,0.0
862,2,4.0,1.0,0.0,81.33,0.0
862,2,4.0,4.0,0.0,81.33,0.0
578,2,5.0,209.0,0.0,0.0,0.0
863,4,5.0,209.0,0.0,0.0,0.0
117,3,2.0,1.0,0.0,0.0,0.0
117,3,2.0,4.0,0.0,0.0,0.0
568,4,2.0,1.0,0.0,0.0,0.0
568,4,2.0,4.0,0.0,0.0,0.0
864,4,2.0,1.0,0.0,0.0,0.0
864,4,2.0,4.0,0.0,0.0,0.0
865,5,,,0.0,0.0,0.0
971,5,,,0.0,0.0,0.0
866,3,4.0,243.0,0.0,0.0,0.0
254,5,,209.0,0.0,0.0,0.0
441,4,,209.0,0.0,0.0,0.0
867,4,,209.0,0.0,0.0,0.0
609,1,4.0,209.0,0.0,0.0,0.0
868,1,4.0,209.0,0.0,0.0,0.0
236,2,1.0,1.0,0.0,196.91,0.0
236,2,1.0,4.0,0.0,196.91,0.0
382,2,1.0,1.0,0.0,196.91,0.0
382,2,1.0,4.0,0.0,196.91,0.0
548,1,1.0,1.0,0.0,196.91,0.0
548,1,1.0,4.0,0.0,196.91,0.0
869,5,1.0,1.0,0.0,196.91,0.0
869,5,1.0,4.0,0.0,196.91,0.0
589,1,2.0,1.0,70.0,208.54,14597.8
589,1,2.0,4.0,70.0,208.54,14597.8
870,5,2.0,1.0,70.0,208.54,14597.8
870,5,2.0,4.0,70.0,208.54,14597.8
130,4,,1.0,0.0,0.0,0.0
130,4,,4.0,0.0,0.0,0.0
871,3,,1.0,0.0,0.0,0.0
871,3,,4.0,0.0,0.0,0.0
192,1,4.0,1.0,0.0,0.0,0.0
192,1,4.0,4.0,0.0,0.0,0.0
872,2,4.0,1.0,0.0,0.0,0.0
872,2,4.0,4.0,0.0,0.0,0.0
944,4,4.0,1.0,0.0,0.0,0.0
944,4,4.0,4.0,0.0,0.0,0.0
249,5,5.0,209.0,0.0,453.06,0.0
336,3,5.0,209.0,0.0,453.06,0.0
531,4,5.0,209.0,0.0,453.06,0.0
873,4,5.0,209.0,0.0,453.06,0.0
619,3,,,21.0,0.0,0.0
874,3,,,21.0,0.0,0.0
214,3,5.0,1.0,0.0,0.0,0.0
214,3,5.0,4.0,0.0,0.0,0.0
875,1,5.0,1.0,0.0,0.0,0.0
875,1,5.0,4.0,0.0,0.0,0.0
348,3,,1.0,0.0,242.22,0.0
348,3,,4.0,0.0,242.22,0.0
876,1,,1.0,0.0,242.22,0.0
876,1,,4.0,0.0,242.22,0.0
70,5,4.0,1.0,37.0,0.0,0.0
70,5,4.0,4.0,37.0,0.0,0.0
877,3,4.0,1.0,37.0,0.0,0.0
877,3,4.0,4.0,37.0,0.0,0.0
878,1,5.0,209.0,0.0,475.19,0.0
879,2,,209.0,0.0,0.0,0.0
456,1,1.0,1.0,93.0,190.16,17684.88
456,1,1.0,4.0,93.0,190.16,17684.88
880,1,1.0,1.0,93.0,190.16,17684.88
880,1,1.0,4.0,93.0,190.16,17684.88
887,3,1.0,1.0,93.0,190.16,17684.88
887,3,1.0,4.0,93.0,190.16,17684.88
881,2,2.0,1.0,0.0,0.0,0.0
881,2,2.0,4.0,0.0,0.0,0.0
28,3,,1.0,0.0,0.0,0.0
28,3,,4.0,0.0,0.0,0.0
882,5,,1.0,0.0,0.0,0.0
882,5,,4.0,0.0,0.0,0.0
173,2,2.0,1.0,79.0,0.0,0.0
173,2,2.0,4.0,79.0,0.0,0.0
321,5,2.0,1.0,79.0,0.0,0.0
321,5,2.0,4.0,79.0,0.0,0.0
883,3,2.0,1.0,79.0,0.0,0.0
883,3,2.0,4.0,79.0,0.0,0.0
446,3,4.0,1.0,1.0,0.0,0.0
446,3,4.0,4.0,1.0,0.0,0.0
884,3,4.0,1.0,1.0,0.0,0.0
884,3,4.0,4.0,1.0,0.0,0.0
75,3,5.0,,0.0,124.32,0.0
349,5,5.0,,0.0,124.32,0.0
885,1,5.0,,0.0,124.32,0.0
180,3,1.0,1.0,0.0,0.0,0.0
180,3,1.0,4.0,0.0,0.0,0.0
424,1,1.0,1.0,0.0,0.0,0.0
424,1,1.0,4.0,0.0,0.0,0.0
730,4,1.0,1.0,0.0,0.0,0.0
730,4,1.0,4.0,0.0,0.0,0.0
886,5,1.0,1.0,0.0,0.0,0.0
886,5,1.0,4.0,0.0,0.0,0.0
456,1,,209.0,0.0,0.0,0.0
880,1,,209.0,0.0,0.0,0.0
887,3,,209.0,0.0,0.0,0.0
794,2,5.0,1.0,72.0,172.13,12393.36
794,2,5.0,4.0,72.0,172.13,12393.36
888,5,5.0,1.0,72.0,172.13,12393.36
888,5,5.0,4.0,72.0,172.13,12393.36
889,1,5.0,,36.0,0.0,0.0
890,4,,1.0,0.0,0.0,0.0
890,4,,4.0,0.0,0.0,0.0
494,1,5.0,209.0,0.0,0.0,0.0
891,2,5.0,209.0,0.0,0.0,0.0
892,2,4.0,,0.0,0.0,0.0
713,3,1.0,1.0,0.0,374.73,0.0
713,3,1.0,4.0,0.0,374.73,0.0
893,2,1.0,1.0,0.0,374.73,0.0
893,2,1.0,4.0,0.0,374.73,0.0
894,5,4.0,,0.0,188.07,0.0
592,5,2.0,209.0,29.0,0.0,0.0
895,1,2.0,209.0,29.0,0.0,0.0
416,2,2.0,,45.0,135.42,6093.9
490,3,2.0,,45.0,135.42,6093.9
896,2,2.0,,45.0,135.42,6093.9
64,2,1.0,1.0,0.0,0.0,0.0
64,2,1.0,4.0,0.0,0.0,0.0
897,4,1.0,1.0,0.0,0.0,0.0
897,4,1.0,4.0,0.0,0.0,0.0
711,2,5.0,1.0,78.0,0.0,0.0
711,2,5.0,4.0,78.0,0.0,0.0
898,4,5.0,1.0,78.0,0.0,0.0
898,4,5.0,4.0,78.0,0.0,0.0
801,5,,285.0,0.0,0.0,0.0
899,4,,285.0,0.0,0.0,0.0
34,1,4.0,209.0,87.0,0.0,0.0
900,2,4.0,209.0,87.0,0.0,0.0
108,5,,1.0,0.0,0.0,0.0
108,5,,4.0,0.0,0.0,0.0
901,2,,1.0,0.0,0.0,0.0
901,2,,4.0,0.0,0.0,0.0
135,5,2.0,209.0,0.0,0.0,0.0
902,1,2.0,209.0,0.0,0.0,0.0
512,4,1.0,1.0,0.0,0.0,0.0
512,4,1.0,4.0,0.0,0.0,0.0
809,1,1.0,1.0,0.0,0.0,0.0
809,1,1.0,4.0,0.0,0.0,0.0
903,2,1.0,1.0,0.0,0.0,0.0
903,2,1.0,4.0,0.0,0.0,0.0
904,5,4.0,209.0,0.0,273.02,0.0
905,4,5.0,1.0,0.0,0.0,0.0
905,4,5.0,4.0,0.0,0.0,0.0
911,3,5.0,1.0,0.0,0.0,0.0
911,3,5.0,4.0,0.0,0.0,0.0
33,5,2.0,1.0,0.0,0.0,0.0
33,5,2.0,4.0,0.0,0.0,0.0
146,2,2.0,1.0,0.0,0.0,0.0
146,2,2.0,4.0,0.0,0.0,0.0
307,3,2.0,1.0,0.0,0.0,0.0
307,3,2.0,4.0,0.0,0.0,0.0
906,1,2.0,1.0,0.0,0.0,0.0
906,1,2.0,4.0,0.0,0.0,0.0
920,1,2.0,1.0,0.0,0.0,0.0
920,1,2.0,4.0,0.0,0.0,0.0
907,4,4.0,1.0,0.0,0.0,0.0
907,4,4.0,4.0,0.0,0.0,0.0
908,4,5.0,1.0,0.0,0.0,0.0
908,4,5.0,4.0,0.0,0.0,0.0
320,5,5.0,1.0,19.0,397.48,7552.120000000001
320,5,5.0,4.0,19.0,397.48,7552.120000000001
366,5,5.0,1.0,19.0,397.48,7552.120000000001
366,5,5.0,4.0,19.0,397.48,7552.120000000001
909,3,5.0,1.0,19.0,397.48,7552.120000000001
909,3,5.0,4.0,19.0,397.48,7552.120000000001
5,3,1.0,209.0,0.0,168.92,0.0
910,2,1.0,209.0,0.0,168.92,0.0
905,4,4.0,209.0,0.0,0.0,0.0
911,3,4.0,209.0,0.0,0.0,0.0
21,1,,127.0,0.0,325.54,0.0
912,1,,127.0,0.0,325.54,0.0
150,4,5.0,1.0,0.0,476.32,0.0
150,4,5.0,4.0,0.0,476.32,0.0
575,4,5.0,1.0,0.0,476.32,0.0
575,4,5.0,4.0,0.0,476.32,0.0
913,5,5.0,1.0,0.0,476.32,0.0
913,5,5.0,4.0,0.0,476.32,0.0
343,3,2.0,209.0,0.0,0.0,0.0
680,3,2.0,209.0,0.0,0.0,0.0
914,3,2.0,209.0,0.0,0.0,0.0
915,1,,209.0,30.0,0.0,0.0
76,4,5.0,1.0,0.0,0.0,0.0
76,4,5.0,4.0,0.0,0.0,0.0
916,3,5.0,1.0,0.0,0.0,0.0
916,3,5.0,4.0,0.0,0.0,0.0
125,5,4.0,1.0,0.0,0.0,0.0
125,5,4.0,4.0,0.0,0.0,0.0
799,1,4.0,1.0,0.0,0.0,0.0
799,1,4.0,4.0,0.0,0.0,0.0
917,1,4.0,1.0,0.0,0.0,0.0
917,1,4.0,4.0,0.0,0.0,0.0
517,1,,209.0,0.0,0.0,0.0
720,5,,209.0,0.0,0.0,0.0
918,2,,209.0,0.0,0.0,0.0
956,4,,209.0,0.0,0.0,0.0
714,5,5.0,1.0,0.0,0.0,0.0
714,5,5.0,4.0,0.0,0.0,0.0
919,1,5.0,1.0,0.0,0.0,0.0
919,1,5.0,4.0,0.0,0.0,0.0
33,5,4.0,1.0,0.0,0.0,0.0
33,5,4.0,4.0,0.0,0.0,0.0
146,2,4.0,1.0,0.0,0.0,0.0
146,2,4.0,4.0,0.0,0.0,0.0
307,3,4.0,1.0,0.0,0.0,0.0
307,3,4.0,4.0,0.0,0.0,0.0
906,1,4.0,1.0,0.0,0.0,0.0
906,1,4.0,4.0,0.0,0.0,0.0
920,1,4.0,1.0,0.0,0.0,0.0
920,1,4.0,4.0,0.0,0.0,0.0
52,2,5.0,1.0,50.0,456.72,22836.0
52,2,5.0,4.0,50.0,456.72,22836.0
144,1,5.0,1.0,50.0,456.72,22836.0
144,1,5.0,4.0,50.0,456.72,22836.0
400,5,5.0,1.0,50.0,456.72,22836.0
400,5,5.0,4.0,50.0,456.72,22836.0
668,4,5.0,1.0,50.0,456.72,22836.0
668,4,5.0,4.0,50.0,456.72,22836.0
921,4,5.0,1.0,50.0,456.72,22836.0
921,4,5.0,4.0,50.0,456.72,22836.0
576,3,2.0,209.0,89.0,0.0,0.0
922,5,2.0,209.0,89.0,0.0,0.0
948,1,2.0,209.0,89.0,0.0,0.0
143,2,2.0,209.0,0.0,0.0,0.0
923,3,2.0,209.0,0.0,0.0,0.0
970,1,2.0,209.0,0.0,0.0,0.0
607,1,2.0,306.0,0.0,0.0,0.0
924,2,2.0,306.0,0.0,0.0,0.0
925,2,1.0,209.0,52.0,0.0,0.0
700,1,4.0,,0.0,203.49,0.0
926,4,4.0,,0.0,203.49,0.0
29,4,4.0,209.0,0.0,0.0,0.0
927,4,4.0,209.0,0.0,0.0,0.0
928,5,,1.0,0.0,294.58,0.0
928,5,,4.0,0.0,294.58,0.0
261,2,1.0,209.0,21.0,0.0,0.0
929,5,1.0,209.0,21.0,0.0,0.0
715,4,2.0,209.0,0.0,0.0,0.0
930,4,2.0,209.0,0.0,0.0,0.0
931,1,4.0,1.0,0.0,0.0,0.0
931,1,4.0,4.0,0.0,0.0,0.0
226,3,5.0,66.0,34.0,147.79,5024.86
860,1,5.0,66.0,34.0,147.79,5024.86
932,5,5.0,66.0,34.0,147.79,5024.86
527,3,4.0,209.0,88.0,0.0,0.0
933,1,4.0,209.0,88.0,0.0,0.0
110,1,,209.0,0.0,0.0,0.0
934,1,,209.0,0.0,0.0,0.0
935,3,5.0,1.0,22.0,0.0,0.0
935,3,5.0,4.0,22.0,0.0,0.0
9,4,,1.0,0.0,0.0,0.0
9,4,,4.0,0.0,0.0,0.0
777,5,,1.0,0.0,0.0,0.0
777,5,,4.0,0.0,0.0,0.0
936,5,,1.0,0.0,0.0,0.0
936,5,,4.0,0.0,0.0,0.0
543,3,4.0,117.0,0.0,0.0,0.0
937,4,4.0,117.0,0.0,0.0,0.0
269,3,1.0,1.0,0.0,0.0,0.0
269,3,1.0,4.0,0.0,0.0,0.0
938,3,1.0,1.0,0.0,0.0,0.0
938,3,1.0,4.0,0.0,0.0,0.0
939,4,4.0,1.0,0.0,0.0,0.0
939,4,4.0,4.0,0.0,0.0,0.0
30,2,1.0,1.0,0.0,0.0,0.0
30,2,1.0,4.0,0.0,0.0,0.0
940,3,1.0,1.0,0.0,0.0,0.0
940,3,1.0,4.0,0.0,0.0,0.0
284,3,2.0,1.0,0.0,0.0,0.0
284,3,2.0,4.0,0.0,0.0,0.0
358,3,2.0,1.0,0.0,0.0,0.0
358,3,2.0,4.0,0.0,0.0,0.0
941,4,2.0,1.0,0.0,0.0,0.0
941,4,2.0,4.0,0.0,0.0,0.0
843,2,5.0,209.0,0.0,0.0,0.0
942,1,5.0,209.0,0.0,0.0,0.0
392,4,2.0,1.0,0.0,0.0,0.0
392,4,2.0,4.0,0.0,0.0,0.0
943,2,2.0,1.0,0.0,0.0,0.0
943,2,2.0,4.0,0.0,0.0,0.0
192,1,5.0,1.0,0.0,0.0,0.0
192,1,5.0,4.0,0.0,0.0,0.0
872,2,5.0,1.0,0.0,0.0,0.0
872,2,5.0,4.0,0.0,0.0,0.0
944,4,5.0,1.0,0.0,0.0,0.0
944,4,5.0,4.0,0.0,0.0,0.0
652,1,5.0,1.0,0.0,0.0,0.0
652,1,5.0,4.0,0.0,0.0,0.0
945,4,5.0,1.0,0.0,0.0,0.0
945,4,5.0,4.0,0.0,0.0,0.0
946,1,5.0,1.0,0.0,0.0,0.0
946,1,5.0,4.0,0.0,0.0,0.0
776,5,5.0,,0.0,0.0,0.0
947,1,5.0,,0.0,0.0,0.0
576,3,4.0,,0.0,0.0,0.0
922,5,4.0,,0.0,0.0,0.0
948,1,4.0,,0.0,0.0,0.0
591,5,,1.0,0.0,304.23,0.0
591,5,,4.0,0.0,304.23,0.0
949,4,,1.0,0.0,304.23,0.0
949,4,,4.0,0.0,304.23,0.0
603,1,1.0,1.0,0.0,339.16,0.0
603,1,1.0,4.0,0.0,339.16,0.0
950,2,1.0,1.0,0.0,339.16,0.0
950,2,1.0,4.0,0.0,339.16,0.0
951,1,4.0,1.0,3.0,0.0,0.0
951,1,4.0,4.0,3.0,0.0,0.0
952,4,5.0,,0.0,475.57,0.0
953,5,,,88.0,0.0,0.0
10,1,1.0,209.0,0.0,0.0,0.0
954,5,1.0,209.0,0.0,0.0,0.0
955,2,2.0,,11.0,0.0,0.0
517,1,4.0,1.0,0.0,98.6,0.0
517,1,4.0,4.0,0.0,98.6,0.0
720,5,4.0,1.0,0.0,98.6,0.0
720,5,4.0,4.0,0.0,98.6,0.0
918,2,4.0,1.0,0.0,98.6,0.0
918,2,4.0,4.0,0.0,98.6,0.0
956,4,4.0,1.0,0.0,98.6,0.0
956,4,4.0,4.0,0.0,98.6,0.0
308,3,1.0,1.0,0.0,290.52,0.0
308,3,1.0,4.0,0.0,290.52,0.0
957,2,1.0,1.0,0.0,290.52,0.0
957,2,1.0,4.0,0.0,290.52,0.0
551,5,5.0,209.0,17.0,0.0,0.0
958,3,5.0,209.0,17.0,0.0,0.0
959,2,1.0,1.0,1.0,0.0,0.0
959,2,1.0,4.0,1.0,0.0,0.0
315,4,1.0,209.0,0.0,0.0,0.0
657,2,1.0,209.0,0.0,0.0,0.0
678,5,1.0,209.0,0.0,0.0,0.0
960,1,1.0,209.0,0.0,0.0,0.0
961,5,5.0,1.0,0.0,0.0,0.0
961,5,5.0,4.0,0.0,0.0,0.0
962,1,1.0,1.0,0.0,0.0,0.0
962,1,1.0,4.0,0.0,0.0,0.0
963,3,5.0,209.0,0.0,69.66,0.0
139,3,5.0,259.0,0.0,0.0,0.0
650,2,5.0,259.0,0.0,0.0,0.0
964,5,5.0,259.0,0.0,0.0,0.0
965,4,1.0,1.0,0.0,281.81,0.0
965,4,1.0,4.0,0.0,281.81,0.0
24,5,5.0,1.0,0.0,0.0,0.0
24,5,5.0,4.0,0.0,0.0,0.0
966,1,5.0,1.0,0.0,0.0,0.0
966,1,5.0,4.0,0.0,0.0,0.0
992,2,5.0,1.0,0.0,0.0,0.0
992,2,5.0,4.0,0.0,0.0,0.0
967,5,5.0,1.0,0.0,0.0,0.0
967,5,5.0,4.0,0.0,0.0,0.0
968,3,2.0,1.0,0.0,0.0,0.0
968,3,2.0,4.0,0.0,0.0,0.0
969,5,2.0,1.0,1.0,0.0,0.0
969,5,2.0,4.0,1.0,0.0,0.0
972,3,2.0,1.0,1.0,0.0,0.0
972,3,2.0,4.0,1.0,0.0,0.0
143,2,4.0,1.0,0.0,0.0,0.0
143,2,4.0,4.0,0.0,0.0,0.0
923,3,4.0,1.0,0.0,0.0,0.0
923,3,4.0,4.0,0.0,0.0,0.0
970,1,4.0,1.0,0.0,0.0,0.0
970,1,4.0,4.0,0.0,0.0,0.0
865,5,,1.0,0.0,0.0,0.0
865,5,,4.0,0.0,0.0,0.0
971,5,,1.0,0.0,0.0,0.0
971,5,,4.0,0.0,0.0,0.0
969,5,2.0,209.0,0.0,336.9,0.0
972,3,2.0,209.0,0.0,336.9,0.0
774,4,5.0,1.0,0.0,392.01,0.0
774,4,5.0,4.0,0.0,392.01,0.0
973,5,5.0,1.0,0.0,392.01,0.0
973,5,5.0,4.0,0.0,392.01,0.0
127,2,2.0,209.0,0.0,0.0,0.0
974,2,2.0,209.0,0.0,0.0,0.0
703,1,5.0,1.0,0.0,0.0,0.0
703,1,5.0,4.0,0.0,0.0,0.0
975,3,5.0,1.0,0.0,0.0,0.0
975,3,5.0,4.0,0.0,0.0,0.0
610,1,4.0,209.0,0.0,380.82,0.0
976,1,4.0,209.0,0.0,380.82,0.0
977,3,5.0,209.0,0.0,0.0,0.0
520,5,5.0,209.0,0.0,178.31,0.0
590,3,5.0,209.0,0.0,178.31,0.0
734,2,5.0,209.0,0.0,178.31,0.0
834,4,5.0,209.0,0.0,178.31,0.0
978,1,5.0,209.0,0.0,178.31,0.0
979,4,5.0,1.0,0.0,21.0,0.0
979,4,5.0,4.0,0.0,21.0,0.0
980,3,2.0,1.0,0.0,0.0,0.0
980,3,2.0,4.0,0.0,0.0,0.0
36,4,,209.0,0.0,0.0,0.0
981,3,,209.0,0.0,0.0,0.0
123,2,1.0,1.0,0.0,0.0,0.0
123,2,1.0,4.0,0.0,0.0,0.0
982,1,1.0,1.0,0.0,0.0,0.0
982,1,1.0,4.0,0.0,0.0,0.0
181,5,4.0,1.0,0.0,187.69,0.0
181,5,4.0,4.0,0.0,187.69,0.0
983,2,4.0,1.0,0.0,187.69,0.0
983,2,4.0,4.0,0.0,187.69,0.0
509,4,1.0,,35.0,0.0,0.0
984,1,1.0,,35.0,0.0,0.0
309,5,5.0,1.0,46.0,0.0,0.0
309,5,5.0,4.0,46.0,0.0,0.0
328,3,5.0,1.0,46.0,0.0,0.0
328,3,5.0,4.0,46.0,0.0,0.0
985,4,5.0,1.0,46.0,0.0,0.0
985,4,5.0,4.0,46.0,0.0,0.0
65,1,1.0,1.0,33.0,0.0,0.0
65,1,1.0,4.0,33.0,0.0,0.0
814,1,1.0,1.0,33.0,0.0,0.0
814,1,1.0,4.0,33.0,0.0,0.0
986,4,1.0,1.0,33.0,0.0,0.0
986,4,1.0,4.0,33.0,0.0,0.0
861,5,5.0,1.0,0.0,0.0,0.0
861,5,5.0,4.0,0.0,0.0,0.0
987,3,5.0,1.0,0.0,0.0,0.0
987,3,5.0,4.0,0.0,0.0,0.0
276,2,,1.0,0.0,329.78,0.0
276,2,,4.0,0.0,329.78,0.0
988,5,,1.0,0.0,329.78,0.0
988,5,,4.0,0.0,329.78,0.0
989,3,,1.0,6.0,276.23,1657.38
989,3,,4.0,6.0,276.23,1657.38
212,1,5.0,1.0,0.0,0.0,0.0
212,1,5.0,4.0,0.0,0.0,0.0
990,5,5.0,1.0,0.0,0.0,0.0
990,5,5.0,4.0,0.0,0.0,0.0
746,3,1.0,1.0,0.0,0.0,0.0
746,3,1.0,4.0,0.0,0.0,0.0
991,2,1.0,1.0,0.0,0.0,0.0
991,2,1.0,4.0,0.0,0.0,0.0
24,5,4.0,209.0,0.0,0.0,0.0
966,1,4.0,209.0,0.0,0.0,0.0
992,2,4.0,209.0,0.0,0.0,0.0
141,3,5.0,1.0,0.0,244.41,0.0
141,3,5.0,4.0,0.0,244.41,0.0
993,1,5.0,1.0,0.0,244.41,0.0
993,1,5.0,4.0,0.0,244.41,0.0
91,2,5.0,209.0,0.0,424.86,0.0
160,1,5.0,209.0,0.0,424.86,0.0
994,3,5.0,209.0,0.0,424.86,0.0
995,2,1.0,209.0,0.0,0.0,0.0
838,3,1.0,,85.0,0.0,0.0
996,1,1.0,,85.0,0.0,0.0
997,3,,1.0,20.0,125.43,2508.6000000000004
997,3,,4.0,20.0,125.43,2508.6000000000004
842,5,4.0,1.0,0.0,470.79,0.0
842,5,4.0,4.0,0.0,470.79,0.0
998,1,4.0,1.0,0.0,470.79,0.0
998,1,4.0,4.0,0.0,470.79,0.0
599,1,2.0,1.0,0.0,0.0,0.0
599,1,2.0,4.0,0.0,0.0,0.0
999,1,2.0,1.0,0.0,0.0,0.0
999,1,2.0,4.0,0.0,0.0,0.0
1000,1,5.0,1.0,0.0,0.0,0.0
1000,1,5.0,4.0,0.0,0.0,0.0
